,lat,lon,EVI2_Growing_Season_Area_1_co2_r
655,30.5767,104.0594,-0.888579269849296
601,27.0803,114.9754,-0.8844730511066768
477,29.2617,117.1547,-0.8817957477739112
200,30.6145,116.9896,-0.8707429053549096
597,25.0441,101.5482,-0.8700168181915369
554,22.5545,114.1063,-0.8641559600106437
579,30.0003,120.5483,-0.8635078034421477
598,26.4214,111.6156,-0.8592180597857196
446,27.6434,113.8385,-0.8579741926861868
541,27.7044,111.9892,-0.8388033027351927
337,31.3097,120.669,-0.8381769521997852
467,29.334,120.04,-0.8366263925130079
273,37.7541,115.6838,-0.8356408927312227
316,31.7964,117.3027,-0.8294670201993407
55,31.4668,104.6697,-0.8195171376832286
550,30.3714,114.8989,-0.8169692949006715
117,36.4372,115.9848,-0.8169265138946152
567,26.0746,119.317,-0.8107273754321834
479,27.7019,106.9242,-0.794961703692894
147,30.9891,112.1969,-0.7893898789529777
247,30.9412,117.8177,-0.7873202556714265
513,25.0992,104.8811,-0.7768789161962393
635,23.691,113.0426,-0.7747767598053785
336,31.2472,120.561,-0.7734314742760829
666,26.5424,106.674,-0.7651682238296699
54,31.4535,104.7563,-0.7650537478575719
194,33.0706,107.0154,-0.7615076694186576
575,30.4576,106.6303,-0.7611294411048461
38,36.6868,117.532,-0.7535119970414953
171,35.5307,106.7021,-0.7470985046983041
351,32.4639,119.888,-0.7446000083436295
442,36.7729,119.1936,-0.7444217989949214
230,35.0303,110.9686,-0.7438499706130327
165,35.7609,115.0574,-0.7390376549385191
134,32.9735,112.5003,-0.7376203451630038
428,30.7819,111.3275,-0.7320530603985085
189,31.1986,107.5082,-0.7195036220535872
309,36.0658,120.4134,-0.7177787526303555
205,41.998,121.6094,-0.7156806409301701
475,29.3867,117.3102,-0.7131440656117446
57,31.1317,104.3826,-0.7102263568725768
520,30.1506,104.6356,-0.7082384761451184
460,31.882,120.55,-0.7046011734229503
587,31.9996,118.7356,-0.702625719277996
562,22.2281,113.299,-0.7025615448585659
532,27.725,111.9975,-0.6999527855599502
215,40.761,107.4212,-0.6972807536731004
274,38.3254,116.8584,-0.6896738254481004
607,29.2956,117.2461,-0.6759897063279641
641,24.7791,113.6735,-0.6722443697991103
613,30.7525,120.7846,-0.6692736719466569
422,32.0023,118.7752,-0.6662803591007022
131,33.6128,114.6613,-0.665320336999132
437,27.9153,113.0048,-0.6622045871627296
638,23.0822,114.4053,-0.6592113569627518
569,26.8906,100.2203,-0.6571465358625377
28,34.6886,112.494,-0.6570683183938006
408,27.0968,115.0093,-0.6546561927745901
84,30.6306,104.1122,-0.6519552634454041
339,32.0005,120.86,-0.6510998090620834
498,34.7178,113.7329,-0.6481156332619107
342,32.1065,118.8086,-0.6304522848870413
325,33.5981,119.036,-0.6299018349609629
526,27.8851,102.2685,-0.6269961533702052
282,30.1808,120.0883,-0.6164115585438528
395,39.1082,117.237,-0.6147695780696911
288,30.2692,120.1903,-0.6115738670577661
664,34.6692,112.3628,-0.603236799800308
418,28.2642,117.0564,-0.6010581585308602
330,31.6219,120.275,-0.5984993886039256
67,40.7094,122.2703,-0.5978017354278419
546,30.9285,113.9153,-0.5881201367786132
332,45.6842,126.6206,-0.5866624677626887
570,27.9939,120.6748,-0.5859468906988636
667,26.6027,106.7109,-0.58342749477703
225,37.6945,112.7532,-0.5833690397540251
549,28.9398,118.8692,-0.5807445630641632
272,37.0886,114.4704,-0.5793373636174879
434,29.4758,113.2621,-0.5769280460726299
87,34.2322,108.8922,-0.5660338070139821
497,28.2597,112.9792,-0.5625442709344209
456,29.7178,118.327,-0.5597192598518925
547,44.5782,129.6115,-0.5594608276052644
531,29.5822,105.0406,-0.5592047864034435
373,43.79,125.4605,-0.5570493985117246
59,30.8023,106.0789,-0.5422765552295873
331,31.5475,120.354,-0.5406999547062862
250,50.2524,127.4833,-0.5368786155798938
376,43.8463,125.2841,-0.5252839349321058
157,31.7905,116.4996,-0.5246336690908084
116,37.4451,116.2991,-0.517754665568941
35,34.3617,108.7233,-0.5151035955818308
624,35.878,120.005,-0.5149355714156569
444,25.2697,110.2819,-0.510348229676061
605,27.2442,111.5283,-0.5096196359892348
65,40.6288,109.8642,-0.5080766309235141
148,33.5698,114.0261,-0.507515313812416
661,35.4828,112.8271,-0.506117273059458
344,34.2761,117.179,-0.5056529577331036
222,39.3522,112.4397,-0.5044899799956053
665,31.751,119.579,-0.5015774349081262
514,28.6842,115.9314,-0.5015025168584747
620,27.7314,112.0194,-0.5004700512588512
346,32.0309,118.8109,-0.4935702411272776
544,39.7443,98.5061,-0.4929545820057097
610,30.8955,120.0875,-0.4923037208372825
25,41.3472,123.8142,-0.4912552455750247
340,32.02,120.87,-0.4896602945456196
491,43.941,81.3364,-0.4880128213321519
232,37.5211,111.1406,-0.4830150752516149
391,38.8394,117.457,-0.4813845629893343
184,30.1256,104.6296,-0.4805841577966492
153,32.8929,115.8277,-0.475415758172782
393,39.0927,117.202,-0.4753639288206185
511,26.8919,112.6006,-0.4748486170960947
164,35.7636,115.0312,-0.4718494819141959
271,37.0851,114.5237,-0.462418233930756
195,33.1138,107.0089,-0.4621740491871456
436,28.9703,111.6975,-0.4601200883844174
476,46.7432,82.9994,-0.4558026916664054
416,28.2264,117.0222,-0.4496101537624217
487,46.098,85.6979,-0.4416344616225069
636,23.4714,116.7519,-0.4369213399442971
183,31.7275,113.3583,-0.4366791321592311
542,27.7569,111.9561,-0.4341050237591939
150,33.5699,114.051,-0.4215811372971782
152,32.2786,118.3244,-0.4193911623198176
166,31.0386,112.2213,-0.4148776742466765
199,30.2756,118.1371,-0.4136439106317161
644,37.4658,118.5019,-0.4132295989547592
410,27.9831,116.3544,-0.4018314273290577
210,42.2217,123.7153,-0.400689297892726
149,33.5698,114.0055,-0.3960261761700287
608,27.5444,109.9453,-0.3923529495850515
40,32.1059,114.1099,-0.3915879358612743
623,33.5828,114.0138,-0.3911640087789802
101,36.2125,113.0886,-0.3899257423162252
504,26.4364,111.5992,-0.388750493603734
538,28.2675,109.6958,-0.3870529733109435
308,30.6217,114.3646,-0.3833721212445222
481,27.8403,112.9118,-0.3821749087229908
64,40.6821,109.8538,-0.3729423848013863
367,45.7733,126.689,-0.3716639786586455
255,45.6077,122.7911,-0.3685025266823021
406,30.1819,120.2697,-0.366812823382387
493,31.9037,102.224,-0.3635087753580154
631,27.8614,112.9433,-0.3620493352829975
386,40.217,116.2296,-0.3591288273546903
162,35.7306,114.2878,-0.3586390880227093
43,36.1017,114.3551,-0.3575688268350783
180,36.1911,113.1569,-0.3567698647300794
379,30.6319,114.135,-0.3550092540413025
235,41.9419,126.4077,-0.3547958822060351
536,23.4835,111.2711,-0.3538761349673706
472,35.176,113.2467,-0.3519940259909788
1321,40.72099,-74.192894,-0.3498437962273183
335,34.2778,117.2933,-0.3492620362745336
447,31.388,120.953,-0.3482329483829609
388,38.0178,114.5331,-0.3457836427934048
154,32.8605,115.8554,-0.3454527114450695
1272,40.084515,-82.81558,-0.345402167193272
649,28.793,104.6055,-0.3450091070527337
174,42.8172,93.5128,-0.3440576208099905
489,36.881,118.746,-0.3375751383617466
56,31.1208,104.4239,-0.3367675077037854
92,38.5036,106.1358,-0.3366267419979639
284,33.5039,119.135,-0.3359111916913234
506,27.7344,109.1839,-0.3351015976806447
312,31.3019,120.591,-0.3313495138587264
1245,33.81468,-80.781136,-0.3313266826345591
144,32.5714,110.8839,-0.3300176935091226
1249,36.306965,-79.09197,-0.3294088234777789
650,28.7728,104.6201,-0.3284496207184055
519,30.1383,104.6295,-0.3281677175920266
1296,43.4351,-89.67979,-0.3244989684670436
1277,39.42689,-84.20077,-0.3213491363353112
1392,38.71085,-90.47606,-0.3207201482520353
1248,41.4271,-80.1451,-0.3205673033617178
220,35.4936,112.8318,-0.3191464212445242
1439,39.310833,-76.47444,-0.3138628346289519
1328,41.05192,-73.76366,-0.3123431356989284
1388,37.70097,-94.03474,-0.3122998300664364
8,44.5963,129.5904,-0.3106342288203352
1350,42.51831,-89.06347,-0.3095877302948471
501,26.2081,111.6217,-0.3092675450651252
350,31.7069,119.9468,-0.3065381870647621
1315,42.139996,-87.799225,-0.3056239454260956
151,30.9743,118.7385,-0.3040759196816747
1440,47.5525,-122.06472,-0.3028059437520748
44,36.0681,114.361,-0.2981937242104102
462,31.955,119.18,-0.2947459422724162
1442,32.52127,-84.94463,-0.2897621470187284
1429,40.689255,-122.40219,-0.2889047212494053
586,35.7668,115.0,-0.2856688529754624
1432,36.60843,-83.73694,-0.2844674922583821
378,43.9166,125.3325,-0.283193159113152
275,38.2991,116.8842,-0.2821159073632751
1255,38.013332,-87.577225,-0.2813545381286551
616,38.0378,114.5481,-0.2787156772329244
421,27.8246,114.9231,-0.2780322745138125
432,29.7228,106.6263,-0.2779247821600772
362,40.7866,111.5512,-0.277670562264458
107,37.8486,113.5819,-0.2770468041162456
1318,42.04915,-88.273026,-0.2764367296028097
1382,38.06503,-84.49761,-0.2749396753917954
123,34.5578,117.7276,-0.2739466682348648
31,34.3017,107.0708,-0.2727027066824619
1295,41.6175,-87.199165,-0.2725309428747037
142,32.395,111.0419,-0.2705231905334893
1421,39.46048,-76.633545,-0.2703986628102374
648,28.3611,112.9581,-0.2702857162721038
290,37.9854,112.549,-0.2701175903479786
496,26.5939,104.89,-0.2698398431187561
1398,27.939747,-82.000084,-0.2694957002945762
11,46.408,124.902,-0.2676271965650236
143,32.6494,110.78,-0.2672157302309478
323,33.575,119.007,-0.2671537561507681
188,30.5232,105.5582,-0.2663863773956871
1343,41.78472,-72.63167,-0.2613157856456358
1356,39.96111,-77.475555,-0.2597136619450398
423,32.0754,118.7997,-0.258570401025505
292,37.8692,112.5369,-0.2553502184494353
349,45.7258,126.6411,-0.2527988603784781
93,34.9976,118.2794,-0.2527759109500468
478,27.72,106.9178,-0.2514977187272728
578,39.1067,117.1941,-0.2512035960032464
454,29.6963,118.2903,-0.2470273499246326
495,28.1944,113.0014,-0.2458853040516765
630,27.9119,112.9074,-0.2445954493296167
1275,41.55523,-81.57526,-0.242959886086237
233,37.5136,111.1297,-0.2417341458076693
494,25.7759,113.0348,-0.2411804967119194
527,27.8914,102.237,-0.2411754574200908
1276,38.81194,-76.74417,-0.2405281642540697
1449,27.946688,-82.731766,-0.2361208169436245
46,34.7965,114.2885,-0.2355506867099438
212,41.5646,120.4521,-0.235451780454168
186,30.2981,109.4978,-0.2349919751994766
580,30.4519,114.8858,-0.2341535122352681
90,36.1031,103.631,-0.2339741686121014
9,44.6075,129.6364,-0.2331565890057696
1297,48.5103,-113.99681,-0.2317470637775195
1389,39.40745,-94.26537,-0.2313557911544106
459,31.656,120.734,-0.2296405848090454
136,34.4045,115.6458,-0.2278864983225104
1380,44.310555,-84.89187,-0.2236932371113045
121,36.4847,117.8525,-0.222481966868402
246,33.9477,116.7856,-0.2223922802397236
5,47.3227,123.9483,-0.22229163219463
1262,36.085506,-83.76481,-0.2210717061253684
278,39.5111,116.6708,-0.2203988286770836
299,34.80246,113.67526,-0.2186278697908396
51,30.7856,106.1064,-0.2172215574993674
287,33.9592,118.2442,-0.2170400999639278
326,45.7319,126.685,-0.2129803330599247
1339,38.8577,-77.05922,-0.2127573076018031
173,42.9559,89.1673,-0.2123717658133979
128,36.1937,117.1437,-0.2123634523935416
566,28.0089,120.634,-0.2114626700296388
1305,46.0519,-89.654,-0.2085724442618062
321,36.6133,114.484,-0.2078986255212626
95,36.1856,113.0844,-0.2024871447793367
1183,51.303394,6.819887,-0.199691920003643
1341,29.625557,-95.26722,-0.1983625833557732
49,33.737,113.2919,-0.1979799761004219
1092,48.19223,14.51954,-0.1971581899211788
539,28.3169,109.7325,-0.1969254478884881
381,39.8863,116.4072,-0.1965939300489109
1028,44.39703,8.20604,-0.1964235040147403
908,49.73508453,16.03419685,-0.1949745486455681
796,48.1061111,15.91944444,-0.1949457642473978
217,39.3278,112.4072,-0.1905263968749034
1289,35.379166,-82.7925,-0.1903510140391741
830,48.733256,19.115268,-0.1895584787428111
535,28.19,112.9394,-0.1881975635387472
1372,46.81826,-92.08936,-0.1880264994019852
1381,38.548138,-82.73116,-0.1867940539021984
1371,27.189215,-81.34035,-0.1859452028467562
219,35.5051,112.85,-0.1859385729116135
302,30.558,114.2529,-0.1839960256853963
903,50.37658691,13.32762241,-0.1834370183798927
484,35.546,112.8453,-0.1829617702140892
389,38.0058,114.4586,-0.1822162411089467
777,46.13111418,14.99611517,-0.1815917450268464
911,50.11108017,14.50309563,-0.1804538781049602
940,48.248993,16.357079,-0.1800235781889222
733,48.051117,7.011114,-0.1778262635471146
633,36.5819,101.834,-0.1754121761828665
295,40.762,114.8902,-0.1750911458247998
403,27.1312,114.99,-0.1750195754146308
1122,43.867496,18.423061,-0.1731022209183263
1411,34.623238,-82.53206,-0.1703873898536299
1190,49.784339,22.756239,-0.1693908354982511
874,45.60822,5.270872,-0.1689172370027101
927,54.88361,-1.406878,-0.1657958176597885
735,45.475327,4.515003,-0.1652365615145961
850,42.637192,23.243864,-0.1650491185561277
891,42.516944,1.56525,-0.1640880158185127
1109,54.334944,-0.80855,-0.1639997625800125
817,47.8055556,13.043333,-0.1623641752059939
319,38.9108,115.4713,-0.1620900617468578
1441,31.188932,-85.423096,-0.1612423396992754
1414,40.046665,-76.28333,-0.1576854675671504
34,34.3622,107.2386,-0.1569683985935107
1018,45.000278,9.009444,-0.1551273323325576
656,36.0822,111.5169,-0.1550442434730266
1023,47.44739,-0.550067,-0.1548688767565575
1070,48.889039,8.665536,-0.1543445953127309
1299,63.7232,-148.9676,-0.1525411325504404
1357,42.14175,-80.03861,-0.1525177650306415
715,43.6287,0.179069,-0.1523149030326333
315,31.8571,117.25,-0.1499965318139522
130,32.1195,114.0775,-0.1496137615374834
692,47.660056,9.485675,-0.1495702681657013
743,58.370556,26.734722,-0.1489034615705431
1006,51.27399,1.098061,-0.1486227989514404
754,49.744886,21.454617,-0.1475034862262138
1402,43.656765,-70.629135,-0.1474456508848254
458,31.381,120.999,-0.1459922648254095
1081,51.90158,10.48132,-0.1450678303895803
647,36.8406,118.0253,-0.1444819227774838
800,45.655,10.20083,-0.1437290105208192
695,49.50260925,18.53856087,-0.1434664563256415
1118,50.65844442,5.627835291,-0.142770914832399
930,51.746848,14.33447,-0.1419958550100691
1024,47.054443,-0.886111,-0.139505161141479
146,32.1142,112.1825,-0.1381440758970467
69,40.6655,122.167,-0.1369944474729335
1100,50.85671305,4.425760659,-0.1364901721957568
755,51.259431,22.569133,-0.1359589542723447
328,31.1654,121.412,-0.1353491067951717
893,45.7789,4.9247,-0.1350975151763594
182,36.5446,104.1724,-0.1350180246680115
297,36.3083,120.3999,-0.1339017166222123
693,43.30277777,-1.98444444,-0.1333593054495582
260,47.3382,130.1097,-0.1331594003836981
1166,41.04,21.3564,-0.1327695246748155
710,49.23290634,17.66717529,-0.1306502289853052
1209,50.912475,15.31219,-0.1301460949618129
1180,56.15976,10.19364,-0.1289628253299422
1045,41.932892,12.506947,-0.1282372498551384
1313,38.86067,-90.10585,-0.1279992592955181
894,50.159406,19.477464,-0.1274184440776538
1091,46.708333,14.891667,-0.1265729439591344
863,52.602056,11.850274,-0.1264984275431913
1274,41.53694,-81.45887,-0.1256189301156368
509,27.3125,105.2864,-0.1248134951854483
1207,38.748611,-9.148889,-0.1246880281267769
348,32.0551,118.7538,-0.1242047071394658
915,44.4122,8.1695,-0.1237171413513222
1259,29.767998,-95.22058,-0.1207113907538582
1251,35.59095,-78.4622,-0.1200657658686157
731,45.0419,7.6259,-0.1189440464476716
1059,48.18169,11.46445,-0.1184122928847128
683,45.6725,12.238611,-0.1175297381910007
1438,35.206112,-111.65278,-0.1170950873111408
1003,48.77586,5.162789,-0.1148495931332527
281,37.8873,112.5139,-0.1144365997833735
359,41.7406,123.505,-0.112788328779778
992,47.538193,6.868361,-0.1122750430141262
668,26.5161,106.694,-0.1116655709414646
1447,40.74529,-73.41919,-0.1102612489115374
464,31.354,119.818,-0.1100671428616448
1359,40.46542,-79.960754,-0.1091710794842393
806,47.128863,10.034324,-0.1091675258813838
457,36.253,120.014,-0.1078354241097962
913,50.08148193,14.4426918,-0.1077101991701391
1291,39.9878,-79.2515,-0.1045412764347805
759,45.84083,9.34889,-0.1037835286312496
1367,41.3014,-72.90287,-0.1027146206237628
833,47.71611111,13.63222222,-0.1026423912059017
409,27.7844,114.3956,-0.1008048641827663
1067,51.651166,12.302866,-0.1005988363997648
252,45.1214,124.8006,-0.1000415462760413
827,45.193889,9.164722,-0.0990970344510753
919,48.376576,10.88837,-0.0988683579078059
1191,48.445553,0.110833,-0.0981547418412678
124,35.4209,119.471,-0.0963536348345207
1144,42.58194,12.62361,-0.0956619627742154
1065,48.947611,13.420573,-0.0953681502206405
1008,45.42009,4.395422,-0.0950628681106133
14,31.6837,118.5092,-0.0948120966463964
1225,41.31347521,2.013824628,-0.0939437319456953
758,45.47833,9.23583,-0.0918970297270247
778,45.54301186,13.71352366,-0.0916096166498736
218,33.6406,114.6369,-0.0907955333965175
855,42.142889,24.765239,-0.088871953607783
1320,40.136337,-111.6605,-0.0886020763298895
654,28.4586,119.93,-0.0884916292201358
155,31.737,116.5079,-0.086066664178719
772,45.515278,10.219444,-0.0855734094774737
627,22.5978,114.297,-0.0845382845838718
500,30.2798,109.4707,-0.082704042405223
109,42.2816,118.9233,-0.0822640639505686
1097,51.05833172,3.729298172,-0.082125154385316
1307,43.7775,-91.2269,-0.0810198386337028
614,32.1873,119.4424,-0.0807750022397188
904,50.78944397,14.08679867,-0.0800652830821727
88,34.3474,108.935,-0.080008776570833
571,25.0492,101.538,-0.0790481586974442
193,30.0475,101.9603,-0.0788895283143903
1453,32.41281,-86.2634,-0.0788355132561123
1029,42.53417,12.52194,-0.077561988235906
347,32.0745,118.7794,-0.0773658324285766
503,26.2331,111.6236,-0.0767963888041499
380,38.8639,115.5086,-0.0761289001013528
675,48.962223,4.36,-0.0758225256751101
1177,43.3665,-5.833,-0.0748673275240357
1400,30.439722,-84.34639,-0.0735070294079411
881,51.468662,5.47235,-0.0733925082491957
886,53.246535,6.608937,-0.0733426444932173
383,39.9611,116.2878,-0.0731992546102159
1126,49.079012,19.3025249,-0.0726624263399286
1433,40.56252,-80.503944,-0.0725590678254362
1021,45.89,0.9,-0.0688195706654754
752,45.3189,8.4024,-0.068186835484973
126,37.5433,121.3719,-0.0671397481609215
361,32.4625,119.9189,-0.0671324839026391
558,29.7535,116.0721,-0.0651671975332802
4,47.3386,123.9488,-0.0646622509716213
846,47.105278,17.556667,-0.0637757838387001
858,42.732292,23.310972,-0.0621245351472097
1181,50.30886,2.807369,-0.0617587571251934
1105,59.399355,18.077416,-0.0613272444036221
792,45.760833,11.736667,-0.0602032972206007
997,55.862281,-3.205782,-0.0599635792500378
1005,44.7037,8.0333,-0.059856419352319
451,26.4365,106.6555,-0.0594754642070453
1385,38.11515,-86.60325,-0.0591157367005933
619,30.9413,117.7807,-0.0590374832187822
1014,50.32276,3.39593,-0.056777612772195
1408,40.3663,-80.6158,-0.0567348378295212
1036,51.360755,9.271233,-0.0536233169405284
1292,35.320107,-97.4841,-0.0523087877388598
722,49.40619,1.15515,-0.0502493326328853
1364,36.060894,-86.28629,-0.0473819706835528
277,39.5269,116.7244,-0.047193618073703
1004,51.52229,-0.125889,-0.0455058314351876
517,27.5578,109.9972,-0.0450567714000822
984,54.09323,10.240596,-0.0444867836619169
887,52.039023,4.359376,-0.0441448795070311
729,46.072224,5.820833,-0.0435691720078415
1080,50.970024,9.80026,-0.0434576310851122
853,41.694342,24.738078,-0.0413536821539191
952,46.951,7.44087,-0.0413476289996222
937,57.8634,11.9216,-0.0410044522206684
995,53.56414,9.967882,-0.0398560524580385
1157,47.594913,7.568175,-0.0396793039519519
1189,46.1625,12.360833,-0.0378817852322465
1052,57.70902,11.970241,-0.0371257237292062
565,26.1028,119.2984,-0.0354576648147246
1117,51.0612777,3.77526239,-0.0346525221107008
809,45.83611,8.80417,-0.0319384258170674
53,30.3544,112.2008,-0.0317360613465154
860,43.28334,5.511384,-0.0293705813101241
141,30.2092,115.0307,-0.028348798109745
242,32.8911,117.4185,-0.0258814903256989
466,31.4,119.46,-0.0254806114576383
74,41.1489,122.0303,-0.0242249493447182
283,33.6067,118.989,-0.0238684028444654
97,35.2375,115.4747,-0.0232998698685979
804,48.124711,17.125496,-0.0225681871547126
951,47.4387,8.57012,-0.0213914237299617
685,48.85731,7.314175,-0.0210376833799983
263,46.5656,131.12,-0.0206054038290551
784,55.072222,24.283894,-0.0199386312994031
172,42.9418,89.1904,-0.0192087524330791
1055,49.73244858,13.40228081,-0.0186315370403607
1194,49.18742,6.910867,-0.0177159363758863
773,48.40861,15.619166,-0.0167254811704794
1094,55.46333313,26.00416946,-0.0161429230070623
1349,43.1818,-87.901,-0.015498283277025
966,51.406846,6.965589,-0.01489341130159
1344,41.84046,-72.01037,-0.0146241597821003
1393,33.578335,-86.77389,-0.0143492290671212
671,45.499167,12.262222,-0.0140437081432165
1329,32.726658,-103.12292,-0.0136248094306029
628,34.5023,109.4259,-0.013349290337709
707,43.230297,0.062339,-0.012286749457425
781,48.167961,17.106244,-0.0118260114937203
1133,49.07655,8.40666,-0.010342616627702
962,45.957778,12.618611,-0.0097330609260194
1290,35.587143,-83.07416,-0.0075352996835601
1311,40.712776,-81.598335,-0.0067745981605526
322,36.6114,116.9862,-0.0059834135914267
1250,44.18089,-85.73898,-0.0057949514836791
384,40.135,116.6636,-0.0049100900709827
787,49.50504,5.97694,-0.0046764399662934
1063,48.326013,10.903051,-0.0019877917761027
1403,29.939613,-89.92388,-0.0019678206055259
256,45.3001,130.9762,-0.0017573356861074
834,48.257474,13.03923,0.0002596123908222
1046,40.33639,-1.10667,0.0028519500596353
979,51.396095,12.234054,0.00414364541734
1395,33.545277,-86.549164,0.0043962808154593
1047,51.862042,6.874469,0.0050110960338483
1286,36.02661,-80.341965,0.005020981887108
764,45.869995,1.31,0.0052611281088881
369,45.8167,126.561,0.0055941939401825
1397,33.331112,-87.00361,0.0062240784523728
1175,46.329586,-0.458889,0.0069846985650331
518,29.5844,103.7627,0.0072127831594639
1051,46.2311,6.07417,0.007711406636833
1390,38.65643,-90.19835,0.0080858810183856
1445,35.988277,-77.5843,0.0096106263250174
1108,40.3419,-3.8337,0.010224965421908
435,29.355,113.2117,0.0104419497073653
574,38.497,106.1015,0.0104850038589711
662,35.4887,112.8508,0.0105721209614504
983,41.947654,12.533667,0.0126397013462127
1040,53.060045,8.916966,0.0152844902077944
1078,41.03028,21.33667,0.0156252294590893
1310,45.2384,-86.994,0.0168840406864136
1413,41.094967,-85.101814,0.0175184238724581
1294,44.735977,-68.67075,0.0180788775743495
934,47.5292,9.9267,0.0209869153209101
1309,45.56498,-88.80859,0.0224907574323754
192,33.8715,109.9154,0.0227868011454756
1195,50.0075,20.259167,0.0239543872952131
1158,51.748103,18.04931,0.0244328410783258
965,45.59667,5.918611,0.0253744285323358
1446,43.670834,-110.59947,0.0255330253942652
1391,39.749027,-86.18627,0.0257298825730198
372,38.8661,121.5213,0.0260089216629884
856,42.680558,23.296786,0.0262095844743681
1263,36.019184,-83.87381,0.0271151974641732
805,46.05184,11.45389,0.0274551174013635
801,45.463333,10.480833,0.0276648573393838
1260,32.82006,-96.860115,0.0287158079782669
783,41.669172,13.674326,0.0293081538683499
1302,37.1655,-78.3069,0.0297853931852514
1039,50.766815,7.973542,0.0298768146221033
1098,51.15013609,3.80873543,0.030300931921321
296,40.8336,114.8883,0.0314391270316385
33,34.3739,107.1186,0.0334385587288056
981,50.731478,13.75145,0.0335092451418837
1066,45.263142,27.969506,0.0343564697851894
700,43.610497,2.23015,0.034429172436998
808,48.782852,20.987197,0.0369358858608915
426,37.3753,97.3731,0.0378639726223788
433,32.0931,118.6414,0.0379220997513389
1165,43.0819,-1.9127,0.0382664049983247
453,26.567,101.7227,0.0392186990479576
548,28.9666,118.8709,0.0393494544941752
452,24.5058,118.0936,0.0417301364647106
866,50.979455,11.037924,0.0424736583847456
249,30.97,117.8483,0.0426975588078866
1229,47.3815,8.56592,0.0433844779067901
42,34.6258,112.4267,0.0434416312033378
975,49.628771,8.364779,0.0437876291274299
156,31.7643,116.4738,0.0453425434924706
837,44.73473,9.36693,0.0454740799980501
950,50.46519216,3.939714326,0.0476859206930689
1107,50.6134125,5.570222814,0.0506563148474885
1176,44.825,11.649722,0.0510032813628136
1256,39.48599,-87.40131,0.0515782952511264
799,47.09436111,15.41511111,0.0517625888983173
490,36.864,118.78,0.0519866545262036
677,43.2561,-5.7759,0.0520384744499626
197,38.2839,109.7289,0.0522884214585595
145,32.0564,112.1392,0.0525676719876292
1204,41.886019,12.541618,0.0530537174728955
1218,51.028931,7.004976,0.0534750235596268
226,39.9289,116.4174,0.0543360326832357
958,47.0495,6.97915,0.0553750961832896
305,39.9041,119.5251,0.0559982877310088
445,27.6253,113.8493,0.0562632335491742
935,50.88369465,4.382977505,0.059197832511605
765,45.809998,2.06,0.0614085469173742
286,33.9528,118.293,0.061987476636591
1241,35.507225,-82.96362,0.0627785230762162
1422,44.616943,-86.109406,0.0648835003972643
686,48.610363,7.781631,0.0658078221657062
1072,49.634841,9.657919,0.0686679628115373
1002,53.37287,-3.022722,0.069534558929986
1116,51.34879529,4.339709947,0.0707364620271989
705,45.5588,8.0564,0.0708586702087913
345,34.2384,117.1918,0.0718169105651744
964,49.300731,8.700103,0.0720450070358762
1131,46.112775,24.22805,0.0728133501711617
313,31.7848,117.1959,0.0733763803497298
1269,44.351696,-68.22698,0.0740762283932703
985,49.351124,8.423,0.074232042553133
961,50.79664963,4.358623958,0.0746361440015254
967,53.480927,9.857223,0.0748886043263198
1174,52.077148,4.289185,0.0763557051618877
473,26.6272,118.1756,0.0763806223304268
1337,38.20087,-77.37742,0.0775155308401487
198,32.6939,109.0281,0.078489563778458
1265,35.233475,-85.18158,0.0787722612128955
678,50.836389,19.130111,0.0794502640865984
1062,51.321364,12.032141,0.0797828187322251
1340,29.723333,-95.63583,0.0802011901926643
414,26.585,101.7169,0.0802059911875156
1351,29.733727,-95.25759,0.0819147615996297
1145,50.42864609,14.91385937,0.0824950930962352
870,52.800773,10.756733,0.0828150063510683
303,36.5713,114.4918,0.0829765006489369
167,30.4742,114.9028,0.0832866401075851
1185,51.536893,7.457409,0.0834278099347569
797,46.7675,15.956111,0.0844208073759852
1044,53.064262,14.285139,0.0857922280936922
270,37.7124,112.469,0.0862420225283085
825,48.04944444,14.44277778,0.0864622007213389
865,50.978292,10.317236,0.0892331452658066
139,30.2006,115.0817,0.0902757608804638
1020,45.560556,11.539722,0.0903247741113717
245,32.633,116.8281,0.0908691565966632
71,40.1503,124.4256,0.0915159585498619
1330,40.92458,-75.06782,0.091633949745391
925,52.99875,11.73846,0.0919391388775561
516,27.5342,109.9781,0.0921997988109672
988,47.34414,0.653778,0.09343947027628
1169,45.84299,13.54308,0.0936587418451203
688,45.1828,5.7531,0.0943106248003917
949,50.81487387,3.322494319,0.0953669774101729
1338,38.48123,-77.3704,0.0960045772763081
1322,40.816,-73.902,0.0972807024840587
831,45.148333,9.940278,0.0980029885610878
1423,35.43477,-83.44213,0.0990023099909621
1146,49.514959,8.402331,0.0990123711093516
991,47.2474,6.015419,0.1006284559054358
463,31.909,120.237,0.1009786349259771
127,36.7023,119.1437,0.1013763485148166
1386,41.81305,-88.07283,0.1016083303147146
933,46.401944,13.011111,0.1024789737576776
1217,53.24696,10.4565,0.1025270522570794
976,45.56472,5.928333,0.1033260188079167
780,46.58967,11.43317,0.1046937102775349
1323,43.14618,-77.54817,0.1058513979039389
187,32.4287,105.8628,0.1063520982273666
430,29.3578,113.1094,0.1067993982435737
786,46.80138889,13.49388889,0.106993665560485
954,67.878588,21.062962,0.1099641981238341
987,49.052284,8.253538,0.1100532943646632
507,27.2272,111.4328,0.1103371068393409
412,25.8333,114.9322,0.1135141312869339
214,46.0656,122.0392,0.1136354423308832
1384,42.334984,-89.03777,0.1155124245573895
1287,36.109005,-79.802315,0.1156699685506946
1416,39.28102,-78.08157,0.1160146249377974
1325,44.08747,-75.97316,0.1160989843320179
425,29.9572,121.713,0.1162488355309093
390,39.9136,116.184,0.1163863049121056
7,44.561,129.61,0.1176025843296912
629,39.8261,109.9486,0.1177891789799294
1270,41.515053,-81.24991,0.1191999340714089
79,35.0532,118.3429,0.1192789615419167
838,45.1391,7.0501,0.1198035968831411
691,48.001511,7.832122,0.1203002322570249
717,43.404011,21.947746,0.121741900181864
955,47.4067,9.39438,0.1220522049848376
716,49.94498825,17.90953064,0.1220942481138933
762,45.158745,1.537222,0.1222484676681927
83,34.3731,109.2186,0.1230632619100628
537,23.7233,114.6892,0.1248070660922262
1306,44.70735,-89.77192,0.1250639397486798
725,49.02134,1.148319,0.1258555915222123
826,45.1546,7.658,0.1292023483382879
1193,42.39197569,2.842138412,0.1294523885441011
1096,51.838221,5.856938,0.1297748273334096
897,60.22393,25.10244,0.1298307513898142
1060,46.564369,26.910667,0.1299720725797463
1178,40.39472222,-3.73194444,0.1300539446528011
1383,39.117218,-94.635605,0.1306809977840013
842,47.091111,17.901122,0.1307986703807438
1266,36.0388,-85.7331,0.1319129992228521
714,53.134088,17.995712,0.132528525376372
1099,57.810833,15.564736,0.1345406921899243
1148,45.1619,5.7356,0.1361806852837371
890,47.2225,-1.5375,0.137468324222637
1454,39.96528,-76.69945,0.1374920267755658
1082,50.16443,9.399441,0.1376352839689283
1069,52.398406,13.368103,0.1377775627298847
917,47.72514,10.306561,0.137917108234402
1077,43.21291,-3.1344,0.1384275336644365
508,28.1308,112.8908,0.1385247058082687
795,48.2702,16.2972,0.1391708231959008
1288,30.229652,-90.96563,0.1398985623717432
492,26.3108,117.7275,0.1411918828831282
941,47.04027778,14.330725,0.1413576442425696
60,41.0971,122.9642,0.1432300177795588
1230,49.28222,4.051111,0.144602375382598
847,41.97833,21.47,0.1453613549547125
204,38.8411,105.6985,0.1465710855473657
207,41.1953,123.2,0.1466836224722749
824,44.5,11.286111,0.1478299661267899
757,43.15333,-4.25306,0.148375838414573
822,41.99917,21.44084,0.1492951143329633
969,51.453459,6.86505,0.1496081169405541
750,43.2757,-5.596,0.1521454013464877
1278,41.24045,-80.66272,0.1525537951327431
832,48.53111111,14.57472222,0.154937104919005
1426,30.848612,-85.60389,0.1550249865917935
1073,48.507703,9.051178,0.1557079379671971
1455,38.23887,-82.9881,0.1565369780558092
23,41.2864,123.7669,0.1571297174837505
48,33.742,113.3257,0.1575780841547549
854,42.666508,23.400164,0.1577949081245659
687,45.183611,11.311389,0.1582946518557222
553,24.8978,118.5972,0.1591679045887776
1273,39.70595,-79.012,0.1604987438239852
545,36.0621,114.4839,0.1616571711251794
1308,42.5956,-87.88576,0.1618272427999421
438,27.8336,113.251,0.1632324712825535
920,49.869422,9.171544,0.1632845669027148
341,34.5885,119.176,0.1634832651679427
488,43.9174,81.2996,0.1636119905129682
1365,41.61524,-71.72,0.1638961639541565
1300,33.43395,-84.16181,0.1643624313607829
1246,33.342224,-81.788734,0.1648519524244183
679,48.899233,9.172792,0.1658639570810487
749,43.313,-7.6937,0.1659147211726964
1443,39.399837,-119.73961,0.1665525703446703
417,28.2475,117.0311,0.1670324322339555
726,43.3069,-5.7057,0.1685834690613738
928,51.5645,14.3764,0.1694134660325327
300,34.81334,113.56746,0.1697350309000172
1425,40.304695,-79.50567,0.1700047308974491
12,46.586,125.153,0.1701958641791698
923,51.054558,12.141322,0.1703272034360259
363,40.8062,111.7276,0.170395675751657
968,50.889871,6.985074,0.1714630926789447
1147,52.115725,21.237297,0.1723630398663655
821,45.1758,7.5602,0.1750605464526335
694,54.124819,22.038056,0.1758900377871927
959,47.513333,21.624444,0.1767358527995032
158,33.8518,115.7789,0.1786547746050108
160,35.9019,114.17,0.1799799559478505
701,46.13167,9.56639,0.1827045751498753
47,35.2127,113.2269,0.1829912930384721
814,45.79728,3.113833,0.1834521781310587
1216,51.54052,5.85307,0.1840499233487572
718,41.096667,-8.555833,0.1840547119272894
439,29.1217,110.5319,0.1848707256688156
970,51.698954,7.122684,0.1856569340118428
1068,47.145014,23.877389,0.1862900730505181
1222,49.23074,7.003174,0.1868705968191205
120,36.8103,118.0414,0.1880581126914028
419,30.3119,120.1197,0.1892114323077288
404,24.8886,102.8204,0.1903267321886246
1103,47.4029,8.6134,0.1914634652119553
1427,39.52508,-119.80772,0.1935582091772429
1271,40.0877,-82.95977,0.1943061031264106
1114,51.45258,0.070766,0.1974689752943655
29,36.6028,109.4761,0.1975414881704967
577,30.6558,104.0219,0.2001757905261025
1347,37.71325,-119.7062,0.2009643893712454
882,51.60308,4.781016,0.2010192252885096
690,44.3818,7.5382,0.2011931611353304
604,25.8481,114.9461,0.2024117595381888
534,28.2053,113.0792,0.2028572126906402
1017,53.187222,-6.121667,0.2029219178359456
709,52.407578,20.955928,0.2032006708004144
499,34.77172,113.73961,0.2041501000726974
1048,43.5589,-5.9275,0.2044369058217015
203,43.9311,116.0781,0.2046042721625379
465,31.737,119.579,0.2046492237193196
320,38.8632,115.493,0.2079215573884224
132,33.6347,114.6758,0.2094400898826866
530,31.2827,107.5277,0.2097255214012774
1074,43.5512,-5.9197,0.2109900636773057
929,51.897598,14.057064,0.2122666616637381
1358,40.24699,-76.846985,0.213771987552391
1326,42.68075,-73.75733,0.2145111187338563
708,43.09625,-0.040497,0.2149548938060858
1043,45.411864,28.005967,0.2152091180000264
333,45.7478,126.593,0.2152500131248922
18,41.8491,123.7977,0.2165883469138655
794,65.04338,25.4979,0.2168233461114958
849,47.676111,17.649736,0.2175034159816969
161,35.7511,114.2956,0.2175069749582008
551,33.015,114.0114,0.2179621275765177
0,39.8784,116.3621,0.2196438391581093
41,35.0697,109.0697,0.21966032592427
723,46.19583,6.240556,0.2200365093616528
747,46.671307,5.556806,0.2201009326268727
603,32.4535,105.8945,0.2201531074431167
1451,33.9828,-111.79871,0.2207212149969892
327,31.1907,121.703,0.2208581856789076
1317,42.060284,-87.86323,0.2218619113771306
859,43.305286,5.394716,0.22563416045801
1405,43.577602,-116.178154,0.2278606344446744
353,41.7867,123.4678,0.2288267842804762
449,31.155,120.636,0.2293709716909679
228,37.6982,112.6991,0.2301264529783107
1019,52.437165,-1.829999,0.2318702588454618
1031,45.226667,11.665833,0.2319410692040072
343,32.1028,118.9125,0.2325397352950692
1409,43.54792,-96.70077,0.2334235386642536
1015,48.17278,6.452811,0.23399135235796
1316,29.632057,-98.56493,0.2342826316892767
977,45.154075,26.818619,0.2353445644474308
358,41.6989,123.4231,0.2356169973592739
699,49.45165634,17.45415878,0.2361423099361461
736,49.254344,6.867744,0.2367772479645049
564,29.8566,114.2936,0.2380031272026745
1319,39.866833,-88.92559,0.2382958567632613
895,47.64892,-2.76399,0.2395573066400989
898,47.737415,7.309075,0.2396202790471447
1153,41.63528,-0.89361,0.2401782855782238
877,46.256617,26.792892,0.2429482664452378
1064,56.2904,8.4274,0.2430252643423823
209,42.3022,123.8139,0.2434236219198701
703,50.02403641,15.76354885,0.2440107178978853
1037,49.83918762,18.26368904,0.2449338354683289
738,45.431539,28.054742,0.2451880137828981
1254,34.002747,-89.79919,0.2455503682234099
405,28.7562,104.639,0.2468637189510004
593,33.3663,120.1544,0.2469453130164393
244,46.8032,130.3648,0.2469506864192042
857,47.430833,19.184175,0.247322611147024
1057,52.349703,13.424304,0.2473734603758552
1253,48.41252,-92.82922,0.2479271302248276
94,35.0888,118.3956,0.2487384278081534
1333,40.06483,-74.44405,0.2492588180248727
1143,52.411563,-1.560228,0.2493951248673239
529,31.2132,107.4988,0.2496761396813224
557,32.6389,110.7258,0.2512719920731294
996,49.32273,11.02792,0.2519583995005757
1041,51.462734,13.526796,0.2531889553857467
612,24.6947,108.0497,0.2534472089550428
1394,33.553055,-86.815,0.2556275722587975
1167,44.92008,2.441082,0.2574239833495003
896,43.1804,-2.2682,0.2580247593972214
844,64.244226,19.767238,0.2584242390429487
1084,52.25534,8.05286,0.2585208637384476
596,33.965,118.283,0.2593067893123131
835,48.39167,13.67085,0.2597031336297275
745,40.41666666,-0.24916666,0.2602047422877105
1138,52.401352,13.059945,0.260836194318738
1212,42.36417,13.38306,0.2624499509435143
960,51.25210341,4.491362028,0.2626400749884577
1285,30.700895,-91.05607,0.2631710150195398
1090,50.221941,8.446079,0.2634990093609187
617,39.0845,117.1589,0.2640993482085454
836,44.79361,10.33167,0.2643578182671755
748,43.2941,-5.6796,0.2669810305640421
1437,29.823318,-94.98379,0.2674665880172863
1132,49.165508,9.224786,0.2676840497806648
768,50.429014,21.277367,0.2679913130587291
793,47.06701111,15.49368889,0.2732708850669427
845,47.561944,18.960008,0.2741110529781064
746,42.14326062,2.510206967,0.274332999865038
918,48.904228,11.948795,0.2750587665083734
1079,41.91614,0.191101,0.2756599165044701
19,41.8822,123.9161,0.2757508080662019
1075,44.319639,28.610292,0.2772144864680407
640,29.6815,115.9872,0.278253370840503
909,49.41123199,14.67638874,0.2787652280786926
243,32.9673,117.3533,0.2788981121436771
697,49.66958237,12.6778841,0.279236600485395
791,56.00833511,21.88694763,0.2797924200368034
555,31.7231,118.5228,0.2798406481556152
1056,43.1788,-6.5527,0.2809160364868374
1244,34.09396,-80.9623,0.281264554886049
971,49.438464,12.548869,0.2817879717361045
980,51.317905,12.297411,0.2818331324160802
1362,41.265556,-75.84639,0.2820891489576974
238,50.2472,127.5291,0.282187574883411
1071,47.664361,9.169289,0.2823656385762628
818,45.772167,3.0875,0.2824924079481194
1247,35.0608,-83.4306,0.2826883321502645
1192,42.40538,1.13,0.282934309375062
820,48.753179,21.245046,0.2845741535164707
993,47.62,6.157611,0.2848494606820219
1142,46.632142,27.730886,0.2855350254362979
354,41.7653,123.4114,0.2860000595948543
1258,41.606663,-87.30494,0.286006121575351
1034,43.66028,11.90167,0.2861691446596718
642,24.7733,113.5824,0.2861826138431447
1025,40.67354965,22.89343834,0.2862112147650018
135,32.9692,112.548,0.2868141461098792
415,28.9634,105.4324,0.2871881544195532
1261,35.63348,-83.941605,0.2873239454844281
112,37.4309,118.6614,0.2878664672174468
945,48.27329,14.31479,0.288370362853238
133,32.9917,112.5192,0.2888332435512466
1283,35.9359,-81.5306,0.2889135609218461
618,28.4436,117.9756,0.2893305373983085
1201,41.15604,15.09675,0.2902333756231248
873,55.39638901,10.38917255,0.2903954070254589
254,45.1722,124.7965,0.2920426504025145
728,49.442356,1.093789,0.2927883487093605
294,30.7478,120.726,0.2940157537683058
782,42.157856,11.908954,0.2940695691048061
1199,43.650722,25.363583,0.2959060595093058
673,49.419528,8.6767,0.2964996295534357
1001,47.73344,12.891241,0.297798416208909
1436,28.332226,-82.30564,0.2987849310473193
926,52.644169,13.483079,0.2988302005328852
469,30.8388,106.1087,0.2997897106397649
1331,41.058617,-74.25555,0.2997993542155212
1312,32.364567,-88.73149,0.3017599569470252
1135,52.22174,-2.736665,0.3032811680451466
1101,42.056383,25.59345,0.3069981305775248
843,43.223044,27.587239,0.3076259327816065
1336,40.82799,-73.05754,0.3079705888509683
737,49.233464,6.987601,0.3083601405275956
902,45.038831,24.298631,0.3095651673262899
771,43.3583,-5.8664,0.3110069085302031
364,38.9511,121.565,0.3112789817866594
397,26.3003,106.805,0.3118296768561867
1129,51.49633,-0.460861,0.3130401252433734
1035,41.554167,14.674722,0.3155424999393418
1087,50.383217,8.060998,0.3157397624001951
756,43.16832,-2.63794,0.3167285917380329
948,46.6775,12.972,0.3183460873701125
262,46.6554,131.1524,0.3190471614722307
77,40.7677,120.8695,0.3203417819580381
1130,51.47707,0.317969,0.3210062825521685
706,42.09791019,1.848237224,0.3228149792632547
1011,43.91611,11.00694,0.3230610038629667
1264,35.10264,-85.16219,0.3235689245617258
227,37.7067,112.7249,0.3235765334871076
851,43.126475,25.691211,0.3252052829992706
770,45.4512,7.878,0.3265992939209529
1159,49.851334,3.284,0.3294589041430332
68,40.6511,122.215,0.3299686915270027
268,30.6764,104.1419,0.3301340859821737
1012,46.137222,9.385,0.3301631478783969
1348,34.454514,-94.143524,0.3317712850586014
1120,50.94535924,3.15240159,0.3336540471679671
396,39.6506,118.1705,0.3341499032874312
1235,40.3597,-3.5429,0.3341875448755829
1227,41.636078,25.379683,0.3355748435320813
50,34.7752,111.1922,0.3377355412756183
1369,43.176674,-85.41661,0.3405547131554308
175,42.8328,93.4961,0.3432391978727386
370,43.8325,125.1761,0.3435599669463676
1352,31.893913,-106.42583,0.3438780462067571
914,52.146264,14.638166,0.3440614915157012
424,33.774,113.182,0.3440909881095204
66,39.8129,110.0023,0.3442551423134408
1373,38.45934,-82.64041,0.3451632188943531
889,50.74823,2.25978,0.3452115815933269
769,41.47676936,2.088977264,0.3456046729512207
1032,45.60222,9.27611,0.3461068236319361
741,59.4944458,25.9305687,0.349621068691648
269,39.6973,106.8174,0.3496341109758235
590,37.9844,106.2025,0.3520762020060577
1374,42.19438,-72.555115,0.3525435810906934
440,29.3547,110.5594,0.3531786138016825
1042,53.924712,9.532635,0.3544520314812004
1124,45.690278,9.643889,0.3552999572627464
892,44.926111,10.370833,0.3564397591980157
1058,46.064275,23.563517,0.3600905417407656
1033,45.038333,9.669167,0.3602951812518422
1284,32.535294,-93.74704,0.3612589355985186
285,40.8033,111.6572,0.3630470896208332
1151,51.939783,15.518861,0.3634580946230651
1252,42.416637,-83.90218,0.3637947875602472
942,45.55879167,18.69876944,0.3639698519907008
377,43.9027,125.2863,0.3648601405660266
163,35.303,113.883,0.3655699878630007
584,41.7173,125.9358,0.3661920321917513
888,46.58389,0.345556,0.3669397934804571
588,35.5934,104.6194,0.3672808095117525
681,48.847917,10.096292,0.3676182753510531
413,28.7199,104.5742,0.3676957024209782
1127,45.5966,7.76643,0.3684791619552782
812,47.27129,11.4169445,0.3685128050824336
21,41.3094,123.7169,0.3695064708469904
365,43.7783,125.245,0.3700121907132213
674,50.007629,18.455548,0.3715363089343778
1083,40.314518,-3.716868,0.3719619445351448
807,47.410164,9.653713,0.3720573793481919
52,30.3197,112.2494,0.3727502254124323
1332,35.9138,-81.191,0.3732358505362739
223,39.3617,112.4575,0.3754719761272963
108,37.8703,113.5614,0.3756544372791268
30,36.6106,109.5056,0.375901823630889
829,46.143173,-0.396042,0.3762408729801952
760,47.594257,1.302667,0.3768892172071499
776,46.651838,16.196777,0.3771197710289068
653,29.6277,106.6556,0.3771418875433676
876,44.99694,11.07083,0.3772392975972046
1162,45.96141,4.465711,0.3775210477759839
609,23.7256,109.2203,0.3779716242455636
401,28.793,104.563,0.3790436554057569
119,37.393,117.9776,0.3800561550938792
1298,64.84569,-147.72742,0.3808857227359152
138,30.2313,115.0601,0.3820953424354544
1095,47.86194444,15.32194444,0.3846806195367893
1242,35.2318,-77.5669,0.3846842888203226
1334,43.05235,-76.05921,0.3855706139626786
1137,44.82112,20.459113,0.3857035498160274
1257,41.182465,-81.33048,0.3868599270332243
75,40.7136,120.9092,0.38695587794884
1282,35.500103,-82.59986,0.3878820372030884
862,51.921389,4.401389,0.3885538216407617
1198,51.067439,19.448694,0.389227517864905
1415,30.419806,-91.182014,0.3897431341048119
689,43.25055555,-2.155,0.3901811791240305
900,66.3217,29.40157,0.390909113444049
1268,40.026035,-82.433,0.3918881193172691
573,30.4663,106.6271,0.3928427811139403
615,37.6828,112.7195,0.3931860556969722
730,45.683333,9.466667,0.3932818847508335
581,42.0353,119.2658,0.3941623305482726
868,47.739919,26.658519,0.3946519415862176
938,56.672901,12.8576,0.3952713886060918
712,52.029194,23.149389,0.3957284094164479
1293,35.614132,-97.47508,0.3958326365706209
880,45.0028,7.8375,0.400112439002544
16,43.8358,126.5844,0.4006110672153775
236,32.8977,117.3145,0.4009440170315301
1418,45.49664,-122.602875,0.4027478143427738
1093,49.107502,6.122775,0.4030440218864025
621,27.583,110.0394,0.4046431467758603
1205,39.48963,16.3868,0.4052379237735152
1054,40.62984,-3.17159,0.4054284628466055
840,54.68611145,25.2108345,0.4059395557673095
560,34.343,106.0055,0.4067023895032382
946,48.930932,21.913705,0.4070576304031322
802,49.119442,6.180833,0.4073974557816866
813,47.04735,16.07905,0.4075606874302688
1267,35.85611,-78.574165,0.4079375307809079
1378,42.474644,-70.97082,0.4096634597088359
785,60.608299,15.6294,0.4115016270590573
1121,50.85205095,4.347777506,0.4135838665883929
885,51.407365,5.393328,0.4145354631323024
1404,39.99139,-75.08083,0.4157951395021193
1430,38.85287,-77.63462,0.4161742282826227
719,47.27476,4.099476,0.4163050341852451
420,28.1136,116.9822,0.416526023018129
625,33.4022,120.118,0.4167188360233563
248,30.8792,117.7439,0.4174275539526698
989,53.63074,10.110595,0.4185811638872544
986,46.802376,4.417486,0.4189676487638498
552,28.6542,121.419,0.4221907390534738
91,38.4975,106.2328,0.4226252825137529
852,42.432356,25.637389,0.4236502485802483
1027,49.90167,2.304597,0.4238593901285566
963,49.462229,11.0248,0.4246307192586445
899,40.540351,-3.645253,0.4252060999475572
208,41.2495,123.1683,0.4282498772338388
680,44.9089,8.2055,0.428435980695489
13,46.6215,124.9042,0.4295202464112
258,47.3416,130.2537,0.4312019130235743
1140,50.68352509,14.04119492,0.4322613537895169
482,31.5031,120.242,0.43305641184719
502,28.1322,113.0178,0.4336359085685473
1368,34.530716,-86.96754,0.4337292786303482
884,59.20243,9.4871,0.436848629147758
1128,45.371944,11.841944,0.4369535909786139
982,50.892377,14.822846,0.4376362563508155
234,42.8845,125.1358,0.4382078176426654
398,29.7166,106.6205,0.4385390971684465
291,37.8195,112.57,0.4394421186344573
990,42.697918,9.446417,0.4410756816159084
879,41.53583,20.6989,0.4410929666454683
763,46.17,1.87,0.4415358014948883
1155,43.26444,-4.06278,0.4420547344220804
360,40.7612,111.717,0.4421686015574371
869,47.913256,7.908035,0.4441604048113005
1009,55.79216,-3.2429,0.4447927941949678
1231,46.34072,2.593945,0.4456510238312131
1396,34.015434,-84.60742,0.446267310473936
1172,46.162556,-1.153603,0.4465103722356927
543,29.315,110.4417,0.4469824837527092
1219,47.60472222,15.67305556,0.4471338801403783
1168,43.79306,11.09778,0.4486314280032038
261,46.6191,131.1652,0.4495548761690335
1342,29.583048,-95.01554,0.4498688179035174
973,49.446,7.7673,0.4513878415898713
943,47.05917,15.016667,0.4521625125224738
137,32.9771,113.9976,0.4523411599953421
711,49.04781723,18.00782776,0.4537458423986059
17,41.0821,123.022,0.4546929658997207
1184,51.525955,6.97688,0.4555198424715981
1280,41.420883,-82.095726,0.4562392192950268
1179,46.555842,26.926942,0.4569197081143504
848,46.62936,14.28931,0.4577424666482678
311,36.6868,117.0624,0.4588132058363214
734,43.310833,-0.391111,0.4595753735204824
724,43.32074,-3.11272,0.4609192418314966
1026,43.623608,1.438531,0.4613965111092163
470,26.2714,117.635,0.4619459144602685
115,34.7837,117.2852,0.4627947340360556
1000,48.021657,12.538174,0.4631819756810357
301,34.7525,113.64164,0.4634828527257048
936,50.85780611,4.288706017,0.4648983882728499
905,45.873889,10.1775,0.4662697734232587
878,43.293137,5.574184,0.4671757901609532
1202,42.284,21.2738,0.4678072576045285
338,31.3708,120.641,0.4678549959390115
639,33.3942,120.156,0.4680231300298073
1327,40.8679,-73.87809,0.4689885351048877
371,43.8447,125.3863,0.469841970651853
944,47.04472222,15.15277778,0.470807581117239
392,39.0343,117.707,0.4708742049676032
1215,53.694628,19.968892,0.4710043768934018
883,50.736389,15.739722,0.4722192294978458
1050,46.522,6.63963,0.4726137658867974
1106,50.84971052,4.33410368,0.4733370543506088
96,35.2464,115.4208,0.4747211514270413
775,46.06554495,14.51272032,0.4759991524758805
486,45.6094,84.895,0.4760935500133366
1324,40.283092,-74.742615,0.4780539223606375
522,36.1758,117.1089,0.4780693532291648
407,31.4741,104.7778,0.4790958680143573
1360,40.107224,-74.882225,0.4791233659143645
1022,50.775482,3.12568,0.4797525291175155
645,36.7019,119.12,0.4810264682925357
317,36.6734,117.1265,0.4814503490150925
1089,48.12027778,14.878333,0.4814889334998157
314,31.8707,117.2588,0.4819426145031538
100,36.1989,113.1031,0.4829890429362385
1161,50.876983,18.416878,0.4840482740214373
159,30.6618,117.47,0.4863662865136349
125,37.5639,121.2514,0.4873326018748274
1377,43.97462,-70.12461,0.4875130098507745
663,31.6449,118.5024,0.4881754039502364
1086,50.13577,8.92157,0.4896024017257412
448,31.172,120.658,0.4909198013115813
1243,35.438557,-81.27675,0.4916078083604123
739,49.357861,6.73354,0.4936003678796068
1125,47.565439,14.244676,0.4937799729811139
1281,35.76541,-82.264946,0.495377941422256
561,29.6547,116.0172,0.4961064426798321
1407,41.965195,-87.87627,0.4968189787471774
224,39.3197,112.4258,0.4996402089572731
1053,50.125332,8.746343,0.5010648745471161
1424,42.27807,-85.54189,0.5014027924433938
872,50.654066,10.769534,0.502078750130111
1200,43.89555,25.956575,0.5053330731865094
1279,39.9428,-81.3373,0.5066062211336689
202,41.2991,123.149,0.5089617632641514
264,47.4311,128.5159,0.5112030338812866
241,32.9427,117.3605,0.5118079866964292
221,35.4897,112.8676,0.5125610269688307
742,45.871406,22.908594,0.512603008405411
1345,41.97639,-72.388054,0.5135867530866438
1304,34.474525,-85.408844,0.5144669103358094
556,29.5698,115.9773,0.5149965166309727
559,29.7046,115.9584,0.5151495574127666
572,38.4418,106.2266,0.5163850713920602
106,37.8731,113.4894,0.5165414477760049
912,50.04613113,14.33141327,0.5174490175024541
1431,40.73614,-73.82153,0.5174875068822695
540,28.2558,109.6414,0.518356977340837
1301,34.785217,-84.62643,0.5186963636744367
798,42.404687,12.857794,0.5218184081536325
1366,42.86183,-71.878624,0.5226278044763485
455,36.885,120.515,0.5231856491396013
86,34.2173,108.9356,0.5242873124031072
932,43.322554,21.919025,0.5257766944457869
1119,45.623056,13.7875,0.5276860819012957
1187,43.285,13.42861,0.5291087722633343
480,27.5002,114.0997,0.5303119855685
1420,35.158688,-78.728035,0.5317674298783966
1428,30.260279,-81.45361,0.5325944977947115
201,30.5119,117.0331,0.5349995157445046
790,46.835,14.84361111,0.5358287036691616
366,45.7667,126.635,0.5366726811475573
939,46.23451421,15.262476,0.5379388653577059
1363,35.96497,-84.22317,0.5381143271900131
740,45.474156,28.034406,0.5386620557719869
916,48.397079,10.008293,0.5387786833885697
606,27.3033,111.5239,0.5388227909700294
89,34.1978,108.985,0.5392823949224147
474,30.2111,120.2072,0.5404253666870956
1,41.1442,123.0485,0.5429445694571381
329,31.3008,121.467,0.5432737937581119
921,48.773072,8.220214,0.5438095375674228
864,42.90056,13.33667,0.5455768060026873
1434,43.68578,-74.98538,0.5468532742854794
907,49.40159607,15.6102457,0.5482831410174474
947,48.33472,16.729445,0.5491810197979474
803,48.16206944,16.52561389,0.5495147376674285
191,31.8896,102.2502,0.5512501923332999
766,45.848333,11.569167,0.5519774434081959
1355,39.80933,-80.26567,0.552211072663581
1232,49.15167,-0.352778,0.5525040552035387
861,46.765425,23.550258,0.552561000451643
622,39.2474,117.7918,0.5545238301769945
1452,40.27813,-105.54564,0.5561520225740748
841,47.557222,18.420836,0.5570224677644238
1370,42.51334,-83.005974,0.557851324820858
811,43.39873,6.075611,0.5580734871761843
922,47.649258,26.249011,0.5590933491473213
1136,42.45639,14.23472,0.5613714482515556
1375,42.298492,-72.334076,0.5620080019619883
1236,42.44,-2.239,0.5634200888526031
385,40.3275,116.6275,0.5636164178376176
352,32.1875,119.6707,0.5673416676560642
528,26.5892,104.8,0.5679691370612522
62,30.7236,103.9728,0.5697704093619442
1088,42.05134069,0.729555647,0.5709123514423661
1419,41.645382,-70.89751,0.5709136778005162
63,41.1196,123.044,0.5742519711198206
1346,39.4125,-107.23056,0.5742687801993425
632,22.5311,113.0219,0.5745600279767938
375,43.8772,125.3716,0.5745975120831462
85,34.2629,108.993,0.5753510425186916
1104,51.75816,10.61248,0.5753560130777262
901,48.68817,6.190431,0.5784205166600914
1141,49.672507,9.001981,0.5802109135485835
279,41.0026,117.9268,0.580607680928385
1410,29.68639,-95.29472,0.5808314526311396
774,47.40555556,15.36083333,0.5809240386699043
411,31.2071,121.577,0.5815034541797002
753,42.33611,-3.63611,0.5820926918577963
82,43.8711,87.5525,0.5832303386891292
58,30.8064,106.056,0.5842493717573596
816,49.211447,18.771215,0.5879069193687388
524,29.9833,103.0111,0.588121718363823
1115,59.316007,18.057807,0.5885675508890931
1379,32.50996,-92.046196,0.5894485132627784
382,39.9295,116.3392,0.5894493398560329
823,45.1763,7.7116,0.5899451684204483
196,38.2911,109.7456,0.5908017034412444
170,35.5461,106.6692,0.5915400050066503
27,40.8434,121.0533,0.5933311864934019
114,37.4674,116.3032,0.5935186948175126
26,41.0879,121.1115,0.593604321682311
1435,41.49212,-81.67845,0.5944337389935276
1113,54.97825,-1.610528,0.5951994046467523
585,31.2864,120.628,0.5962507277770334
751,49.259552,2.474397,0.5968224052109002
676,49.224167,4.020556,0.5969686930198592
45,34.7781,114.3389,0.5978268247134358
720,47.3456,5.002377,0.5995404592858341
239,46.6365,126.9785,0.6001679455335279
1354,40.814182,-79.56475,0.600942939265371
1456,31.954287,-84.08101,0.6016247763448896
70,40.0625,124.3303,0.6037784293178393
1213,50.676856,17.950278,0.6042696940928711
276,30.8669,120.0751,0.6050196109597905
1112,44.92467,10.5172,0.6071248339827653
1149,43.3094,-2.0109,0.6078405695591897
931,50.12218857,14.46757793,0.6090561361737983
1303,33.588547,-84.06961,0.6111214141553398
839,48.247222,20.616403,0.611228253244797
80,40.6532,109.8756,0.6114831846727771
819,45.6642,8.1598,0.6120456099202392
1314,30.085262,-93.76134,0.6127001317411316
374,43.8805,125.3297,0.6132397112637537
357,32.1328,119.4303,0.6132881889933864
978,44.865555,-0.939444,0.6135197565086384
298,34.77134,113.65724,0.6159589220879909
525,37.5072,122.1067,0.6182723123130377
594,34.6972,119.3581,0.6200443177691667
957,47.0674,8.46333,0.6201209588136846
181,34.5538,105.8945,0.6215193205136211
1210,47.068717,21.927233,0.6221029273557985
240,46.6528,126.964,0.6228411647871297
168,37.9956,106.1856,0.6229160229504731
523,29.9775,102.9905,0.6230867906611935
400,27.0999,114.9658,0.6231703888564156
15,43.8245,126.5052,0.6242967172447005
999,44.98375,26.015214,0.6243840940221252
122,36.8194,118.3092,0.6248534931947826
1182,51.839382,10.790143,0.6266376229491051
582,29.5462,103.7723,0.6282445318381124
304,36.6116,114.5302,0.6315195298871813
176,41.1551,80.2613,0.6326040255030158
744,43.34639,-4.06417,0.6333628527883394
672,52.420319,16.877289,0.633882551726541
592,34.1781,117.1694,0.635488715073703
483,38.5167,102.1692,0.6355055555777654
779,45.93766834,13.91156335,0.6376823718032739
828,43.9275,12.224722,0.6384738016659516
1203,40.71099,14.70244,0.6390803516214151
660,36.1851,120.3905,0.6391949691085019
387,39.6334,118.1725,0.6392276425669857
1224,53.74878,-0.341222,0.6431596682124859
591,36.61763,114.5129,0.6445253726542882
1444,45.25928,-122.58815,0.6472937577582961
906,46.08253,10.95804,0.6473104038373011
1238,40.6646,-3.7739,0.6485718820992658
643,37.4442,118.5857,0.6487030029786974
206,42.0224,121.6717,0.6488567918105587
257,45.3039,130.9429,0.6517645900504051
1134,45.736694,21.250808,0.6525038203633918
713,53.028647,18.666103,0.6549653705615103
307,30.6189,114.282,0.6570046631508961
1038,45.696736,27.211622,0.6575776692307959
190,31.2124,107.4644,0.6629412488395727
1234,50.44914,2.9,0.6645042892506594
237,50.2341,127.5144,0.6648097284431193
1163,45.5476,9.16698,0.6654852069678205
485,31.0201,103.6202,0.6656453119105565
1237,41.9356664,2.238568301,0.6706054593297058
1361,41.44278,-75.623055,0.671387827582823
910,49.20272446,16.61628723,0.6714709276849022
761,47.751475,23.605325,0.6730298160372447
231,38.4519,112.7383,0.6730748475143026
684,50.010575,19.949189,0.6736417015770902
37,41.7166,86.1972,0.6740665951858974
589,41.0385,113.1076,0.6785085757121482
867,51.207944,10.450997,0.679378527589254
1448,34.264915,-88.76622,0.6815449647521247
1335,42.09142,-77.20978,0.6821702018351039
1353,40.56333,-78.919975,0.68288822696179
461,32.6524,117.0067,0.683996523598898
368,45.5419,126.979,0.6842144247385505
289,30.4183,120.3019,0.6858727748188573
1376,42.099697,-71.6194,0.6866190513641691
293,37.7394,112.5583,0.6892552191880897
76,40.7514,120.8392,0.6907289290847871
646,36.6331,117.9592,0.6939615993705233
972,46.934128,26.38925,0.697804537669619
267,46.8028,130.2751,0.69842506348768
324,40.8369,111.7516,0.699307280435524
1206,45.238642,19.835704,0.7007120438005477
512,25.0925,104.9022,0.7017130118692632
1220,43.25811,-2.97344,0.706725845086475
1171,43.5166,-5.6707,0.7081318996322543
1239,45.248889,10.299444,0.7086013907233233
356,41.8411,123.5903,0.7091553998272531
118,37.3803,118.0062,0.7100139144870943
602,44.0114,87.2997,0.7115176644208192
22,43.8622,126.54,0.7127034606005781
104,36.0714,111.5028,0.7140437313112534
810,47.4885583,12.066633,0.7143804870958654
113,35.4216,119.523,0.7156395821964657
515,26.8956,112.6211,0.7166607610854566
73,40.1092,124.3633,0.7174928639492911
994,49.872303,8.664619,0.7192052410452179
1406,41.644066,-83.54616,0.7200877127818542
1173,50.900317,5.986853,0.7202529225623672
732,45.9225,6.87,0.7218289338875524
1412,29.901035,-95.32613,0.7241129915995566
953,45.69802778,18.83463889,0.7261550127164876
78,36.229,117.6795,0.7261766812574901
702,60.37288,11.07407,0.7271227409963242
129,36.2017,117.0885,0.7306949259923536
698,49.77012634,13.36822128,0.7313393137780281
399,29.4572,106.3754,0.7314874745605544
568,38.8959,115.5213,0.7321898823642401
1152,50.349608,18.236575,0.7334211106766618
721,45.916943,6.135556,0.7350872925263144
1196,44.938125,26.044994,0.7353061446357615
450,37.197,122.038,0.7356916685308382
318,31.8403,117.1318,0.7402953207641836
1110,53.40337,-1.752006,0.7435509797460436
875,40.641111,-8.100556,0.7447405608295494
111,42.2554,118.8788,0.7483505570035208
211,41.5881,120.4318,0.7533784178248963
533,30.5366,105.5861,0.7549288505542696
521,30.5944,114.3014,0.7551586807886319
998,48.173194,11.648036,0.7559843668603445
102,36.0783,111.5531,0.7561560360756603
1156,43.40444,-3.84194,0.7598919573578993
1030,50.5976,-3.71651,0.7604254172870725
39,35.8735,120.0405,0.7613098076099493
310,36.663,117.0495,0.7631973689606457
634,36.6428,101.748,0.7640337185904449
1076,47.3868,8.53981,0.764361682622774
1399,32.362606,-88.27799,0.764705604458239
696,49.91351318,14.7826252,0.7689217142485297
103,37.4236,122.1214,0.7707177092031581
767,44.013056,12.42,0.7708834718295123
140,30.2019,114.8988,0.7710686011671399
1211,42.736572,11.87643,0.7718844573814346
1186,44.564972,27.366081,0.7742884369923346
974,49.841221,7.866222,0.7801635891205897
32,34.3672,107.1906,0.7809239811061297
815,49.028057,2.750278,0.7810351688839368
1226,46.586918,0.358583,0.7813233242422729
599,32.3153,118.3093,0.7845294378589005
1049,50.877923,12.0749,0.7854286151796547
583,41.7347,123.2444,0.7868691161031305
1123,45.714444,11.368611,0.7890322683386184
471,29.7091,106.4522,0.7890863869482915
6,47.2988,123.945,0.789633985688055
924,49.544078,8.465281,0.7898232356735135
563,29.6038,115.9114,0.7910642498383357
441,29.5102,106.5777,0.7924744651005786
788,47.541944,19.146122,0.7948334558385558
253,47.3086,130.2684,0.7958425110255747
2,43.8306,126.555,0.7971143498466003
1197,44.429489,24.351389,0.7976844125393132
1401,30.681719,-91.36625,0.7977925266635469
1160,42.36831811,1.776783258,0.7981862242449485
185,31.6908,113.3833,0.8000643217592951
1170,43.5915,3.88681,0.8010984760385366
1240,53.371306,-2.239218,0.8059395124615184
1387,33.317142,-86.82575,0.8074058041708176
105,37.8572,113.5758,0.809796495397816
1233,47.30737,5.065881,0.8102250756558508
98,40.0917,113.3444,0.8102511655074657
682,47.809892,7.764528,0.8110296692051617
1154,41.66638888,-4.715,0.8123674194417957
789,45.0249,7.6491,0.8186488686900383
1214,45.297325,27.949461,0.8190482823071675
3,47.3636,123.9305,0.8228596760246776
670,28.687,115.8518,0.8229836868175968
334,31.2284,121.533,0.8243357088588426
468,47.8517,88.1264,0.8267228083575332
1188,53.59617,8.09059,0.8269682720712901
657,29.8279,106.3787,0.8333252064753741
1013,49.276386,2.482167,0.8430584124818569
61,41.0931,123.011,0.8435837224479743
178,44.2967,86.0497,0.8450903887666057
658,29.4875,106.4782,0.8451243739629076
355,41.8467,123.4264,0.84593122696988
669,29.4251,113.1493,0.8471463780833864
1016,42.42212,12.109196,0.8472595783596227
637,36.913,121.531,0.8480401351105978
956,44.9513,7.6362,0.8501235612314751
216,41.7325,125.9446,0.8519067818014905
72,40.1461,124.3933,0.8534853729189112
871,54.436985,12.721938,0.8539669835758912
704,45.569,8.1876,0.8556991222364854
99,40.0844,113.2711,0.8575031453558094
1223,47.0677,8.30068,0.8583171133867229
1450,43.34317,-87.92087,0.8598860888687665
510,26.9056,112.5664,0.8600193683793217
431,29.8253,106.4213,0.860234992262913
1007,48.9964,1.7033,0.8625997566006325
169,37.9251,102.6201,0.8663520643415005
10,44.5462,129.6386,0.8676162457194792
429,36.0022,106.2792,0.8700735184283237
443,49.2261,119.7594,0.8705254858206856
24,41.2664,123.7992,0.8777090299872592
251,46.7975,130.3258,0.8792523972863094
110,42.2728,118.9576,0.8800813925406286
402,29.4906,106.6349,0.8817772422183201
1139,50.66109467,14.04306316,0.8867582015899891
427,30.6465,111.3549,0.8898092596576054
280,40.9763,117.9392,0.89056284526977
394,39.1661,117.1444,0.8938873941735315
651,23.1522,112.5544,0.8946051125693782
177,39.4467,76.0072,0.8970050375656031
1228,46.9631,7.46252,0.8974543785955356
36,34.493,109.4636,0.8981525911552021
1417,41.705227,-76.512726,0.8989059978919838
20,41.8611,124.0436,0.899219147077024
81,43.831,87.6432,0.9016773790717684
611,36.5482,104.1465,0.9077179985478908
179,44.3075,86.0697,0.9086840907384398
259,47.3388,130.3114,0.9092473783145208
652,37.374,120.399,0.9139089675934208
576,38.4842,106.2757,0.9155715340357264
1208,44.386558,23.733658,0.9182370515373414
727,47.651725,23.570508,0.9210425970011094
1010,53.56292,-1.510436,0.9213432690857072
1102,50.010325,8.451527,0.92310740737611
1111,47.47706,11.05722,0.9234230446052054
1085,46.541047,24.559642,0.9235138358223132
595,34.4285,115.6702,0.9252925068777748
265,47.7412,128.9102,0.9289996001332268
1061,50.048397,10.232076,0.9384292235469152
1221,43.4015,-5.8028,0.9456560457537232
659,36.0855,111.5018,0.9477537908286556
229,35.0147,110.9956,0.9496085153999432
1164,43.675114,4.62921,0.9544278035725698
266,48.471,129.5029,0.9564504164916054
213,43.1713,124.4002,0.9583968295232368
306,39.9499,119.5897,0.958949200727858
505,27.5721,109.5981,0.9652498937428652
1150,51.799722,16.3175,0.9663577103839076
600,26.5917,104.83,0.9723909161940876
626,34.3497,107.2058,0.9953591926690044
