,lat,lon,EVI2_Growing_Season_Area_1_temp_r
1221,43.4015,-5.8028,-0.9912789579964596
1150,51.799722,16.3175,-0.9825530795094156
1178,40.39472222,-3.73194444,-0.9230695427959256
724,43.32074,-3.11272,-0.915737654505041
1113,54.97825,-1.610528,-0.9139046090244508
1175,46.329586,-0.458889,-0.8926601117240003
1202,42.284,21.2738,-0.8885345888580769
1214,45.297325,27.949461,-0.863142107514246
1016,42.42212,12.109196,-0.859708911812982
715,43.6287,0.179069,-0.8467612467049644
1025,40.67354965,22.89343834,-0.8323087795664323
672,52.420319,16.877289,-0.8284639287704477
1139,50.66109467,14.04306316,-0.8282881371155302
1435,41.49212,-81.67845,-0.8074716999889356
1283,35.9359,-81.5306,-0.8032874660690129
1237,41.9356664,2.238568301,-0.8020731738941834
1399,32.362606,-88.27799,-0.8016461275659267
1076,47.3868,8.53981,-0.7954227027640408
1240,53.371306,-2.239218,-0.7846635334709937
1187,43.285,13.42861,-0.7836225595518787
1152,50.349608,18.236575,-0.7669991694447429
1147,52.115725,21.237297,-0.7654246529062622
1444,45.25928,-122.58815,-0.7611274160744566
1031,45.226667,11.665833,-0.7419249054351239
1138,52.401352,13.059945,-0.7327882298193149
1161,50.876983,18.416878,-0.7254377179238447
1348,34.454514,-94.143524,-0.7223409810919674
727,47.651725,23.570508,-0.7213343363941731
1156,43.40444,-3.84194,-0.7209397665693982
872,50.654066,10.769534,-0.7116126644737023
1010,53.56292,-1.510436,-0.7082551943188155
1428,30.260279,-81.45361,-0.7012638349605227
1223,47.0677,8.30068,-0.7005346222093748
1236,42.44,-2.239,-0.6974256187990232
699,49.45165634,17.45415878,-0.6852818479575682
864,42.90056,13.33667,-0.6814914763553848
1208,44.386558,23.733658,-0.6784290451827886
1206,45.238642,19.835704,-0.6692446872294291
1136,42.45639,14.23472,-0.6661686150141424
1456,31.954287,-84.08101,-0.6658829669139097
741,59.4944458,25.9305687,-0.6619951426083864
953,45.69802778,18.83463889,-0.6551976276033175
689,43.25055555,-2.155,-0.6532775860813915
1239,45.248889,10.299444,-0.6501823381716977
1334,43.05235,-76.05921,-0.6495000365761859
843,43.223044,27.587239,-0.6482992473106823
508,28.1308,112.8908,-0.6475819531171235
506,27.7344,109.1839,-0.6465820565940471
353,41.7867,123.4678,-0.6459576291182159
35,34.3617,108.7233,-0.6458157076740408
517,27.5578,109.9972,-0.6455971855016569
426,37.3753,97.3731,-0.6429859620822003
1151,51.939783,15.518861,-0.638328375084552
1119,45.623056,13.7875,-0.6378925165928817
329,31.3008,121.467,-0.6363495930059755
1149,43.3094,-2.0109,-0.635666052735294
740,45.474156,28.034406,-0.6347357569845398
650,28.7728,104.6201,-0.6316504727143272
645,36.7019,119.12,-0.6283076930418524
768,50.429014,21.277367,-0.6253235637621323
628,34.5023,109.4259,-0.6217162222977448
143,32.6494,110.78,-0.6200757099639942
270,37.7124,112.469,-0.6187466243327452
1415,30.419806,-91.182014,-0.6170879794658908
563,29.6038,115.9114,-0.6168428486632155
718,41.096667,-8.555833,-0.6158113328992804
904,50.78944397,14.08679867,-0.6157831008993856
535,28.19,112.9394,-0.613940315017804
1220,43.25811,-2.97344,-0.6131085850996656
1242,35.2318,-77.5669,-0.6129230055908748
67,40.7094,122.2703,-0.6128059095873638
1312,32.364567,-88.73149,-0.6123350419501551
1089,48.12027778,14.878333,-0.610766303040227
47,35.2127,113.2269,-0.6095003544208288
1211,42.736572,11.87643,-0.6091017635254091
194,33.0706,107.0154,-0.6077347537248837
371,43.8447,125.3863,-0.6073255427677835
214,46.0656,122.0392,-0.6060786391113189
4,47.3386,123.9488,-0.6021899334838309
453,26.567,101.7227,-0.601795407352206
1375,42.298492,-72.334076,-0.6004077471948767
1282,35.500103,-82.59986,-0.598010519074012
1172,46.162556,-1.153603,-0.5955026493359826
932,43.322554,21.919025,-0.5908191571087107
124,35.4209,119.471,-0.5894481954068838
1259,29.767998,-95.22058,-0.5866497624477748
1079,41.91614,0.191101,-0.5866158883012991
713,53.028647,18.666103,-0.5850950236967822
26,41.0879,121.1115,-0.5844262782903078
662,35.4887,112.8508,-0.5842539271589988
811,43.39873,6.075611,-0.5840040487806393
359,41.7406,123.505,-0.5780844119933242
744,43.34639,-4.06417,-0.5777999294183165
492,26.3108,117.7275,-0.576876598380426
272,37.0886,114.4704,-0.5757208089888776
1111,47.47706,11.05722,-0.5740524317887843
738,45.431539,28.054742,-0.5723011164127582
196,38.2911,109.7456,-0.5722933088916272
553,24.8978,118.5972,-0.5701905474740492
255,45.6077,122.7911,-0.5698298455293201
429,36.0022,106.2792,-0.5692700294785831
367,45.7733,126.689,-0.5681818600633232
1179,46.555842,26.926942,-0.5681629080767843
172,42.9418,89.1904,-0.5652346831787094
774,47.40555556,15.36083333,-0.564991624182767
978,44.865555,-0.939444,-0.5646728152637085
1123,45.714444,11.368611,-0.5616837777918867
40,32.1059,114.1099,-0.5611703012697105
1417,41.705227,-76.512726,-0.5610831721499338
51,30.7856,106.1064,-0.5607503162053207
587,31.9996,118.7356,-0.5593480799328626
455,36.885,120.515,-0.55824932255983
828,43.9275,12.224722,-0.5582176444996049
463,31.909,120.237,-0.5534282206826923
273,37.7541,115.6838,-0.5507461665722746
1368,34.530716,-86.96754,-0.5498311989741594
106,37.8731,113.4894,-0.5488228161586985
210,42.2217,123.7153,-0.5487852987241387
32,34.3672,107.1906,-0.5483592010305098
170,35.5461,106.6692,-0.5471575049521784
382,39.9295,116.3392,-0.5469312609324101
407,31.4741,104.7778,-0.5450848388347465
1413,41.094967,-85.101814,-0.5449138851747626
108,37.8703,113.5614,-0.5442531720205098
957,47.0674,8.46333,-0.5438220711504942
1193,42.39197569,2.842138412,-0.542735705580203
1153,41.63528,-0.89361,-0.5419688337955877
277,39.5269,116.7244,-0.5405906991018952
1112,44.92467,10.5172,-0.5399433200057432
594,34.6972,119.3581,-0.5374382244517065
1258,41.606663,-87.30494,-0.533872672397835
829,46.143173,-0.396042,-0.5336778024262999
385,40.3275,116.6275,-0.5265524021923792
1056,43.1788,-6.5527,-0.5248322074831739
176,41.1551,80.2613,-0.5247353726865049
444,25.2697,110.2819,-0.5242097817287268
1199,43.650722,25.363583,-0.5235755741134557
78,36.229,117.6795,-0.5233326210504141
1213,50.676856,17.950278,-0.5222232177366403
1252,42.416637,-83.90218,-0.5213116575951156
701,46.13167,9.56639,-0.520783994881494
469,30.8388,106.1087,-0.5198625317740233
165,35.7609,115.0574,-0.5187772759585627
333,45.7478,126.593,-0.5176442820161955
652,37.374,120.399,-0.5175707399398155
477,29.2617,117.1547,-0.5161645491514155
1244,34.09396,-80.9623,-0.5156740747110953
266,48.471,129.5029,-0.5148379820912597
496,26.5939,104.89,-0.5139316720939932
1418,45.49664,-122.602875,-0.5112029563276499
766,45.848333,11.569167,-0.5092627596679992
712,52.029194,23.149389,-0.5091579543681208
179,44.3075,86.0697,-0.5086381990775233
420,28.1136,116.9822,-0.5076217317163704
139,30.2006,115.0817,-0.5051169027887266
1354,40.814182,-79.56475,-0.5044250943251634
153,32.8929,115.8277,-0.5012388904968685
347,32.0745,118.7794,-0.5004042462128191
1011,43.91611,11.00694,-0.4972215226333818
1424,42.27807,-85.54189,-0.4968169922475179
1342,29.583048,-95.01554,-0.4952414280032406
203,43.9311,116.0781,-0.4949822421904257
1171,43.5166,-5.6707,-0.4945135230078338
1110,53.40337,-1.752006,-0.4942885785118742
593,33.3663,120.1544,-0.4935363288612248
19,41.8822,123.9161,-0.4933526179724825
617,39.0845,117.1589,-0.4924372600622542
69,40.6655,122.167,-0.491423864855178
240,46.6528,126.964,-0.4908134485923449
546,30.9285,113.9153,-0.4904049558650865
636,23.4714,116.7519,-0.4857547143979527
364,38.9511,121.565,-0.4848166633067113
1406,41.644066,-83.54616,-0.4846411745582099
1170,43.5915,3.88681,-0.4841465221878551
1137,44.82112,20.459113,-0.4840643772993639
1026,43.623608,1.438531,-0.4832149559103305
574,38.497,106.1015,-0.4831728132840247
478,27.72,106.9178,-0.4827126222525824
24,41.2664,123.7992,-0.4808590449176212
895,47.64892,-2.76399,-0.480197523699895
934,47.5292,9.9267,-0.4792577641870826
365,43.7783,125.245,-0.4780902705064113
616,38.0378,114.5481,-0.4757671747688207
494,25.7759,113.0348,-0.475465132786558
87,34.2322,108.8922,-0.4747680072078729
65,40.6288,109.8642,-0.4710064150884933
260,47.3382,130.1097,-0.4704592183760092
1243,35.438557,-81.27675,-0.4681262251786491
413,28.7199,104.5742,-0.4675036366470741
198,32.6939,109.0281,-0.4672073485989859
36,34.493,109.4636,-0.4667422501188559
896,43.1804,-2.2682,-0.466045038912692
1064,56.2904,8.4274,-0.4650916831338897
250,50.2524,127.4833,-0.4649094212565513
75,40.7136,120.9092,-0.4638253568869988
249,30.97,117.8483,-0.4633498146519456
275,38.2991,116.8842,-0.4626811115586803
824,44.5,11.286111,-0.4618752336837695
640,29.6815,115.9872,-0.4615741908345531
502,28.1322,113.0178,-0.4610458282819097
1376,42.099697,-71.6194,-0.4606053323029546
102,36.0783,111.5531,-0.4593619078540793
614,32.1873,119.4424,-0.458525212524317
758,45.47833,9.23583,-0.4579915986831427
542,27.7569,111.9561,-0.4576407165388819
34,34.3622,107.2386,-0.4574770489292887
745,40.41666666,-0.24916666,-0.4522193995973847
1063,48.326013,10.903051,-0.4515199774526908
17,41.0821,123.022,-0.4509797975360889
286,33.9528,118.293,-0.4492166012664948
507,27.2272,111.4328,-0.4483004128590578
821,45.1758,7.5602,-0.448138589837904
439,29.1217,110.5319,-0.4479215888324134
548,28.9666,118.8709,-0.4458283319536048
671,45.499167,12.262222,-0.4457558633941043
588,35.5934,104.6194,-0.4454809421329493
665,31.751,119.579,-0.4452058163766132
629,39.8261,109.9486,-0.4450163105826211
769,41.47676936,2.088977264,-0.4442761673862864
557,32.6389,110.7258,-0.4441870501882196
190,31.2124,107.4644,-0.4406909556511446
6,47.2988,123.945,-0.4404922892789115
1192,42.40538,1.13,-0.4374633495442859
197,38.2839,109.7289,-0.436651646045978
366,45.7667,126.635,-0.4364467405604442
173,42.9559,89.1673,-0.4356201670384926
1226,46.586918,0.358583,-0.4345652921497903
14,31.6837,118.5092,-0.4321402880221754
348,32.0551,118.7538,-0.4320330583543887
891,42.516944,1.56525,-0.4315973886648594
490,36.864,118.78,-0.4308560234732601
1105,59.399355,18.077416,-0.4301828070657111
85,34.2629,108.993,-0.4257143238192218
903,50.37658691,13.32762241,-0.4248324124045029
871,54.436985,12.721938,-0.4244885269810733
714,53.134088,17.995712,-0.4237555259779055
1423,35.43477,-83.44213,-0.4235761597677359
1345,41.97639,-72.388054,-0.4223091020566185
435,29.355,113.2117,-0.4205983659929776
1374,42.19438,-72.555115,-0.4201728246340894
127,36.7023,119.1437,-0.4179833063674705
245,32.633,116.8281,-0.4146546475815885
1412,29.901035,-95.32613,-0.4126987574276465
238,50.2472,127.5291,-0.4116615444456549
38,36.6868,117.532,-0.4113838904691159
195,33.1138,107.0089,-0.4102939664407534
1314,30.085262,-93.76134,-0.410196856526811
8,44.5963,129.5904,-0.4081487195230777
682,47.809892,7.764528,-0.4042162235813921
297,36.3083,120.3999,-0.4005819410537499
711,49.04781723,18.00782776,-0.3977210536950853
1303,33.588547,-84.06961,-0.3975824453962121
643,37.4442,118.5857,-0.396670173741755
942,45.55879167,18.69876944,-0.3957184120590538
1154,41.66638888,-4.715,-0.3943900640546447
734,43.310833,-0.391111,-0.3940469977962328
706,42.09791019,1.848237224,-0.3935707206304998
1451,33.9828,-111.79871,-0.3911081045097184
885,51.407365,5.393328,-0.3909294149635348
11,46.408,124.902,-0.3897307570000041
1247,35.0608,-83.4306,-0.3894175591362345
1072,49.634841,9.657919,-0.3847298994505916
1363,35.96497,-84.22317,-0.3846014424153659
631,27.8614,112.9433,-0.3826231082591586
1158,51.748103,18.04931,-0.3810808010686458
620,27.7314,112.0194,-0.3807349205676906
926,52.644169,13.483079,-0.3772994996749432
1395,33.545277,-86.549164,-0.3766169099340822
404,24.8886,102.8204,-0.3758871587947455
579,30.0003,120.5483,-0.3750889077714885
129,36.2017,117.0885,-0.3745413553694138
246,33.9477,116.7856,-0.3744507045561441
324,40.8369,111.7516,-0.3743054414902177
262,46.6554,131.1524,-0.3738882485997211
609,23.7256,109.2203,-0.3733924640450749
1057,52.349703,13.424304,-0.3733868288060739
545,36.0621,114.4839,-0.373376900712575
1371,27.189215,-81.34035,-0.3723769657607328
539,28.3169,109.7325,-0.3721466573907167
696,49.91351318,14.7826252,-0.3721155551503775
1176,44.825,11.649722,-0.3713794523991126
318,31.8403,117.1318,-0.3699829040482833
1443,39.399837,-119.73961,-0.368451163311976
360,40.7612,111.717,-0.3661319276714752
525,37.5072,122.1067,-0.3660309513185604
890,47.2225,-1.5375,-0.3647458934666655
1043,45.411864,28.005967,-0.3626108098784702
516,27.5342,109.9781,-0.3606153619729108
742,45.871406,22.908594,-0.3593036940696115
782,42.157856,11.908954,-0.3593026098347258
175,42.8328,93.4961,-0.3575046644842077
29,36.6028,109.4761,-0.3568249269040804
678,50.836389,19.130111,-0.3564640605174202
1077,43.21291,-3.1344,-0.3550809492981728
465,31.737,119.579,-0.3546533828115872
229,35.0147,110.9956,-0.3533651715430907
879,41.53583,20.6989,-0.3522008744017692
1008,45.42009,4.395422,-0.3505859064576092
373,43.79,125.4605,-0.3482655500848038
330,31.6219,120.275,-0.3471304491954595
1023,47.44739,-0.550067,-0.3464191906018339
1366,42.86183,-71.878624,-0.341757027245875
757,43.15333,-4.25306,-0.341073671431604
375,43.8772,125.3716,-0.3410540559216912
589,41.0385,113.1076,-0.3398865389404761
464,31.354,119.818,-0.3391763279536398
146,32.1142,112.1825,-0.3381739134317784
202,41.2991,123.149,-0.3380343282576747
306,39.9499,119.5897,-0.3364795095854884
45,34.7781,114.3389,-0.3363405935882244
1203,40.71099,14.70244,-0.3339807575866057
368,45.5419,126.979,-0.3336699030998353
450,37.197,122.038,-0.3329621372871548
61,41.0931,123.011,-0.332273708309688
583,41.7347,123.2444,-0.3314835189750412
1369,43.176674,-85.41661,-0.330365333065046
158,33.8518,115.7789,-0.3296681032647162
812,47.27129,11.4169445,-0.3267429895426977
1140,50.68352509,14.04119492,-0.3256318036266817
181,34.5538,105.8945,-0.3256011311831089
627,22.5978,114.297,-0.3245136681300024
905,45.873889,10.1775,-0.3242116258860973
206,42.0224,121.6717,-0.3218225058203744
218,33.6406,114.6369,-0.3218163371766229
730,45.683333,9.466667,-0.3207581110085835
1174,52.077148,4.289185,-0.3196389691809832
231,38.4519,112.7383,-0.3194641967573374
941,47.04027778,14.330725,-0.3190149411208438
356,41.8411,123.5903,-0.3166164721890918
63,41.1196,123.044,-0.3157978621257521
1228,46.9631,7.46252,-0.313803521621907
427,30.6465,111.3549,-0.3133383065799155
967,53.480927,9.857223,-0.3132931717142216
501,26.2081,111.6217,-0.3128371695713169
343,32.1028,118.9125,-0.3118443324916303
80,40.6532,109.8756,-0.3084103145031738
304,36.6116,114.5302,-0.3070001093339733
70,40.0625,124.3303,-0.3057143884820514
1115,59.316007,18.057807,-0.3055791250525263
773,48.40861,15.619166,-0.299881527887156
613,30.7525,120.7846,-0.2972059848065866
1396,34.015434,-84.60742,-0.2960485778765538
1286,36.02661,-80.341965,-0.2948237387754321
549,28.9398,118.8692,-0.2942390851734932
300,34.81334,113.56746,-0.2931259943285127
125,37.5639,121.2514,-0.2929648197830162
1051,46.2311,6.07417,-0.2915899221853175
787,49.50504,5.97694,-0.2902782742019357
1116,51.34879529,4.339709947,-0.2877008657948373
1452,40.27813,-105.54564,-0.2874365884997747
341,34.5885,119.176,-0.2848170208452067
626,34.3497,107.2058,-0.2846594240791952
119,37.393,117.9776,-0.2845594242921438
1293,35.614132,-97.47508,-0.2819363634028677
1164,43.675114,4.62921,-0.2808709231723923
1241,35.507225,-82.96362,-0.2795181419194704
596,33.965,118.283,-0.2793986566820733
211,41.5881,120.4318,-0.2784129709115466
64,40.6821,109.8538,-0.2761917801489773
1205,39.48963,16.3868,-0.2760273527707733
1285,30.700895,-91.05607,-0.2755520431804211
754,49.744886,21.454617,-0.2751490201676927
1074,43.5512,-5.9197,-0.2748503544696108
695,49.50260925,18.53856087,-0.2746257709700263
663,31.6449,118.5024,-0.2743670308200283
1267,35.85611,-78.574165,-0.2731727652374156
1163,45.5476,9.16698,-0.2720882688262621
309,36.0658,120.4134,-0.2718830857153177
361,32.4625,119.9189,-0.2715378757804088
49,33.737,113.2919,-0.2705618110940272
1284,32.535294,-93.74704,-0.2698460630100507
1009,55.79216,-3.2429,-0.2687734641388306
892,44.926111,10.370833,-0.2682434164681101
93,34.9976,118.2794,-0.2665380626128026
109,42.2816,118.9233,-0.2665020608137164
568,38.8959,115.5213,-0.2664747235841445
18,41.8491,123.7977,-0.2639653437482552
554,22.5545,114.1063,-0.2638946339665851
1453,32.41281,-86.2634,-0.2631200894329394
131,33.6128,114.6613,-0.2621536282936321
50,34.7752,111.1922,-0.2611619162048725
1222,49.23074,7.003174,-0.2603678672590873
570,27.9939,120.6748,-0.2599299261383276
372,38.8661,121.5213,-0.2573522220424368
860,43.28334,5.511384,-0.2569967339794464
1378,42.474644,-70.97082,-0.2567931195871811
152,32.2786,118.3244,-0.2562991531586063
281,37.8873,112.5139,-0.2560042475594449
1405,43.577602,-116.178154,-0.255982111190052
784,55.072222,24.283894,-0.2552641718812224
325,33.5981,119.036,-0.2533887927341058
844,64.244226,19.767238,-0.2533633942486034
1414,40.046665,-76.28333,-0.2521786365076813
3,47.3636,123.9305,-0.2499732736019502
983,41.947654,12.533667,-0.244357353913415
1201,41.15604,15.09675,-0.2433795691991167
1189,46.1625,12.360833,-0.2403679012541799
1088,42.05134069,0.729555647,-0.238528426641508
719,47.27476,4.099476,-0.2383362459131266
850,42.637192,23.243864,-0.2364054647007338
1301,34.785217,-84.62643,-0.2360232098799611
421,27.8246,114.9231,-0.2352415519965841
880,45.0028,7.8375,-0.2350855990354583
1122,43.867496,18.423061,-0.2348990278881443
585,31.2864,120.628,-0.2326724784672287
919,48.376576,10.88837,-0.2298195240420782
721,45.916943,6.135556,-0.2291779909623241
597,25.0441,101.5482,-0.2291375547382516
958,47.0495,6.97915,-0.2246486243075441
608,27.5444,109.9453,-0.2222776672653063
831,45.148333,9.940278,-0.2217903075228156
1350,42.51831,-89.06347,-0.2212315492588435
351,32.4639,119.888,-0.2210615998621768
62,30.7236,103.9728,-0.2208084890591748
899,40.540351,-3.645253,-0.2207869030733141
729,46.072224,5.820833,-0.216684329237577
906,46.08253,10.95804,-0.2164825520641993
1083,40.314518,-3.716868,-0.2152956475683458
1013,49.276386,2.482167,-0.2144620267456773
112,37.4309,118.6614,-0.2124347558537259
1107,50.6134125,5.570222814,-0.2118141063067925
1257,41.182465,-81.33048,-0.2113834359073171
415,28.9634,105.4324,-0.2106486948358313
1012,46.137222,9.385,-0.210408648670817
44,36.0681,114.361,-0.208282476991217
291,37.8195,112.57,-0.206828141909148
48,33.742,113.3257,-0.2066460755373673
123,34.5578,117.7276,-0.2064315047540177
73,40.1092,124.3633,-0.2045786491638309
207,41.1953,123.2,-0.2039620673808884
1246,33.342224,-81.788734,-0.2023284896244548
98,40.0917,113.3444,-0.2013257693405639
945,48.27329,14.31479,-0.2011911750829488
823,45.1763,7.7116,-0.1998938002128736
571,25.0492,101.538,-0.1989601012799146
565,26.1028,119.2984,-0.1964556716459803
1180,56.15976,10.19364,-0.195545099941165
869,47.913256,7.908035,-0.1945633103590571
445,27.6253,113.8493,-0.193784107335868
805,46.05184,11.45389,-0.1919603241646429
680,44.9089,8.2055,-0.1898562570819112
41,35.0697,109.0697,-0.1889734306393072
515,26.8956,112.6211,-0.18849489562968
1377,43.97462,-70.12461,-0.1883140807985781
118,37.3803,118.0062,-0.1882420556661979
927,54.88361,-1.406878,-0.1876592611167217
338,31.3708,120.641,-0.1873066463298431
99,40.0844,113.2711,-0.1855757023169843
419,30.3119,120.1197,-0.1855018189572788
472,35.176,113.2467,-0.1833478760665661
1067,51.651166,12.302866,-0.1826421170529236
1327,40.8679,-73.87809,-0.1822175306628167
1336,40.82799,-73.05754,-0.1821758802245675
687,45.183611,11.311389,-0.1796009437668044
1185,51.536893,7.457409,-0.1788278286249442
1157,47.594913,7.568175,-0.1780827944447668
1,41.1442,123.0485,-0.1758162542051224
648,28.3611,112.9581,-0.1744770315901224
801,45.463333,10.480833,-0.17411263587632
283,33.6067,118.989,-0.1738358083025931
509,27.3125,105.2864,-0.1733488795368089
1351,29.733727,-95.25759,-0.1730842090462146
735,45.475327,4.515003,-0.1713110785775492
192,33.8715,109.9154,-0.1709710784299619
534,28.2053,113.0792,-0.1703487222366643
220,35.4936,112.8318,-0.1696230645000964
149,33.5698,114.0055,-0.1687452982108847
1212,42.36417,13.38306,-0.1687092643475177
386,40.217,116.2296,-0.168038295112032
10,44.5462,129.6386,-0.1638504089754956
136,34.4045,115.6458,-0.163036319894668
12,46.586,125.153,-0.1617398135774406
178,44.2967,86.0497,-0.159589827855719
1430,38.85287,-77.63462,-0.159224546746681
470,26.2714,117.635,-0.1591099782742183
114,37.4674,116.3032,-0.1587487603798335
1305,46.0519,-89.654,-0.1581696909151497
1130,51.47707,0.317969,-0.1577763053309318
122,36.8194,118.3092,-0.1571484375918621
457,36.253,120.014,-0.1559064563415773
134,32.9735,112.5003,-0.1558449997562347
1052,57.70902,11.970241,-0.1558106364723864
1216,51.54052,5.85307,-0.155785562754223
1073,48.507703,9.051178,-0.1557606411291327
94,35.0888,118.3956,-0.1556115721386097
684,50.010575,19.949189,-0.1548350849224637
133,32.9917,112.5192,-0.1543667478174208
454,29.6963,118.2903,-0.1529172526922254
822,41.99917,21.44084,-0.1524428561892403
189,31.1986,107.5082,-0.1523458414640345
688,45.1828,5.7531,-0.152278264323885
561,29.6547,116.0172,-0.1521823126639546
387,39.6334,118.1725,-0.1487680879033446
1186,44.564972,27.366081,-0.1478185048222693
1325,44.08747,-75.97316,-0.1464550923154776
914,52.146264,14.638166,-0.1439946895019929
897,60.22393,25.10244,-0.1411958080665577
755,51.259431,22.569133,-0.1399546741223577
537,23.7233,114.6892,-0.1386123538810135
778,45.54301186,13.71352366,-0.1374918881816613
241,32.9427,117.3605,-0.1369287593580559
808,48.782852,20.987197,-0.135186824459077
223,39.3617,112.4575,-0.1349697803851383
878,43.293137,5.574184,-0.1333849570274705
22,43.8622,126.54,-0.1329578898352767
355,41.8467,123.4264,-0.1315027665181706
1263,36.019184,-83.87381,-0.1306253970002067
786,46.80138889,13.49388889,-0.1304874781184897
1015,48.17278,6.452811,-0.1297492885328639
39,35.8735,120.0405,-0.1280746796518762
512,25.0925,104.9022,-0.1272114802961324
1045,41.932892,12.506947,-0.1265343725085181
624,35.878,120.005,-0.1254742994611808
284,33.5039,119.135,-0.1216477287932641
90,36.1031,103.631,-0.1211428193097856
58,30.8064,106.056,-0.1161085086970207
498,34.7178,113.7329,-0.115258277046064
765,45.809998,2.06,-0.1146740081326601
1326,42.68075,-73.75733,-0.1136466303766751
739,49.357861,6.73354,-0.1124628159927983
694,54.124819,22.038056,-0.1107247177659852
377,43.9027,125.2863,-0.1101527150896687
384,40.135,116.6636,-0.1081147940789988
972,46.934128,26.38925,-0.1057683936855469
836,44.79361,10.33167,-0.1057431418297954
380,38.8639,115.5086,-0.1048034934540212
1032,45.60222,9.27611,-0.0996303664279363
618,28.4436,117.9756,-0.0985679203473899
1134,45.736694,21.250808,-0.0960641446962193
489,36.881,118.746,-0.0955311922265565
74,41.1489,122.0303,-0.0944890862604759
186,30.2981,109.4978,-0.0941834614012741
1225,41.31347521,2.013824628,-0.0934165354738033
168,37.9956,106.1856,-0.0919628092137013
1071,47.664361,9.169289,-0.0917355001290036
332,45.6842,126.6206,-0.0913494065085223
657,29.8279,106.3787,-0.0900727569920922
159,30.6618,117.47,-0.0889674830152069
809,45.83611,8.80417,-0.0885853717742006
376,43.8463,125.2841,-0.0879896968033906
201,30.5119,117.0331,-0.087466597882377
621,27.583,110.0394,-0.0858427580669937
883,50.736389,15.739722,-0.085343494959196
1229,47.3815,8.56592,-0.0820484726142469
460,31.882,120.55,-0.0812235181651684
208,41.2495,123.1683,-0.0809326119637909
271,37.0851,114.5237,-0.0784263205903075
161,35.7511,114.2956,-0.0783444941532803
1141,49.672507,9.001981,-0.0777432673262543
1447,40.74529,-73.41919,-0.0761776526128258
1300,33.43395,-84.16181,-0.0747671057657348
1365,41.61524,-71.72,-0.0744851283795434
79,35.0532,118.3429,-0.0742492223357288
503,26.2331,111.6236,-0.0739958477707228
772,45.515278,10.219444,-0.0727620495708434
1095,47.86194444,15.32194444,-0.0711395827506011
1093,49.107502,6.122775,-0.07100147596444
111,42.2554,118.8788,-0.0705600468655913
209,42.3022,123.8139,-0.0703468266724756
638,23.0822,114.4053,-0.0696973546444939
709,52.407578,20.955928,-0.0696640991652953
1353,40.56333,-78.919975,-0.0673001519125648
1307,43.7775,-91.2269,-0.0668450401708224
520,30.1506,104.6356,-0.0662494836983766
1367,41.3014,-72.90287,-0.0661764751407592
840,54.68611145,25.2108345,-0.0658262522753939
793,47.06701111,15.49368889,-0.0552895157830337
42,34.6258,112.4267,-0.0525392740186476
140,30.2019,114.8988,-0.0521723859764657
437,27.9153,113.0048,-0.0512342836521616
180,36.1911,113.1569,-0.0494138587441174
476,46.7432,82.9994,-0.0488204512965083
1343,41.78472,-72.63167,-0.0465554467380096
412,25.8333,114.9322,-0.0456986065757071
1315,42.139996,-87.799225,-0.0448425934692362
326,45.7319,126.685,-0.0435950607997551
224,39.3197,112.4258,-0.0430706362722455
710,49.23290634,17.66717529,-0.0430367066504214
103,37.4236,122.1214,-0.0429202367959053
813,47.04735,16.07905,-0.0425646648487691
160,35.9019,114.17,-0.0425461770438149
1322,40.816,-73.902,-0.0411788489312266
792,45.760833,11.736667,-0.0404469510497344
1126,49.079012,19.3025249,-0.0403385907526463
1441,31.188932,-85.423096,-0.03984169595844
544,39.7443,98.5061,-0.0379613732789991
1393,33.578335,-86.77389,-0.0359324407688635
151,30.9743,118.7385,-0.0354220146225174
86,34.2173,108.9356,-0.0341723503870834
225,37.6945,112.7532,-0.0340134771601209
949,50.81487387,3.322494319,-0.0337952896009139
1270,41.515053,-81.24991,-0.0329075551313321
852,42.432356,25.637389,-0.032644099926728
839,48.247222,20.616403,-0.0318638394697219
342,32.1065,118.8086,-0.0311669107316817
1090,50.221941,8.446079,-0.0309406772410592
89,34.1978,108.985,-0.0304586352183658
1275,41.55523,-81.57526,-0.0300649097192099
322,36.6114,116.9862,-0.0277395676132351
955,47.4067,9.39438,-0.0257613638843914
1266,36.0388,-85.7331,-0.0256563597987364
559,29.7046,115.9584,-0.0238806555604543
115,34.7837,117.2852,-0.0238001241103599
1448,34.264915,-88.76622,-0.0232887040648207
928,51.5645,14.3764,-0.0230966658204863
434,29.4758,113.2621,-0.0209426323913161
1359,40.46542,-79.960754,-0.0207791982857125
156,31.7643,116.4738,-0.020012665607283
295,40.762,114.8902,-0.0188145408410183
219,35.5051,112.85,-0.0175887220842306
877,46.256617,26.792892,-0.0153856836251637
52,30.3197,112.2494,-0.0146450856124004
164,35.7636,115.0312,-0.0137185284114345
1346,39.4125,-107.23056,-0.0128656418992982
997,55.862281,-3.205782,-0.0128212258069875
448,31.172,120.658,-0.0115044497036085
1438,35.206112,-111.65278,-0.0114855632062243
456,29.7178,118.327,-0.0100410304083192
251,46.7975,130.3258,-0.0097209626380429
113,35.4216,119.523,-0.008948155263596
128,36.1937,117.1437,-0.0074915538070313
894,50.159406,19.477464,-0.0074763004182463
690,44.3818,7.5382,-0.0074751939173568
157,31.7905,116.4996,-0.0054907563549769
411,31.2071,121.577,-0.0038403248752883
331,31.5475,120.354,-0.0033651248309645
16,43.8358,126.5844,-0.0033060587428694
132,33.6347,114.6758,-0.0025172813431993
293,37.7394,112.5583,-0.0020707236339981
138,30.2313,115.0601,-0.0013874827040973
833,47.71611111,13.63222222,0.0004388442442147
285,40.8033,111.6572,0.0012501336549562
866,50.979455,11.037924,0.0012604456672729
732,45.9225,6.87,0.0029043873530918
410,27.9831,116.3544,0.0052178942405771
751,49.259552,2.474397,0.0068860909027939
794,65.04338,25.4979,0.0075117644151866
1446,43.670834,-110.59947,0.007877852187904
393,39.0927,117.202,0.0081355764002635
2,43.8306,126.555,0.0087890464336477
334,31.2284,121.533,0.0098101953558861
820,48.753179,21.245046,0.0100391910358652
566,28.0089,120.634,0.0107385792142632
1233,47.30737,5.065881,0.0122252643537771
222,39.3522,112.4397,0.0123690071634942
339,32.0005,120.86,0.0123866652536975
1114,51.45258,0.070766,0.0125384477856527
1103,47.4029,8.6134,0.0125842774369767
274,38.3254,116.8584,0.0161531531344519
917,47.72514,10.306561,0.0165062387746104
481,27.8403,112.9118,0.0167333256133174
667,26.6027,106.7109,0.0181661479455012
83,34.3731,109.2186,0.0212928381190231
1078,41.03028,21.33667,0.0213361435526635
1352,31.893913,-106.42583,0.0218871848097916
1370,42.51334,-83.005974,0.0246232400382418
1036,51.360755,9.271233,0.0249690500084521
213,43.1713,124.4002,0.0254192961933235
1349,43.1818,-87.901,0.0260049192431317
947,48.33472,16.729445,0.0273360867012814
956,44.9513,7.6362,0.0275602576882182
1400,30.439722,-84.34639,0.0282471541337851
1055,49.73244858,13.40228081,0.0290514616106703
1310,45.2384,-86.994,0.0292189398983543
76,40.7514,120.8392,0.030811348969946
485,31.0201,103.6202,0.0308200108287346
1207,38.748611,-9.148889,0.0310290199453674
1344,41.84046,-72.01037,0.0311195445192326
1092,48.19223,14.51954,0.0316783509733748
1261,35.63348,-83.941605,0.031991485848835
1449,27.946688,-82.731766,0.0320575554862963
1403,29.939613,-89.92388,0.0320902620554109
1426,30.848612,-85.60389,0.0330623573350259
184,30.1256,104.6296,0.0336856055885182
931,50.12218857,14.46757793,0.0339603501517251
248,30.8792,117.7439,0.034841166619122
154,32.8605,115.8554,0.0397411539146464
1311,40.712776,-81.598335,0.0408948691121742
1450,43.34317,-87.92087,0.0410058178109912
1250,44.18089,-85.73898,0.0417389505086632
441,29.5102,106.5777,0.042287599746299
633,36.5819,101.834,0.0425169575758362
1357,42.14175,-80.03861,0.0426853638238222
752,45.3189,8.4024,0.0437751705782759
1054,40.62984,-3.17159,0.044062167555415
1120,50.94535924,3.15240159,0.0447268265562571
564,29.8566,114.2936,0.0462694321165784
1340,29.723333,-95.63583,0.0478817971761858
737,49.233464,6.987601,0.0484984323900287
1117,51.0612777,3.77526239,0.0490167340075864
791,56.00833511,21.88694763,0.0492024995765916
1065,48.947611,13.420573,0.0502686896156815
705,45.5588,8.0564,0.0504208074751142
1168,43.79306,11.09778,0.0506191540291738
797,46.7675,15.956111,0.0507110962176878
1425,40.304695,-79.50567,0.0518597273377342
1019,52.437165,-1.829999,0.0538921659360634
572,38.4418,106.2266,0.0555158067913391
1044,53.064262,14.285139,0.055658925455787
430,29.3578,113.1094,0.0568104680755613
264,47.4311,128.5159,0.057330092982796
414,26.585,101.7169,0.0576982387174578
169,37.9251,102.6201,0.0592240889857295
27,40.8434,121.0533,0.0610072656397312
1355,39.80933,-80.26567,0.0616605509577237
698,49.77012634,13.36822128,0.0622179873300363
321,36.6133,114.484,0.0631224964820384
59,30.8023,106.0789,0.0639572431736914
590,37.9844,106.2025,0.0645716656283731
693,43.30277777,-1.98444444,0.0683336051129765
600,26.5917,104.83,0.0688440199540885
294,30.7478,120.726,0.0691978930068355
1133,49.07655,8.40666,0.0694508657987249
865,50.978292,10.317236,0.06964564770564
644,37.4658,118.5019,0.0705875494847014
909,49.41123199,14.67638874,0.071484548210496
806,47.128863,10.034324,0.0725856435603973
33,34.3739,107.1186,0.0730586086690037
795,48.2702,16.2972,0.0739083991951802
92,38.5036,106.1358,0.07513324864778
990,42.697918,9.446417,0.075693018392167
810,47.4885583,12.066633,0.0756978425872134
700,43.610497,2.23015,0.07669593891748
1080,50.970024,9.80026,0.0770598340230636
876,44.99694,11.07083,0.0787655618637778
1039,50.766815,7.973542,0.0787658852405752
992,47.538193,6.868361,0.0791664401646415
676,49.224167,4.020556,0.0799971518431606
400,27.0999,114.9658,0.0811315782513564
350,31.7069,119.9468,0.0825381417273792
760,47.594257,1.302667,0.0825757592667565
830,48.733256,19.115268,0.0827162123807138
126,37.5433,121.3719,0.0865925933306038
861,46.765425,23.550258,0.0887757859149717
314,31.8707,117.2588,0.0897476338541941
888,46.58389,0.345556,0.0904791404792123
395,39.1082,117.237,0.0917755705566469
526,27.8851,102.2685,0.0921316965091489
1330,40.92458,-75.06782,0.0930130221716673
374,43.8805,125.3297,0.094050110516415
298,34.77134,113.65724,0.0971725720116477
1421,39.46048,-76.633545,0.0977892971912465
1020,45.560556,11.539722,0.0988899376499299
1339,38.8577,-77.05922,0.0990694922262718
480,27.5002,114.0997,0.1022618688384736
55,31.4668,104.6697,0.1029379874413957
1066,45.263142,27.969506,0.1036154985378642
853,41.694342,24.738078,0.1040291351147057
560,34.343,106.0055,0.1059322887679053
925,52.99875,11.73846,0.1063647480528896
873,55.39638901,10.38917255,0.1067791881562332
247,30.9412,117.8177,0.1097394143182334
1433,40.56252,-80.503944,0.1118882410020766
1160,42.36831811,1.776783258,0.112938918591177
646,36.6331,117.9592,0.1142258669082996
227,37.7067,112.7249,0.1144826657217237
97,35.2375,115.4747,0.1156503696721115
1278,41.24045,-80.66272,0.1166246325027642
301,34.7525,113.64164,0.1173985913092969
599,32.3153,118.3093,0.1176699373130584
228,37.6982,112.6991,0.1177153955696636
591,36.61763,114.5129,0.118135445233302
279,41.0026,117.9268,0.118229335256136
962,45.957778,12.618611,0.1193181035909917
488,43.9174,81.2996,0.1195679663439357
205,41.998,121.6094,0.1200410257693557
948,46.6775,12.972,0.1203367733887288
1106,50.84971052,4.33410368,0.1206131227208368
1062,51.321364,12.032141,0.1207269899344696
1155,43.26444,-4.06278,0.1230089789527682
996,49.32273,11.02792,0.1237659180624331
237,50.2341,127.5144,0.1258281004887557
66,39.8129,110.0023,0.1266143059452802
290,37.9854,112.549,0.1268655263004327
679,48.899233,9.172792,0.126932470050561
88,34.3474,108.935,0.1275122315368003
1382,38.06503,-84.49761,0.1282711047545735
337,31.3097,120.669,0.1283652768274578
1182,51.839382,10.790143,0.1297459548231439
691,48.001511,7.832122,0.1298847379272117
753,42.33611,-3.63611,0.1307366961881123
918,48.904228,11.948795,0.130956239088312
267,46.8028,130.2751,0.131179699921955
217,39.3278,112.4072,0.1322033659448752
239,46.6365,126.9785,0.133724487535793
982,50.892377,14.822846,0.1347498393111056
1328,41.05192,-73.76366,0.1349041938459071
1022,50.775482,3.12568,0.1365986088642864
573,30.4663,106.6271,0.1377272006866896
601,27.0803,114.9754,0.1388576640061418
451,26.4365,106.6555,0.139124296268935
641,24.7791,113.6735,0.1393695552712927
484,35.546,112.8453,0.1395374382175428
1041,51.462734,13.526796,0.1430030458436818
289,30.4183,120.3019,0.1432640043853393
1434,43.68578,-74.98538,0.143476928711885
976,45.56472,5.928333,0.1442765769331176
1338,38.48123,-77.3704,0.1448018021836499
859,43.305286,5.394716,0.1453532380906117
845,47.561944,18.960008,0.145703737680729
148,33.5698,114.0261,0.1462681599042335
72,40.1461,124.3933,0.1463611942193892
1148,45.1619,5.7356,0.1466088613278619
847,41.97833,21.47,0.1466345113174094
110,42.2728,118.9576,0.1468108146703248
1380,44.310555,-84.89187,0.1491451741407168
780,46.58967,11.43317,0.1502892055709034
383,39.9611,116.2878,0.1503378506563671
858,42.732292,23.310972,0.1504139986890081
1329,32.726658,-103.12292,0.1507688023444607
1082,50.16443,9.399441,0.150827814050772
346,32.0309,118.8109,0.1514610957090431
257,45.3039,130.9429,0.1535584994999754
409,27.7844,114.3956,0.1544466185677531
835,48.39167,13.67085,0.1545360016588607
929,51.897598,14.057064,0.1553955617762798
1194,49.18742,6.910867,0.1559153736878685
369,45.8167,126.561,0.1569991662537226
531,29.5822,105.0406,0.1582683707628898
639,33.3942,120.156,0.1586136139845451
733,48.051117,7.011114,0.1591596964974764
731,45.0419,7.6259,0.1592890559048388
378,43.9166,125.3325,0.1606837397998449
467,29.334,120.04,0.160791914834008
908,49.73508453,16.03419685,0.1615994479989036
1341,29.625557,-95.26722,0.1620275126266558
848,46.62936,14.28931,0.1623470767801662
819,45.6642,8.1598,0.1626317320659716
1347,37.71325,-119.7062,0.1626424131623402
922,47.649258,26.249011,0.1633553839864838
933,46.401944,13.011111,0.165151958598113
442,36.7729,119.1936,0.1657631222096912
622,39.2474,117.7918,0.1659089120632048
310,36.663,117.0495,0.1671512926845982
1096,51.838221,5.856938,0.1678315306973499
923,51.054558,12.141322,0.167952808321414
556,29.5698,115.9773,0.1687919321271402
580,30.4519,114.8858,0.1689879937369011
1333,40.06483,-74.44405,0.1694582205408122
938,56.672901,12.8576,0.1720067549506741
191,31.8896,102.2502,0.1744390877589117
1281,35.76541,-82.264946,0.1758065273195813
141,30.2092,115.0307,0.1761767236421371
263,46.5656,131.12,0.1769056827427699
95,36.1856,113.0844,0.1785709115071721
327,31.1907,121.703,0.1797617872762638
462,31.955,119.18,0.1823130173133725
842,47.091111,17.901122,0.1828134737453722
716,49.94498825,17.90953064,0.1838198074435797
155,31.737,116.5079,0.1845249035703102
1386,41.81305,-88.07283,0.1856205822553525
790,46.835,14.84361111,0.1864249130018138
1271,40.0877,-82.95977,0.187951053523611
946,48.930932,21.913705,0.189408197064757
1276,38.81194,-76.74417,0.1909880561563453
1440,47.5525,-122.06472,0.1917133473265531
1075,44.319639,28.610292,0.1942830505113547
1169,45.84299,13.54308,0.1945665777043325
1145,50.42864609,14.91385937,0.1947575000659454
785,60.608299,15.6294,0.1982572929950084
642,24.7733,113.5824,0.1993829318688594
703,50.02403641,15.76354885,0.1996292692621933
232,37.5211,111.1406,0.2001760814335065
1069,52.398406,13.368103,0.2009397156167624
493,31.9037,102.224,0.2015757190190925
362,40.7866,111.5512,0.2018880111872753
1254,34.002747,-89.79919,0.2022841625367152
1331,41.058617,-74.25555,0.2037027346662091
1356,39.96111,-77.475555,0.2041887738935497
991,47.2474,6.015419,0.2043859535499342
101,36.2125,113.0886,0.2049507364106294
91,38.4975,106.2328,0.2054381452767279
683,45.6725,12.238611,0.2070503316590411
834,48.257474,13.03923,0.2071522391939917
1118,50.65844442,5.627835291,0.2075051975313511
1204,41.886019,12.541618,0.2079972248899103
449,31.155,120.636,0.2085034361136656
84,30.6306,104.1122,0.2092720010378491
901,48.68817,6.190431,0.2096742879579786
1050,46.522,6.63963,0.2097370623690752
280,40.9763,117.9392,0.2100676034518714
37,41.7166,86.1972,0.2119980351079128
612,24.6947,108.0497,0.2127209308558025
798,42.404687,12.857794,0.2128853767020507
1409,43.54792,-96.70077,0.2141700784463832
1084,52.25534,8.05286,0.2153427469637646
595,34.4285,115.6702,0.2161376452038758
775,46.06554495,14.51272032,0.2173904706665272
233,37.5136,111.1297,0.2193099637932886
979,51.396095,12.234054,0.2204312478015699
522,36.1758,117.1089,0.2216754598467759
630,27.9119,112.9074,0.2264662664894843
491,43.941,81.3364,0.2265768088258072
100,36.1989,113.1031,0.2265969447714247
653,29.6277,106.6556,0.2267803266574092
1018,45.000278,9.009444,0.2275243700191598
930,51.746848,14.33447,0.2300395327111476
142,32.395,111.0419,0.2304641430617174
1219,47.60472222,15.67305556,0.2311752595388747
940,48.248993,16.357079,0.2319577452137852
117,36.4372,115.9848,0.2326228686740831
1127,45.5966,7.76643,0.2334605472964132
756,43.16832,-2.63794,0.2341063108358368
1268,40.026035,-82.433,0.2346918314101905
887,52.039023,4.359376,0.2354556125575962
1381,38.548138,-82.73116,0.2358885574778176
1131,46.112775,24.22805,0.2361246104260092
1302,37.1655,-78.3069,0.2361724260709203
827,45.193889,9.164722,0.2372504669994048
358,41.6989,123.4231,0.2412307839676313
235,41.9419,126.4077,0.2453908057655023
1035,41.554167,14.674722,0.2470852433215217
674,50.007629,18.455548,0.2481245433036098
1299,63.7232,-148.9676,0.2492835182555673
783,41.669172,13.674326,0.2496443381300841
651,23.1522,112.5544,0.2518058124324379
832,48.53111111,14.57472222,0.2519078319922604
1029,42.53417,12.52194,0.2519763774885058
974,49.841221,7.866222,0.253168313012634
328,31.1654,121.412,0.2534020628671191
1028,44.39703,8.20604,0.2538639744721747
968,50.889871,6.985074,0.2560158566245961
960,51.25210341,4.491362028,0.2578864773449089
244,46.8032,130.3648,0.259077197465575
1408,40.3663,-80.6158,0.2597382599473824
96,35.2464,115.4208,0.2611416906082969
736,49.254344,6.867744,0.2621203178851234
188,30.5232,105.5582,0.2624665502373369
30,36.6106,109.5056,0.2681215555485874
438,27.8336,113.251,0.2686626214407155
174,42.8172,93.5128,0.2686838406233371
551,33.015,114.0114,0.2688698225710472
1058,46.064275,23.563517,0.2693296298605049
121,36.4847,117.8525,0.2711617815655192
723,46.19583,6.240556,0.271744176204884
1404,39.99139,-75.08083,0.2722112883529841
471,29.7091,106.4522,0.273026196305756
234,42.8845,125.1358,0.2732271807159409
1319,39.866833,-88.92559,0.2738332976415487
1416,39.28102,-78.08157,0.2741952856643136
770,45.4512,7.878,0.2747060376405626
749,43.313,-7.6937,0.2755703143730943
416,28.2264,117.0222,0.2766541951131115
1288,30.229652,-90.96563,0.2774995790827472
1109,54.334944,-0.80855,0.277933880000981
1292,35.320107,-97.4841,0.2790322021098841
1210,47.068717,21.927233,0.279229443522285
635,23.691,113.0426,0.2793568173190237
1100,50.85671305,4.425760659,0.2795010228695442
311,36.6868,117.0624,0.282093341712431
555,31.7231,118.5228,0.2822973449992295
307,30.6189,114.282,0.2834295265231625
193,30.0475,101.9603,0.2837937675721814
130,32.1195,114.0775,0.2866859550114735
1166,41.04,21.3564,0.2872275527197593
486,45.6094,84.895,0.2875077207306396
9,44.6075,129.6364,0.288172693747652
707,43.230297,0.062339,0.2885001618785316
764,45.869995,1.31,0.289894743568358
799,47.09436111,15.41511111,0.2901766146834846
1004,51.52229,-0.125889,0.2908741782439764
988,47.34414,0.653778,0.2929357886883887
107,37.8486,113.5819,0.2930177342920261
886,53.246535,6.608937,0.2930884728999113
912,50.04613113,14.33141327,0.2945927522211447
567,26.0746,119.317,0.2953597529413424
147,30.9891,112.1969,0.2954087591660898
1384,42.334984,-89.03777,0.2978783985147164
1097,51.05833172,3.729298172,0.2997370545042693
1317,42.060284,-87.86323,0.3002327883205848
345,34.2384,117.1918,0.3002658516263077
1256,39.48599,-87.40131,0.3014993386503357
980,51.317905,12.297411,0.3015237528919647
552,28.6542,121.419,0.3017320134064542
965,45.59667,5.918611,0.302386633072522
77,40.7677,120.8695,0.3028327041404492
577,30.6558,104.0219,0.3034015485338325
320,38.8632,115.493,0.3045594165794819
970,51.698954,7.122684,0.3052291301644523
1200,43.89555,25.956575,0.3067854881385413
1419,41.645382,-70.89751,0.3079648208609757
394,39.1661,117.1444,0.3093471737050385
1098,51.15013609,3.80873543,0.3098864578477942
1197,44.429489,24.351389,0.3100998544965384
317,36.6734,117.1265,0.3107601843518621
1298,64.84569,-147.72742,0.3109958285188708
838,45.1391,7.0501,0.3109963258356399
1272,40.084515,-82.81558,0.3110775649240367
1274,41.53694,-81.45887,0.3114352939608488
1037,49.83918762,18.26368904,0.3116290913045255
937,57.8634,11.9216,0.3118464102968141
518,29.5844,103.7627,0.3123013488827907
889,50.74823,2.25978,0.3127255946409973
292,37.8692,112.5369,0.312921492446861
1410,29.68639,-95.29472,0.3132138224644388
1245,33.81468,-80.781136,0.3136848880108545
951,47.4387,8.57012,0.3138170788777753
459,31.656,120.734,0.3144540832637961
685,48.85731,7.314175,0.3150017647696483
763,46.17,1.87,0.3154174319620211
814,45.79728,3.113833,0.3226935009975797
1308,42.5956,-87.88576,0.3248242103973647
1269,44.351696,-68.22698,0.3252585057972258
458,31.381,120.999,0.3277073364275716
392,39.0343,117.707,0.3285708414802863
15,43.8245,126.5052,0.3298253722840197
303,36.5713,114.4918,0.3307040588463462
399,29.4572,106.3754,0.3307048644420572
276,30.8669,120.0751,0.3326706911899527
910,49.20272446,16.61628723,0.3327241535021577
1129,51.49633,-0.460861,0.3330342904383612
1265,35.233475,-85.18158,0.3333876642257695
183,31.7275,113.3583,0.3343469005935313
532,27.725,111.9975,0.3361040620378645
25,41.3472,123.8142,0.3373015518183798
989,53.63074,10.110595,0.3378091336596251
815,49.028057,2.750278,0.3378390446985175
533,30.5366,105.5861,0.337847672915267
625,33.4022,120.118,0.3390171649142315
505,27.5721,109.5981,0.3400053896268915
807,47.410164,9.653713,0.3403681752561333
319,38.9108,115.4713,0.3426860713702094
363,40.8062,111.7276,0.3446199690251931
340,32.02,120.87,0.3453873120537181
1017,53.187222,-6.121667,0.3456554310953038
916,48.397079,10.008293,0.3459098948863382
900,66.3217,29.40157,0.3460805494194353
1279,39.9428,-81.3373,0.3477713385386502
1442,32.52127,-84.94463,0.3478163416674817
1190,49.784339,22.756239,0.3478997461189239
312,31.3019,120.591,0.3494667945768953
936,50.85780611,4.288706017,0.3499338476344926
81,43.831,87.6432,0.3524314408205418
1358,40.24699,-76.846985,0.3528879107216571
527,27.8914,102.237,0.3529392257105044
144,32.5714,110.8839,0.3534178364720818
71,40.1503,124.4256,0.3534573630909906
851,43.126475,25.691211,0.3545047489326781
379,30.6319,114.135,0.3546571171685975
1273,39.70595,-79.012,0.3551108911957681
243,32.9673,117.3533,0.3559508758136129
1411,34.623238,-82.53206,0.3582257302659035
856,42.680558,23.296786,0.3591667003194651
826,45.1546,7.658,0.3591978315843693
762,45.158745,1.537222,0.3600996163981331
408,27.0968,115.0093,0.3642944071575867
541,27.7044,111.9892,0.3645102249786905
1324,40.283092,-74.742615,0.3648831745341691
1389,39.40745,-94.26537,0.3656576503073169
182,36.5446,104.1724,0.3667408850482085
185,31.6908,113.3833,0.3691414401647248
1306,44.70735,-89.77192,0.3697478092727947
7,44.561,129.61,0.3700266479142691
907,49.40159607,15.6102457,0.3706286134641617
1047,51.862042,6.874469,0.3706838510914428
530,31.2827,107.5277,0.3719759297704813
961,50.79664963,4.358623958,0.3721087919306164
944,47.04472222,15.15277778,0.3737280401110191
722,49.40619,1.15515,0.3751293281777875
884,59.20243,9.4871,0.376465584061228
1332,35.9138,-81.191,0.3779340241183261
986,46.802376,4.417486,0.3782351276674415
743,58.370556,26.734722,0.3783011957646549
261,46.6191,131.1652,0.378452715311172
981,50.731478,13.75145,0.3788094152300461
747,46.671307,5.556806,0.3790033104519074
1321,40.72099,-74.192894,0.3797692898315801
999,44.98375,26.015214,0.3803952013459815
265,47.7412,128.9102,0.3808996932921096
166,31.0386,112.2213,0.38146474797105
1006,51.27399,1.098061,0.3836132671538205
939,46.23451421,15.262476,0.3852642539514154
1215,53.694628,19.968892,0.3867075873042007
474,30.2111,120.2072,0.3867256606362815
818,45.772167,3.0875,0.386925426351377
1230,49.28222,4.051111,0.3871572928683958
397,26.3003,106.805,0.3871812159547873
1094,55.46333313,26.00416946,0.3877624448646719
1429,40.689255,-122.40219,0.3896960737199852
664,34.6692,112.3628,0.3899119513339972
825,48.04944444,14.44277778,0.3925336133861981
1431,40.73614,-73.82153,0.3936867156016148
269,39.6973,106.8174,0.3937506084221782
538,28.2675,109.6958,0.3942946288225829
1323,43.14618,-77.54817,0.3944673905208167
68,40.6511,122.215,0.3967287458137528
1316,29.632057,-98.56493,0.3974918403002834
1007,48.9964,1.7033,0.399066022754996
1091,46.708333,14.891667,0.3996973910565426
661,35.4828,112.8271,0.4021393244981909
673,49.419528,8.6767,0.4031397028943747
1070,48.889039,8.665536,0.4050598501085625
1454,39.96528,-76.69945,0.4053584335842982
452,24.5058,118.0936,0.4072519837297782
963,49.462229,11.0248,0.4075670641256471
521,30.5944,114.3014,0.4085199118459287
1407,41.965195,-87.87627,0.4106063595995528
354,41.7653,123.4114,0.4126330226522146
1033,45.038333,9.669167,0.4134727487332801
187,32.4287,105.8628,0.4152438863283987
163,35.303,113.883,0.4172586784070824
204,38.8411,105.6985,0.4205640748988005
868,47.739919,26.658519,0.4224055246346093
1014,50.32276,3.39593,0.4257051699091977
105,37.8572,113.5758,0.4263294422812959
647,36.8406,118.0253,0.4263668177909898
1142,46.632142,27.730886,0.4273246276085509
236,32.8977,117.3145,0.4293446020672232
56,31.1208,104.4239,0.4328704448580138
135,32.9692,112.548,0.4346683264330996
398,29.7166,106.6205,0.4354771299658146
952,46.951,7.44087,0.4362305383977512
288,30.2692,120.1903,0.4374836030025814
1162,45.96141,4.465711,0.4382652410388269
1264,35.10264,-85.16219,0.4386613607243846
816,49.211447,18.771215,0.4386853419822571
913,50.08148193,14.4426918,0.4406845230929492
998,48.173194,11.648036,0.4412233185721891
1167,44.92008,2.441082,0.442864116632044
973,49.446,7.7673,0.444835825542456
692,47.660056,9.485675,0.4449437628852138
268,30.6764,104.1419,0.4459675143250748
335,34.2778,117.2933,0.4460847809541626
370,43.8325,125.1761,0.4461012036321328
993,47.62,6.157611,0.4475256077769909
226,39.9289,116.4174,0.4475411080680132
720,47.3456,5.002377,0.4478152697682347
656,36.0822,111.5169,0.4495659935732918
1294,44.735977,-68.67075,0.4501274913256019
1124,45.690278,9.643889,0.4513064344464975
1068,47.145014,23.877389,0.4515869170686086
1397,33.331112,-87.00361,0.4529558242382558
315,31.8571,117.25,0.45301654665404
510,26.9056,112.5664,0.4547990014975948
1390,38.65643,-90.19835,0.4553164137641277
771,43.3583,-5.8664,0.4574394839666385
846,47.105278,17.556667,0.4579310168485346
862,51.921389,4.401389,0.457945372544057
432,29.7228,106.6263,0.4587351381558464
242,32.8911,117.4185,0.4591321700593093
1398,27.939747,-82.000084,0.4611160825490001
547,44.5782,129.6115,0.46145170589541
604,25.8481,114.9461,0.4624358520010934
660,36.1851,120.3905,0.4637766247333405
817,47.8055556,13.043333,0.4641451634914594
468,47.8517,88.1264,0.4707257593871594
1455,38.23887,-82.9881,0.4716507404501993
1235,40.3597,-3.5429,0.4741209341647202
389,38.0058,114.4586,0.4742284700583515
1132,49.165508,9.224786,0.4744486283000206
1135,52.22174,-2.736665,0.4783666996631489
524,29.9833,103.0111,0.4791472755554563
767,44.013056,12.42,0.4804060788230017
514,28.6842,115.9314,0.4805580975233505
578,39.1067,117.1941,0.4809069040748931
971,49.438464,12.548869,0.4828336238903863
761,47.751475,23.605325,0.4830726290917231
1422,44.616943,-86.109406,0.486811659156975
725,49.02134,1.148319,0.4881412777582511
1360,40.107224,-74.882225,0.4900886436762676
1362,41.265556,-75.84639,0.4905342792318459
308,30.6217,114.3646,0.4921725323670965
1224,53.74878,-0.341222,0.4932918098092679
1289,35.379166,-82.7925,0.493544250281179
1388,37.70097,-94.03474,0.4951189959709886
1379,32.50996,-92.046196,0.4965678814218746
1030,50.5976,-3.71651,0.4970831228870358
104,36.0714,111.5028,0.4993766166630898
1183,51.303394,6.819887,0.4994414632933076
216,41.7325,125.9446,0.4997480337814162
935,50.88369465,4.382977505,0.4998680347588322
1181,50.30886,2.807369,0.5005448958812103
1087,50.383217,8.060998,0.501378396844064
1144,42.58194,12.62361,0.5020636991910954
924,49.544078,8.465281,0.5021372311742365
969,51.453459,6.86505,0.5044912704216105
586,35.7668,115.0,0.5057762368148674
1177,43.3665,-5.833,0.5068984040584182
728,49.442356,1.093789,0.5082381720496949
425,29.9572,121.713,0.5090087358020822
495,28.1944,113.0014,0.5095774135346991
1108,40.3419,-3.8337,0.5103340920729568
391,38.8394,117.457,0.510918614335973
1184,51.525955,6.97688,0.5113413881817398
1277,39.42689,-84.20077,0.511835335880272
666,26.5424,106.674,0.5137452507531864
606,27.3033,111.5239,0.5139354345066683
499,34.77172,113.73961,0.5167136809930256
704,45.569,8.1876,0.516775293732827
1372,46.81826,-92.08936,0.5183457879599488
1128,45.371944,11.841944,0.5190916195051608
1260,32.82006,-96.860115,0.5207885108881785
1253,48.41252,-92.82922,0.5215909171187258
1021,45.89,0.9,0.5221945462120062
31,34.3017,107.0708,0.523315677691747
1003,48.77586,5.162789,0.5233527233204935
558,29.7535,116.0721,0.5242931371673178
1391,39.749027,-86.18627,0.524590723109351
966,51.406846,6.965589,0.5246484171954731
759,45.84083,9.34889,0.5254316986472951
336,31.2472,120.561,0.526049642104653
28,34.6886,112.494,0.5285280190839569
681,48.847917,10.096292,0.5292794419301474
777,46.13111418,14.99611517,0.5298112186113434
632,22.5311,113.0219,0.530371633265007
950,50.46519216,3.939714326,0.5318202449545943
20,41.8611,124.0436,0.5348831346034033
1218,51.028931,7.004976,0.534933968337863
637,36.913,121.531,0.5354145213991222
1104,51.75816,10.61248,0.5359851028924647
881,51.468662,5.47235,0.5365109978792822
1335,42.09142,-77.20978,0.5370058164942835
253,47.3086,130.2684,0.5370787116020315
150,33.5699,114.051,0.5423093301696842
669,29.4251,113.1493,0.5444635741724296
1445,35.988277,-77.5843,0.5456265198754052
954,67.878588,21.062962,0.5465598286765242
1191,48.445553,0.110833,0.5466641623871764
1297,48.5103,-113.99681,0.547961605720353
1437,29.823318,-94.98379,0.548146860530511
1337,38.20087,-77.37742,0.5492478963919875
615,37.6828,112.7195,0.5524841864581095
874,45.60822,5.270872,0.5527198640419158
1427,39.52508,-119.80772,0.5537144875745394
215,40.761,107.4212,0.5552031673552522
875,40.641111,-8.100556,0.5558543445468573
483,38.5167,102.1692,0.5578010230340099
440,29.3547,110.5594,0.5581607689382606
473,26.6272,118.1756,0.5613464039167417
1291,39.9878,-79.2515,0.5614140484300206
167,30.4742,114.9028,0.5617805718227782
1295,41.6175,-87.199165,0.562042106297182
659,36.0855,111.5018,0.5624902375478785
882,51.60308,4.781016,0.5642382017331541
584,41.7173,125.9358,0.5649212986245167
898,47.737415,7.309075,0.5692785952374493
171,35.5307,106.7021,0.5699362925337774
1309,45.56498,-88.80859,0.5716211598683669
482,31.5031,120.242,0.5719926635464068
1436,28.332226,-82.30564,0.5722031574393976
1002,53.37287,-3.022722,0.5742619298426215
1318,42.04915,-88.273026,0.57449885971337
802,49.119442,6.180833,0.576001300468605
984,54.09323,10.240596,0.5768730325760553
390,39.9136,116.184,0.5769775379712068
746,42.14326062,2.510206967,0.5785683860383168
1320,40.136337,-111.6605,0.5788179658424003
1059,48.18169,11.46445,0.5789560775658691
717,43.404011,21.947746,0.582693996370341
796,48.1061111,15.91944444,0.5827541788345447
296,40.8336,114.8883,0.5840359946130755
800,45.655,10.20083,0.5852797417744218
1027,49.90167,2.304597,0.5891172266815573
1081,51.90158,10.48132,0.5913563271613428
748,43.2941,-5.6796,0.5928829590304026
428,30.7819,111.3275,0.5933342071584696
1361,41.44278,-75.623055,0.594266439311688
702,60.37288,11.07407,0.5943818552316752
581,42.0353,119.2658,0.5944080847975315
610,30.8955,120.0875,0.5952570168898746
1060,46.564369,26.910667,0.5954712687713041
1034,43.66028,11.90167,0.5960027832059727
461,32.6524,117.0067,0.596012767132733
116,37.4451,116.2991,0.5961947370609558
443,49.2261,119.7594,0.5988300264047016
1173,50.900317,5.986853,0.6015511629808978
256,45.3001,130.9762,0.6027835180065129
750,43.2757,-5.596,0.6035763434364633
964,49.300731,8.700103,0.6064227182145847
654,28.4586,119.93,0.6075654828130143
789,45.0249,7.6491,0.6082621410947416
43,36.1017,114.3551,0.6086436037847551
943,47.05917,15.016667,0.6094023176460087
1402,43.656765,-70.629135,0.610525693766201
1101,42.056383,25.59345,0.6136612483517143
1001,47.73344,12.891241,0.6138444930350198
1024,47.054443,-0.886111,0.6140605052480559
349,45.7258,126.6411,0.6146390073754273
1364,36.060894,-86.28629,0.6151443907081474
634,36.6428,101.748,0.6164285664073277
1251,35.59095,-78.4622,0.6168282079176789
543,29.315,110.4417,0.6178566773998598
987,49.052284,8.253538,0.6183427373922262
200,30.6145,116.9896,0.6211003121622893
1296,43.4351,-89.67979,0.6217024686854983
1290,35.587143,-83.07416,0.623814277337129
562,22.2281,113.299,0.6273347464529303
417,28.2475,117.0311,0.627975849203755
1248,41.4271,-80.1451,0.6283280517990628
299,34.80246,113.67526,0.6290656174187702
406,30.1819,120.2697,0.630421364778497
424,33.774,113.182,0.6331964197512508
1000,48.021657,12.538174,0.6382241103803628
867,51.207944,10.450997,0.6389880448958529
258,47.3416,130.2537,0.641566418518539
212,41.5646,120.4521,0.6436368849643868
1280,41.420883,-82.095726,0.6440773050663012
1049,50.877923,12.0749,0.6454666277502015
1048,43.5589,-5.9275,0.6466064085201491
804,48.124711,17.125496,0.6476562936982448
145,32.0564,112.1392,0.6482675550162853
697,49.66958237,12.6778841,0.6492563609212085
781,48.167961,17.106244,0.650252361564494
841,47.557222,18.420836,0.6523200537861578
278,39.5111,116.6708,0.6527923097191274
803,48.16206944,16.52561389,0.6560372346668929
854,42.666508,23.400164,0.6565255275996285
1232,49.15167,-0.352778,0.657092519699192
893,45.7789,4.9247,0.6572718886922682
569,26.8906,100.2203,0.6599300232779332
605,27.2442,111.5283,0.6675553520247056
396,39.6506,118.1705,0.6688679948374754
675,48.962223,4.36,0.6711005783570849
1234,50.44914,2.9,0.6737170416111216
870,52.800773,10.756733,0.6743031218026887
511,26.8919,112.6006,0.677641078812541
1086,50.13577,8.92157,0.6780171970452245
57,31.1317,104.3826,0.6802240219300487
23,41.2864,123.7669,0.6812153836384949
994,49.872303,8.664619,0.6829605671144648
658,29.4875,106.4782,0.6845750565215648
13,46.6215,124.9042,0.6859538020656856
137,32.9771,113.9976,0.6894388807557187
1373,38.45934,-82.64041,0.68997218749391
402,29.4906,106.6349,0.6913864434061222
708,43.09625,-0.040497,0.6939808932961584
1195,50.0075,20.259167,0.6957317533203439
287,33.9592,118.2442,0.6970338585899822
921,48.773072,8.220214,0.6974184267021647
1394,33.553055,-86.815,0.6974287819568734
1262,36.085506,-83.76481,0.6982215397388781
523,29.9775,102.9905,0.701968663077046
1125,47.565439,14.244676,0.7019984129229387
466,31.4,119.46,0.7028026114251338
162,35.7306,114.2878,0.711579523510651
5,47.3227,123.9483,0.7120997555866195
447,31.388,120.953,0.7121536371531311
1304,34.474525,-85.408844,0.7141637072989278
1255,38.013332,-87.577225,0.7159818451501127
381,39.8863,116.4072,0.7160720187367614
603,32.4535,105.8945,0.7164887765460788
1249,36.306965,-79.09197,0.717355133350606
1420,35.158688,-78.728035,0.7174605977627465
479,27.7019,106.9242,0.7185620485358039
1159,49.851334,3.284,0.7205344206841501
623,33.5828,114.0138,0.7222462215911141
1188,53.59617,8.09059,0.7229568942003772
475,29.3867,117.3102,0.723375238923767
423,32.0754,118.7997,0.7245863596431186
221,35.4897,112.8676,0.726021985874753
995,53.56414,9.967882,0.7267965173326708
302,30.558,114.2529,0.7297600784320291
500,30.2798,109.4707,0.7304461844342237
177,39.4467,76.0072,0.732561252060654
431,29.8253,106.4213,0.7328778345876426
1053,50.125332,8.746343,0.7368705796374001
668,26.5161,106.694,0.7374607044384741
120,36.8103,118.0414,0.7382638330938217
1146,49.514959,8.402331,0.739375737702455
401,28.793,104.563,0.7407356692252883
855,42.142889,24.765239,0.7409761059811081
1238,40.6646,-3.7739,0.7414495842233056
1439,39.310833,-76.47444,0.741622482606824
849,47.676111,17.649736,0.7434836947773216
1099,57.810833,15.564736,0.7462142151838752
54,31.4535,104.7563,0.7475431089197553
60,41.0971,122.9642,0.7525230222617851
1046,40.33639,-1.10667,0.7547413176605962
1401,30.681719,-91.36625,0.7551979555206024
540,28.2558,109.6414,0.7582968942805351
405,28.7562,104.639,0.7611788436269736
911,50.11108017,14.50309563,0.7614534588635442
446,27.6434,113.8385,0.7632948478412364
1143,52.411563,-1.560228,0.764932484485685
418,28.2642,117.0564,0.7656661395842661
504,26.4364,111.5992,0.7672563716666194
403,27.1312,114.99,0.7675449716378723
779,45.93766834,13.91156335,0.7675541305376444
677,43.2561,-5.7759,0.768156950933974
1042,53.924712,9.532635,0.7695196462463367
686,48.610363,7.781631,0.7709006503924866
53,30.3544,112.2008,0.7714564373799107
1392,38.71085,-90.47606,0.7764779957968552
1005,44.7037,8.0333,0.7783717659486598
837,44.73473,9.36693,0.7798462294370095
902,45.038831,24.298631,0.7809761802432033
726,43.3069,-5.7057,0.7810252582914258
282,30.1808,120.0883,0.7813596871550612
323,33.575,119.007,0.7818674080754853
1383,39.117218,-94.635605,0.7862480213550003
776,46.651838,16.196777,0.7874139623009337
433,32.0931,118.6414,0.7878248822331559
649,28.793,104.6055,0.7891948027502554
1385,38.11515,-86.60325,0.7903549522852923
1209,50.912475,15.31219,0.8007830473345771
582,29.5462,103.7723,0.8055869224419014
529,31.2132,107.4988,0.808225335858943
1198,51.067439,19.448694,0.8121513072171356
357,32.1328,119.4303,0.8125683003551272
1165,43.0819,-1.9127,0.8144847442446537
1040,53.060045,8.916966,0.8173334489745867
1313,38.86067,-90.10585,0.8175623309373189
313,31.7848,117.1959,0.8185456051225225
487,46.098,85.6979,0.8185610273221516
199,30.2756,118.1371,0.8215600328322855
1102,50.010325,8.451527,0.8224472524976084
436,28.9703,111.6975,0.822687949954369
0,39.8784,116.3621,0.8262555806640317
1387,33.317142,-86.82575,0.8267723642538249
1061,50.048397,10.232076,0.8274938442311099
985,49.351124,8.423,0.830633018753323
388,38.0178,114.5331,0.8340418770885671
513,25.0992,104.8811,0.8344371780757099
670,28.687,115.8518,0.8419954992890429
21,41.3094,123.7169,0.8492731596757975
305,39.9041,119.5251,0.8529018253138659
422,32.0023,118.7752,0.8530037737548983
1287,36.109005,-79.802315,0.8530755208859926
252,45.1214,124.8006,0.8555229239406702
977,45.154075,26.818619,0.860293217452799
857,47.430833,19.184175,0.8614811824230237
230,35.0303,110.9686,0.8641885597380422
344,34.2761,117.179,0.8644150783545093
619,30.9413,117.7807,0.8646087557685033
316,31.7964,117.3027,0.8689096052067863
655,30.5767,104.0594,0.8704096840281664
1121,50.85205095,4.347777506,0.872927431802491
352,32.1875,119.6707,0.8794111731137915
607,29.2956,117.2461,0.8797298036136187
519,30.1383,104.6295,0.8807340176983772
528,26.5892,104.8,0.8845882644618693
920,49.869422,9.171544,0.8869849016605865
975,49.628771,8.364779,0.8928279033537094
576,38.4842,106.2757,0.8934832349218912
575,30.4576,106.6303,0.8939439665632628
959,47.513333,21.624444,0.8981420702294342
602,44.0114,87.2997,0.9100356135902116
1432,36.60843,-83.73694,0.9116041142699304
82,43.8711,87.5525,0.9127152039429594
259,47.3388,130.3114,0.919774323084264
497,28.2597,112.9792,0.9226646882095084
254,45.1722,124.7965,0.924848113323292
1038,45.696736,27.211622,0.930476019346638
915,44.4122,8.1695,0.9329346162798912
1085,46.541047,24.559642,0.9387381796474548
788,47.541944,19.146122,0.94525783718981
536,23.4835,111.2711,0.9479881835282766
611,36.5482,104.1465,0.9503316710382376
863,52.602056,11.850274,0.9558362577134658
1231,46.34072,2.593945,0.958141375167468
592,34.1781,117.1694,0.958499149911247
550,30.3714,114.8989,0.9600901386457714
46,34.7965,114.2885,0.9643487357141308
598,26.4214,111.6156,0.9644475299811408
1227,41.636078,25.379683,0.9663801752981112
1217,53.24696,10.4565,0.9744112291444976
1196,44.938125,26.044994,0.9901425759022342
