,lat,lon,Date_Mid_Senescence_Phase_1_temp_r
932,43.322554,21.919025,-0.9145959509707562
1437,29.823318,-94.98379,-0.883078066647751
1084,52.25534,8.05286,-0.8684559507786642
1453,32.41281,-86.2634,-0.7934323031759998
564,29.8566,114.2936,-0.7933244559412961
218,33.6406,114.6369,-0.7924974860495219
595,34.4285,115.6702,-0.7912328699115088
1182,51.839382,10.790143,-0.7902369164873119
605,27.2442,111.5283,-0.7799852177721622
1382,38.06503,-84.49761,-0.7758139994298717
1314,30.085262,-93.76134,-0.7753243224760132
499,34.77172,113.73961,-0.7696716082323574
748,43.2941,-5.6796,-0.7685500668144999
959,47.513333,21.624444,-0.764809947321567
195,33.1138,107.0089,-0.7639386992187076
502,28.1322,113.0178,-0.7613346411513776
550,30.3714,114.8989,-0.7568954718106685
457,36.253,120.014,-0.7536426631208998
615,37.6828,112.7195,-0.7506232726673794
390,39.9136,116.184,-0.7487983186196782
1448,34.264915,-88.76622,-0.7462198045921487
1157,47.594913,7.568175,-0.7387591660816883
423,32.0754,118.7997,-0.7371553456615979
200,30.6145,116.9896,-0.7366007813438122
1172,46.162556,-1.153603,-0.7341691642406177
231,38.4519,112.7383,-0.7301487470465388
298,34.77134,113.65724,-0.7239462722556836
520,30.1506,104.6356,-0.7231936945540469
55,31.4668,104.6697,-0.7204376548481923
257,45.3039,130.9429,-0.7158919228029084
403,27.1312,114.99,-0.7106408942348567
267,46.8028,130.2751,-0.7086515148816843
525,37.5072,122.1067,-0.7075823365415761
1400,30.439722,-84.34639,-0.7062128125717655
608,27.5444,109.9453,-0.7022340524811812
1300,33.43395,-84.16181,-0.6998611569446862
501,26.2081,111.6217,-0.6969617067724607
822,41.99917,21.44084,-0.6892474845321782
719,47.27476,4.099476,-0.6867918430423653
1197,44.429489,24.351389,-0.6831167138342479
282,30.1808,120.0883,-0.682053492957429
103,37.4236,122.1214,-0.6778960687438869
1155,43.26444,-4.06278,-0.6762986953809681
383,39.9611,116.2878,-0.6760342255517466
1411,34.623238,-82.53206,-0.6738562446832794
1006,51.27399,1.098061,-0.669018235328102
319,38.9108,115.4713,-0.6633769769397575
242,32.8911,117.4185,-0.6559381823329781
996,49.32273,11.02792,-0.6558124410296491
670,28.687,115.8518,-0.652601232975803
274,38.3254,116.8584,-0.6517475738586014
632,22.5311,113.0219,-0.6463094153409549
518,29.5844,103.7627,-0.6454992311805199
366,45.7667,126.635,-0.6448092647606056
1346,39.4125,-107.23056,-0.6424309635746681
369,45.8167,126.561,-0.6404189893230335
495,28.1944,113.0014,-0.6400520118941407
301,34.7525,113.64164,-0.6395067016616458
1118,50.65844442,5.627835291,-0.6391246893237914
1444,45.25928,-122.58815,-0.6371223892125246
1332,35.9138,-81.191,-0.6347793024063809
979,51.396095,12.234054,-0.6327287177607661
526,27.8851,102.2685,-0.6307326153797983
1053,50.125332,8.746343,-0.6299561165820752
25,41.3472,123.8142,-0.6292817722022618
387,39.6334,118.1725,-0.6274746540410907
597,25.0441,101.5482,-0.6256506965909711
105,37.8572,113.5758,-0.6235821600206337
1243,35.438557,-81.27675,-0.6221814569682044
571,25.0492,101.538,-0.6176543205501426
7,44.561,129.61,-0.617515346893047
894,50.159406,19.477464,-0.616428984727567
644,37.4658,118.5019,-0.6157908436954447
318,31.8403,117.1318,-0.6126307968577259
492,26.3108,117.7275,-0.6125641110745584
701,46.13167,9.56639,-0.6113308278867428
41,35.0697,109.0697,-0.6085908642814281
177,39.4467,76.0072,-0.6047801695940546
835,48.39167,13.67085,-0.6022292905554844
28,34.6886,112.494,-0.599023038433031
1429,40.689255,-122.40219,-0.5960098988315782
611,36.5482,104.1465,-0.5944460813006935
339,32.0005,120.86,-0.5938504470154244
660,36.1851,120.3905,-0.5914316798042902
243,32.9673,117.3533,-0.5904181840780094
532,27.725,111.9975,-0.5903240950875973
1379,32.50996,-92.046196,-0.5898796098891326
1307,43.7775,-91.2269,-0.5840252758909812
949,50.81487387,3.322494319,-0.5837344812415441
35,34.3617,108.7233,-0.5831514551755443
578,39.1067,117.1941,-0.5817393641667292
98,40.0917,113.3444,-0.5797982909126114
453,26.567,101.7227,-0.5797091184717577
609,23.7256,109.2203,-0.5772178805888788
566,28.0089,120.634,-0.5760741853259105
52,30.3197,112.2494,-0.5753570219116085
489,36.881,118.746,-0.5744510189713528
15,43.8245,126.5052,-0.5730841641266772
344,34.2761,117.179,-0.5719572180026483
1160,42.36831811,1.776783258,-0.5700483992779093
1283,35.9359,-81.5306,-0.5695526275046343
654,28.4586,119.93,-0.5623301890951339
991,47.2474,6.015419,-0.5611776382226714
288,30.2692,120.1903,-0.5553915889618392
1267,35.85611,-78.574165,-0.554958612873582
962,45.957778,12.618611,-0.5540164241682672
1061,50.048397,10.232076,-0.5531296164478304
547,44.5782,129.6115,-0.5520503553177571
332,45.6842,126.6206,-0.5519967820128339
845,47.561944,18.960008,-0.5481714932060746
287,33.9592,118.2442,-0.5472747985076455
523,29.9775,102.9905,-0.5464353424162915
201,30.5119,117.0331,-0.5458391146222465
866,50.979455,11.037924,-0.5430319135857223
124,35.4209,119.471,-0.5408085589750713
857,47.430833,19.184175,-0.53717926616509
1056,43.1788,-6.5527,-0.5361323154326328
57,31.1317,104.3826,-0.5350632320863918
798,42.404687,12.857794,-0.5301206096210721
38,36.6868,117.532,-0.5293632835489873
386,40.217,116.2296,-0.5288982726090566
623,33.5828,114.0138,-0.5279872458459093
1241,35.507225,-82.96362,-0.5266282097006836
497,28.2597,112.9792,-0.525889373917902
1438,35.206112,-111.65278,-0.525659312774325
524,29.9833,103.0111,-0.524838955349349
1424,42.27807,-85.54189,-0.5235411143847284
256,45.3001,130.9762,-0.5181549860359014
537,23.7233,114.6892,-0.5177233372288776
891,42.516944,1.56525,-0.5174251692627743
289,30.4183,120.3019,-0.5131690342041832
1210,47.068717,21.927233,-0.5101339261879457
1405,43.577602,-116.178154,-0.5096040306839801
1451,33.9828,-111.79871,-0.5082933701975254
789,45.0249,7.6491,-0.5006847579163396
1423,35.43477,-83.44213,-0.4981920889509788
1147,52.115725,21.237297,-0.4922789736519497
728,49.442356,1.093789,-0.4917509402068261
1285,30.700895,-91.05607,-0.491457448111937
73,40.1092,124.3633,-0.4903224014533026
292,37.8692,112.5369,-0.4897553514421323
380,38.8639,115.5086,-0.4894901691517367
233,37.5136,111.1297,-0.4888697443846785
66,39.8129,110.0023,-0.4876062003179333
235,41.9419,126.4077,-0.4870332004929754
669,29.4251,113.1493,-0.4867844218218757
1032,45.60222,9.27611,-0.4856485925777791
594,34.6972,119.3581,-0.4836519350857954
84,30.6306,104.1122,-0.4819424106150067
987,49.052284,8.253538,-0.4790128503069173
734,43.310833,-0.391111,-0.4744531269830455
1373,38.45934,-82.64041,-0.4737253651806228
107,37.8486,113.5819,-0.4733942263487224
140,30.2019,114.8988,-0.4681197419454802
971,49.438464,12.548869,-0.464337766868617
559,29.7046,115.9584,-0.4640034508090712
531,29.5822,105.0406,-0.463567909536743
50,34.7752,111.1922,-0.4627408586492443
108,37.8703,113.5614,-0.4625338435981064
986,46.802376,4.417486,-0.4603854286473197
411,31.2071,121.577,-0.4561754474836967
425,29.9572,121.713,-0.4544041018295111
659,36.0855,111.5018,-0.4534879435213832
1007,48.9964,1.7033,-0.453298882937872
839,48.247222,20.616403,-0.4506523733538352
769,41.47676936,2.088977264,-0.4489046648040818
174,42.8172,93.5128,-0.4486967789900908
281,37.8873,112.5139,-0.4471174259601413
905,45.873889,10.1775,-0.4471155892880211
880,45.0028,7.8375,-0.4425309656436862
581,42.0353,119.2658,-0.4409359078778778
213,43.1713,124.4002,-0.439043247936317
320,38.8632,115.493,-0.4311329231554823
480,27.5002,114.0997,-0.4284764509827308
1193,42.39197569,2.842138412,-0.4277734023412249
747,46.671307,5.556806,-0.427282079935962
950,50.46519216,3.939714326,-0.4266306424410714
713,53.028647,18.666103,-0.4263068941298588
405,28.7562,104.639,-0.4241484095307022
459,31.656,120.734,-0.4234655793916365
1263,36.019184,-83.87381,-0.4233652642954286
1027,49.90167,2.304597,-0.42269862264592
1352,31.893913,-106.42583,-0.4156856239131458
934,47.5292,9.9267,-0.4138956296852622
707,43.230297,0.062339,-0.4127426065025394
322,36.6114,116.9862,-0.410853394240707
167,30.4742,114.9028,-0.4086891147156846
465,31.737,119.579,-0.4072090305477526
456,29.7178,118.327,-0.4052559917039662
1089,48.12027778,14.878333,-0.4020017252701929
234,42.8845,125.1358,-0.4008952901573416
672,52.420319,16.877289,-0.3994394463759487
503,26.2331,111.6236,-0.3988772383319411
273,37.7541,115.6838,-0.3976195311614262
347,32.0745,118.7794,-0.3952835484258967
413,28.7199,104.5742,-0.3943693478123251
199,30.2756,118.1371,-0.392260832386745
1173,50.900317,5.986853,-0.3922376321080782
1262,36.085506,-83.76481,-0.3904017216866853
1293,35.614132,-97.47508,-0.3889458739865399
352,32.1875,119.6707,-0.3882089604063616
307,30.6189,114.282,-0.3880132700213324
598,26.4214,111.6156,-0.3869361637446161
937,57.8634,11.9216,-0.3860531542843023
223,39.3617,112.4575,-0.3853289459948267
630,27.9119,112.9074,-0.3845168117038892
1282,35.500103,-82.59986,-0.383554041859869
421,27.8246,114.9231,-0.3808629930356568
1087,50.383217,8.060998,-0.3802893553421245
1259,29.767998,-95.22058,-0.3799548183786037
1064,56.2904,8.4274,-0.3796159875366532
1365,41.61524,-71.72,-0.3793951383326284
326,45.7319,126.685,-0.378266054561493
397,26.3003,106.805,-0.3777650213669688
1351,29.733727,-95.25759,-0.3774871166775577
415,28.9634,105.4324,-0.3771755854139599
643,37.4442,118.5857,-0.3764602308399376
172,42.9418,89.1904,-0.3752804543177659
833,47.71611111,13.63222222,-0.3748986216060118
299,34.80246,113.67526,-0.3736404248074462
122,36.8194,118.3092,-0.3713994037762266
1140,50.68352509,14.04119492,-0.3709452269690219
1097,51.05833172,3.729298172,-0.3703678868141756
138,30.2313,115.0601,-0.3693513845676912
1455,38.23887,-82.9881,-0.3681226138296594
1305,46.0519,-89.654,-0.366869444517684
286,33.9528,118.293,-0.3664350807924394
447,31.388,120.953,-0.3662912700832911
1227,41.636078,25.379683,-0.3656042192124807
941,47.04027778,14.330725,-0.3607327055123562
451,26.4365,106.6555,-0.3602748523475655
1260,32.82006,-96.860115,-0.3596628547196312
40,32.1059,114.1099,-0.3578889365430253
1120,50.94535924,3.15240159,-0.3577606208947407
872,50.654066,10.769534,-0.3576187147219071
507,27.2272,111.4328,-0.3540018169541652
791,56.00833511,21.88694763,-0.3533568067792799
614,32.1873,119.4424,-0.3531971424775632
464,31.354,119.818,-0.3522756506471217
973,49.446,7.7673,-0.3485883580044101
148,33.5698,114.0261,-0.3456965723987114
646,36.6331,117.9592,-0.3450796718442341
141,30.2092,115.0307,-0.3434412848309419
416,28.2264,117.0222,-0.3425398103526722
33,34.3739,107.1186,-0.3410948177513468
482,31.5031,120.242,-0.3377341535466355
1192,42.40538,1.13,-0.3371589887048741
968,50.889871,6.985074,-0.3365334859853748
253,47.3086,130.2684,-0.3363387444968439
372,38.8661,121.5213,-0.3348133253424768
156,31.7643,116.4738,-0.333992668068407
399,29.4572,106.3754,-0.3323398495707801
1355,39.80933,-80.26567,-0.3311683512370219
668,26.5161,106.694,-0.3302590965582595
896,43.1804,-2.2682,-0.3289964174561908
940,48.248993,16.357079,-0.3275008324522993
558,29.7535,116.0721,-0.3264891950044848
757,43.15333,-4.25306,-0.3264794064539721
1031,45.226667,11.665833,-0.3234319005453425
1316,29.632057,-98.56493,-0.3232446666597916
56,31.1208,104.4239,-0.3224178704193898
247,30.9412,117.8177,-0.3215479960723271
269,39.6973,106.8174,-0.3187600836664124
491,43.941,81.3364,-0.3172866319025383
0,39.8784,116.3621,-0.3167564973731923
1376,42.099697,-71.6194,-0.3158126169007074
512,25.0925,104.9022,-0.3155668646076872
64,40.6821,109.8538,-0.3144926913661763
264,47.4311,128.5159,-0.314177275797458
375,43.8772,125.3716,-0.3136365703397773
444,25.2697,110.2819,-0.3117522444468666
12,46.586,125.153,-0.3110026967782365
529,31.2132,107.4988,-0.3109072215529662
338,31.3708,120.641,-0.3098654102919702
1030,50.5976,-3.71651,-0.3096104939122224
995,53.56414,9.967882,-0.3096041972831487
1215,53.694628,19.968892,-0.3086155175056512
113,35.4216,119.523,-0.3064930463346314
1013,49.276386,2.482167,-0.3059463083020887
946,48.930932,21.913705,-0.3049104811951293
334,31.2284,121.533,-0.3047495146860248
925,52.99875,11.73846,-0.3047423202386365
768,50.429014,21.277367,-0.3043980627129896
514,28.6842,115.9314,-0.3028383966682492
1284,32.535294,-93.74704,-0.301563824475721
404,24.8886,102.8204,-0.3011856184451656
1010,53.56292,-1.510436,-0.2988276096200187
892,44.926111,10.370833,-0.2974417140385838
803,48.16206944,16.52561389,-0.2922033439309195
874,45.60822,5.270872,-0.2918836396216764
1399,32.362606,-88.27799,-0.2917965983987306
149,33.5698,114.0055,-0.2907544783585521
22,43.8622,126.54,-0.2903298490473792
542,27.7569,111.9561,-0.2895543529019624
513,25.0992,104.8811,-0.2881481474798406
144,32.5714,110.8839,-0.287079020871604
49,33.737,113.2919,-0.2856282199360367
587,31.9996,118.7356,-0.282738998763589
130,32.1195,114.0775,-0.2826180499228559
679,48.899233,9.172792,-0.2819144664894893
933,46.401944,13.011111,-0.2814800139203117
249,30.97,117.8483,-0.2812303418891952
698,49.77012634,13.36822128,-0.2786012309908849
553,24.8978,118.5972,-0.2772590296289567
848,46.62936,14.28931,-0.2764538923886653
931,50.12218857,14.46757793,-0.2761374923784899
755,51.259431,22.569133,-0.2755703473561658
1418,45.49664,-122.602875,-0.2755607336201833
898,47.737415,7.309075,-0.2739612045242047
279,41.0026,117.9268,-0.2710008352652912
290,37.9854,112.549,-0.2706116841210821
1449,27.946688,-82.731766,-0.2689317232666026
1383,39.117218,-94.635605,-0.267947833707267
1070,48.889039,8.665536,-0.2677298740013695
476,46.7432,82.9994,-0.267603700465285
703,50.02403641,15.76354885,-0.2673122212994321
209,42.3022,123.8139,-0.2672462625808958
1083,40.314518,-3.716868,-0.2670486613030703
1124,45.690278,9.643889,-0.2643150592329731
997,55.862281,-3.205782,-0.2639347251423334
1304,34.474525,-85.408844,-0.2631670895256269
1258,41.606663,-87.30494,-0.2604064024823681
788,47.541944,19.146122,-0.2596823738568368
794,65.04338,25.4979,-0.2569171625029601
1286,36.02661,-80.341965,-0.256835734207449
75,40.7136,120.9092,-0.2560831887117628
1417,41.705227,-76.512726,-0.2560389797398404
337,31.3097,120.669,-0.2502834619793195
100,36.1989,113.1031,-0.2497498891148219
155,31.737,116.5079,-0.2479236750447122
752,45.3189,8.4024,-0.2476684397224932
1343,41.78472,-72.63167,-0.2462528080995667
814,45.79728,3.113833,-0.2452696443804168
910,49.20272446,16.61628723,-0.244673147135592
147,30.9891,112.1969,-0.2418628662395924
1441,31.188932,-85.423096,-0.2401478003481723
192,33.8715,109.9154,-0.2398619786907221
696,49.91351318,14.7826252,-0.2389529910571579
1389,39.40745,-94.26537,-0.2364901594381243
774,47.40555556,15.36083333,-0.2359093042032403
967,53.480927,9.857223,-0.2354887493907017
102,36.0783,111.5531,-0.2336221918191847
125,37.5639,121.2514,-0.2332314758763929
466,31.4,119.46,-0.2331501628903486
166,31.0386,112.2213,-0.2299817680765072
460,31.882,120.55,-0.2291424934467479
897,60.22393,25.10244,-0.2286047027637311
1138,52.401352,13.059945,-0.2282909922681058
664,34.6692,112.3628,-0.2279007932341258
759,45.84083,9.34889,-0.2272872697036317
1421,39.46048,-76.633545,-0.2272871431030552
374,43.8805,125.3297,-0.226209215428783
368,45.5419,126.979,-0.2255918977979476
810,47.4885583,12.066633,-0.2255908826097381
541,27.7044,111.9892,-0.2238815176646677
1094,55.46333313,26.00416946,-0.2231939004935668
1339,38.8577,-77.05922,-0.2219167986887265
470,26.2714,117.635,-0.220957578884739
304,36.6116,114.5302,-0.2201694709814663
1150,51.799722,16.3175,-0.2200235970039225
749,43.313,-7.6937,-0.2166379484564157
823,45.1763,7.7116,-0.2156755533645359
1040,53.060045,8.916966,-0.215535095944776
458,31.381,120.999,-0.2155288094309591
300,34.81334,113.56746,-0.2143660084492041
1114,51.45258,0.070766,-0.2141356088355489
266,48.471,129.5029,-0.2140655631250255
829,46.143173,-0.396042,-0.2136020794866241
1440,47.5525,-122.06472,-0.2122005324924281
240,46.6528,126.964,-0.2114606490476745
381,39.8863,116.4072,-0.2107299777279434
1098,51.15013609,3.80873543,-0.2095082187112394
797,46.7675,15.956111,-0.208400384060693
1001,47.73344,12.891241,-0.2079511092986322
762,45.158745,1.537222,-0.2076613736102834
584,41.7173,125.9358,-0.207213631708309
731,45.0419,7.6259,-0.2058815213266878
72,40.1461,124.3933,-0.2058157672326126
187,32.4287,105.8628,-0.205434955607425
1081,51.90158,10.48132,-0.2053948379782468
787,49.50504,5.97694,-0.2050388146194181
535,28.19,112.9394,-0.2048616571983193
419,30.3119,120.1197,-0.2032638608317743
96,35.2464,115.4208,-0.2017546925654196
212,41.5646,120.4521,-0.2013695626343834
186,30.2981,109.4978,-0.2005460347367778
295,40.762,114.8902,-0.1992786891957023
536,23.4835,111.2711,-0.1977197879578286
751,49.259552,2.474397,-0.1970493778426523
430,29.3578,113.1094,-0.1960173953085124
886,53.246535,6.608937,-0.1947884464313445
310,36.663,117.0495,-0.194347061490339
308,30.6217,114.3646,-0.1938064175538232
95,36.1856,113.0844,-0.1936412757849122
655,30.5767,104.0594,-0.193362695659016
849,47.676111,17.649736,-0.1933589499560414
1430,38.85287,-77.63462,-0.1932859120378924
406,30.1819,120.2697,-0.1930643747805858
793,47.06701111,15.49368889,-0.192591794974459
306,39.9499,119.5897,-0.1889684158699964
1359,40.46542,-79.960754,-0.1888841637053282
741,59.4944458,25.9305687,-0.1880987078304679
1184,51.525955,6.97688,-0.1878059827925315
1247,35.0608,-83.4306,-0.1875248013195417
462,31.955,119.18,-0.1860664774169737
1130,51.47707,0.317969,-0.1855424957282674
846,47.105278,17.556667,-0.185337714178399
1425,40.304695,-79.50567,-0.1850197380456958
333,45.7478,126.593,-0.1834732190312539
965,45.59667,5.918611,-0.1794788815475864
1432,36.60843,-83.73694,-0.1793457153308634
961,50.79664963,4.358623958,-0.178605955213276
657,29.8279,106.3787,-0.17760974891404
1230,49.28222,4.051111,-0.176945417803186
1217,53.24696,10.4565,-0.1765013786060552
1237,41.9356664,2.238568301,-0.1759358671398589
428,30.7819,111.3275,-0.1755350262217121
938,56.672901,12.8576,-0.173817049609807
160,35.9019,114.17,-0.1732890581930888
1189,46.1625,12.360833,-0.1731158122563784
204,38.8411,105.6985,-0.1706114932896397
1091,46.708333,14.891667,-0.1699245966867173
1325,44.08747,-75.97316,-0.1684737596384892
126,37.5433,121.3719,-0.1677722566088492
1292,35.320107,-97.4841,-0.1675491566487204
618,28.4436,117.9756,-0.1675086081487021
610,30.8955,120.0875,-0.1665487169584378
439,29.1217,110.5319,-0.1662913550375552
1415,30.419806,-91.182014,-0.165409970911473
1113,54.97825,-1.610528,-0.1648273507738724
42,34.6258,112.4267,-0.1644337332096344
29,36.6028,109.4761,-0.1637995004936274
631,27.8614,112.9433,-0.1623464703904568
860,43.28334,5.511384,-0.1620069364056812
879,41.53583,20.6989,-0.1616680599550456
196,38.2911,109.7456,-0.1604558910359647
36,34.493,109.4636,-0.1603212992580687
438,27.8336,113.251,-0.159363939445539
5,47.3227,123.9483,-0.1592931240744193
1398,27.939747,-82.000084,-0.1579640817682128
766,45.848333,11.569167,-0.1553355751021173
674,50.007629,18.455548,-0.1552628440891841
617,39.0845,117.1589,-0.1548055839854049
723,46.19583,6.240556,-0.1534646031401465
449,31.155,120.636,-0.152692158343879
454,29.6963,118.2903,-0.1519667412453593
323,33.575,119.007,-0.1519111452218189
349,45.7258,126.6411,-0.1517441401114322
131,33.6128,114.6613,-0.1507316015837191
1312,32.364567,-88.73149,-0.1487726482631645
1358,40.24699,-76.846985,-0.1468176700793709
621,27.583,110.0394,-0.14613976677925
237,50.2341,127.5144,-0.1458573195651365
811,43.39873,6.075611,-0.1451584673967538
185,31.6908,113.3833,-0.144910916368695
1245,33.81468,-80.781136,-0.1441024352306487
869,47.913256,7.908035,-0.1435969931741552
129,36.2017,117.0885,-0.1383096032164502
649,28.793,104.6055,-0.1358674841173475
697,49.66958237,12.6778841,-0.1339891249309832
575,30.4576,106.6303,-0.1303852567662551
1052,57.70902,11.970241,-0.129848832994592
565,26.1028,119.2984,-0.1294188148616842
953,45.69802778,18.83463889,-0.1290353630209412
1200,43.89555,25.956575,-0.128851812240284
1219,47.60472222,15.67305556,-0.1281819057304683
527,27.8914,102.237,-0.1261138338110639
1319,39.866833,-88.92559,-0.1257378958207981
990,42.697918,9.446417,-0.1243052356878142
781,48.167961,17.106244,-0.1239625173856957
1299,63.7232,-148.9676,-0.1238023525977332
767,44.013056,12.42,-0.1233746124743184
634,36.6428,101.748,-0.1221065916113727
493,31.9037,102.224,-0.1203125470156407
422,32.0023,118.7752,-0.1169206868445134
1298,64.84569,-147.72742,-0.1166741608144334
656,36.0822,111.5169,-0.1159593425134915
450,37.197,122.038,-0.1153395590489411
985,49.351124,8.423,-0.1146773566797764
1044,53.064262,14.285139,-0.1133856193705474
152,32.2786,118.3244,-0.1132677511249379
1368,34.530716,-86.96754,-0.111237916224174
970,51.698954,7.122684,-0.1092826279901179
94,35.0888,118.3956,-0.1086146618481841
792,45.760833,11.736667,-0.1086089446390704
486,45.6094,84.895,-0.107970492286224
1348,34.454514,-94.143524,-0.1076438276098382
182,36.5446,104.1724,-0.1075314737041132
1381,38.548138,-82.73116,-0.1074031090230799
1380,44.310555,-84.89187,-0.1072197334806342
382,39.9295,116.3392,-0.1066476069844474
926,52.644169,13.483079,-0.106174763767574
229,35.0147,110.9956,-0.1050173073158036
743,58.370556,26.734722,-0.1039476105824452
184,30.1256,104.6296,-0.1036280280945817
226,39.9289,116.4174,-0.1035420070737866
1328,41.05192,-73.76366,-0.1028753500376781
1297,48.5103,-113.99681,-0.1018651115577802
830,48.733256,19.115268,-0.0998716334660089
881,51.468662,5.47235,-0.0986107213871053
1244,34.09396,-80.9623,-0.0977233782683224
258,47.3416,130.2537,-0.0966811948431571
733,48.051117,7.011114,-0.095859508557769
92,38.5036,106.1358,-0.0909958240392992
695,49.50260925,18.53856087,-0.0905051201017389
1329,32.726658,-103.12292,-0.0902064637557963
363,40.8062,111.7276,-0.0898762835206624
189,31.1986,107.5082,-0.0893181637702286
3,47.3636,123.9305,-0.0874227874890196
335,34.2778,117.2933,-0.0868908432816233
1414,40.046665,-76.28333,-0.0866722852534053
685,48.85731,7.314175,-0.0865493107723915
1043,45.411864,28.005967,-0.085265725145282
1261,35.63348,-83.941605,-0.0844462608682691
175,42.8328,93.4961,-0.0834698880939959
442,36.7729,119.1936,-0.0809849268879656
420,28.1136,116.9822,-0.0801856440709729
145,32.0564,112.1392,-0.0800562274725754
1377,43.97462,-70.12461,-0.0797161676032068
1311,40.712776,-81.598335,-0.0790094578771397
1238,40.6646,-3.7739,-0.0786124287120325
867,51.207944,10.450997,-0.0781998499559878
309,36.0658,120.4134,-0.0756571986985005
579,30.0003,120.5483,-0.0737592778557287
252,45.1214,124.8006,-0.072773151856975
74,41.1489,122.0303,-0.072541913863221
379,30.6319,114.135,-0.0712393481731672
665,31.751,119.579,-0.0709851177411342
619,30.9413,117.7807,-0.0709074002724929
433,32.0931,118.6414,-0.0700484440571313
727,47.651725,23.570508,-0.0693297263674495
1229,47.3815,8.56592,-0.0680896951404484
729,46.072224,5.820833,-0.0679121571357602
975,49.628771,8.364779,-0.0664683494895012
806,47.128863,10.034324,-0.0659339787281879
904,50.78944397,14.08679867,-0.0659095434562637
837,44.73473,9.36693,-0.0654873698624665
283,33.6067,118.989,-0.064699279226885
1090,50.221941,8.446079,-0.0643047332074702
1068,47.145014,23.877389,-0.0630188560265499
689,43.25055555,-2.155,-0.0621063168764869
556,29.5698,115.9773,-0.0609497772012194
268,30.6764,104.1419,-0.0598262363741171
563,29.6038,115.9114,-0.0572547786371572
367,45.7733,126.689,-0.0559161289792184
855,42.142889,24.765239,-0.0545140948053803
908,49.73508453,16.03419685,-0.0543533880646733
1115,59.316007,18.057807,-0.0540546675829611
361,32.4625,119.9189,-0.0504016001946226
246,33.9477,116.7856,-0.0501734915555516
132,33.6347,114.6758,-0.0486274688113779
651,23.1522,112.5544,-0.0465005050882852
807,47.410164,9.653713,-0.0464784388604716
952,46.951,7.44087,-0.0458091144123691
1154,41.66638888,-4.715,-0.0446832585837289
955,47.4067,9.39438,-0.044137641180789
824,44.5,11.286111,-0.0439517720052027
1187,43.285,13.42861,-0.0436771322515834
763,46.17,1.87,-0.0436712066693985
11,46.408,124.902,-0.0429222468729065
487,46.098,85.6979,-0.0427002347384431
1026,43.623608,1.438531,-0.0417739774848429
345,34.2384,117.1918,-0.0416118519933104
682,47.809892,7.764528,-0.0407118192930897
737,49.233464,6.987601,-0.0407033501952807
296,40.8336,114.8883,-0.0406237461404209
443,49.2261,119.7594,-0.0392918931611919
772,45.515278,10.219444,-0.0383774549873285
448,31.172,120.658,-0.0368366500336322
490,36.864,118.78,-0.0355539926872249
9,44.6075,129.6364,-0.0346917913051715
1288,30.229652,-90.96563,-0.0342319412860809
826,45.1546,7.658,-0.0336303029275933
221,35.4897,112.8676,-0.0303920051461353
1012,46.137222,9.385,-0.0285741212851048
662,35.4887,112.8508,-0.0284056247464849
83,34.3731,109.2186,-0.0279829921813643
59,30.8023,106.0789,-0.0257902137575155
1000,48.021657,12.538174,-0.0257719474438811
104,36.0714,111.5028,-0.0255487253805246
936,50.85780611,4.288706017,-0.0248677017924562
53,30.3544,112.2008,-0.0244149457238323
370,43.8325,125.1761,-0.0239069227239577
561,29.6547,116.0172,-0.0238673793841374
653,29.6277,106.6556,-0.0235808654461305
139,30.2006,115.0817,-0.0235768353587833
1045,41.932892,12.506947,-0.022943815732899
398,29.7166,106.6205,-0.021959422408722
391,38.8394,117.457,-0.0218553780844723
342,32.1065,118.8086,-0.0191770272388824
1036,51.360755,9.271233,-0.0181053073087991
1409,43.54792,-96.70077,-0.017707465907327
636,23.4714,116.7519,-0.015930292940609
1296,43.4351,-89.67979,-0.0157555853934736
475,29.3867,117.3102,-0.014649284634615
1076,47.3868,8.53981,-0.0121469417011332
378,43.9166,125.3325,-0.0107910115587223
945,48.27329,14.31479,-0.0104691726852927
410,27.9831,116.3544,-0.0102091467631763
1408,40.3663,-80.6158,-0.0102057376440404
135,32.9692,112.548,-0.0088621308564727
191,31.8896,102.2502,-0.008735765395671
906,46.08253,10.95804,-0.0077978658714473
1268,40.026035,-82.433,-0.0075101767151793
1019,52.437165,-1.829999,-0.007032024250777
205,41.998,121.6094,-0.0065807518296469
331,31.5475,120.354,-0.0032321490344398
1452,40.27813,-105.54564,-0.0024219541503073
637,36.913,121.531,-0.0023183757271586
211,41.5881,120.4318,-0.001625917301458
1253,48.41252,-92.82922,0.0014290282559113
284,33.5039,119.135,0.0032916673963415
974,49.841221,7.866222,0.0033879228080846
1099,57.810833,15.564736,0.0036538231753411
978,44.865555,-0.939444,0.0042832967461548
923,51.054558,12.141322,0.0045611282356122
1336,40.82799,-73.05754,0.004879303659743
1055,49.73244858,13.40228081,0.0056838846062247
1445,35.988277,-77.5843,0.0083040331373039
265,47.7412,128.9102,0.010297830174868
350,31.7069,119.9468,0.0117202768584588
13,46.6215,124.9042,0.0117342126093547
485,31.0201,103.6202,0.0130508178141097
813,47.04735,16.07905,0.0152374151249842
112,37.4309,118.6614,0.0168803040902007
79,35.0532,118.3429,0.0172146491413424
590,37.9844,106.2025,0.0174321802321605
1327,40.8679,-73.87809,0.0179960586057183
424,33.774,113.182,0.0182133119382461
948,46.6775,12.972,0.0185790882941335
980,51.317905,12.297411,0.0227556006199783
1366,42.86183,-71.878624,0.0228047074806435
913,50.08148193,14.4426918,0.02307204964868
549,28.9398,118.8692,0.0235039184852741
1126,49.079012,19.3025249,0.0237866542911572
51,30.7856,106.1064,0.023836733316564
842,47.091111,17.901122,0.0241735983146282
97,35.2375,115.4747,0.0247711026854627
354,41.7653,123.4114,0.0250292016659236
984,54.09323,10.240596,0.0311851230588263
1165,43.0819,-1.9127,0.0315003871502884
1364,36.060894,-86.28629,0.032109452801505
753,42.33611,-3.63611,0.0329496889261689
303,36.5713,114.4918,0.0334622790911433
927,54.88361,-1.406878,0.0339930257543
222,39.3522,112.4397,0.0341856320433838
960,51.25210341,4.491362028,0.0344663426796288
540,28.2558,109.6414,0.0358409629049825
1047,51.862042,6.874469,0.0368492139554454
1194,49.18742,6.910867,0.0370252459614074
377,43.9027,125.2863,0.037496014317749
957,47.0674,8.46333,0.0393754337252788
1062,51.321364,12.032141,0.0407846306498878
1046,40.33639,-1.10667,0.0415324566242044
820,48.753179,21.245046,0.041704458231913
1128,45.371944,11.841944,0.042941347674532
1289,35.379166,-82.7925,0.0435583354310183
65,40.6288,109.8642,0.0442954242443487
170,35.5461,106.6692,0.0445380953872673
146,32.1142,112.1825,0.0448262640460916
418,28.2642,117.0564,0.0448597185262423
1342,29.583048,-95.01554,0.0465196554921618
376,43.8463,125.2841,0.0474157799902858
1454,39.96528,-76.69945,0.0483548762688452
426,37.3753,97.3731,0.0499522338924456
1446,43.670834,-110.59947,0.05103907254503
137,32.9771,113.9976,0.0511321304945512
1069,52.398406,13.368103,0.051504181778946
1158,51.748103,18.04931,0.052558004831415
1136,42.45639,14.23472,0.0529101055587502
302,30.558,114.2529,0.0549450139839176
1345,41.97639,-72.388054,0.0554743383932857
1277,39.42689,-84.20077,0.0567110325281349
1369,43.176674,-85.41661,0.0574435629770556
70,40.0625,124.3303,0.0596610332504519
21,41.3094,123.7169,0.0613867727991624
142,32.395,111.0419,0.0615750871247448
1095,47.86194444,15.32194444,0.061957654664129
48,33.742,113.3257,0.062357295748014
1164,43.675114,4.62921,0.0634541141925515
431,29.8253,106.4213,0.0648677731290479
983,41.947654,12.533667,0.0664588169607815
26,41.0879,121.1115,0.0674033102805218
1349,43.1818,-87.901,0.0680721534930194
841,47.557222,18.420836,0.0684875256927301
777,46.13111418,14.99611517,0.0685609119940122
647,36.8406,118.0253,0.0695756306015454
800,45.655,10.20083,0.0697443177836524
1005,44.7037,8.0333,0.0698122719054505
272,37.0886,114.4704,0.0698458458694787
909,49.41123199,14.67638874,0.0703957650895178
2,43.8306,126.555,0.0709667197417646
604,25.8481,114.9461,0.0714108989946713
1109,54.334944,-0.80855,0.0715218895792494
278,39.5111,116.6708,0.0723885264420165
508,28.1308,112.8908,0.0740011260801841
1119,45.623056,13.7875,0.0741556485481675
873,55.39638901,10.38917255,0.0744947193647397
120,36.8103,118.0414,0.0754706987268562
1163,45.5476,9.16698,0.0757789245438969
324,40.8369,111.7516,0.0758942238977287
1416,39.28102,-78.08157,0.0762392663038322
78,36.229,117.6795,0.0787545018178394
85,34.2629,108.993,0.0787866927243523
343,32.1028,118.9125,0.0800765785336342
254,45.1722,124.7965,0.0814922880161295
1223,47.0677,8.30068,0.0816807287773311
629,39.8261,109.9486,0.0819895312829541
17,41.0821,123.022,0.0835523277395449
918,48.904228,11.948795,0.0837443368606734
570,27.9939,120.6748,0.0840600689891063
20,41.8611,124.0436,0.0849583313459104
716,49.94498825,17.90953064,0.085207687089622
1257,41.182465,-81.33048,0.0861287605606527
1145,50.42864609,14.91385937,0.0868547709442098
31,34.3017,107.0708,0.0876520926053224
1228,46.9631,7.46252,0.0878672761318467
1395,33.545277,-86.549164,0.0882020797186487
1276,38.81194,-76.74417,0.0894656442425737
1225,41.31347521,2.013824628,0.089875534257375
851,43.126475,25.691211,0.0913404995250635
522,36.1758,117.1089,0.092642734851895
818,45.772167,3.0875,0.0933184242609571
255,45.6077,122.7911,0.0937706039478622
964,49.300731,8.700103,0.0939475533871768
109,42.2816,118.9233,0.0968123263167249
838,45.1391,7.0501,0.0969218279899381
1350,42.51831,-89.06347,0.0981747811291634
1042,53.924712,9.532635,0.0986950801989191
440,29.3547,110.5594,0.0990173811590558
686,48.610363,7.781631,0.0992987725828791
1,41.1442,123.0485,0.0995673704421281
589,41.0385,113.1076,0.101090990532996
1403,29.939613,-89.92388,0.1030972177762992
1149,43.3094,-2.0109,0.1044925079403487
1252,42.416637,-83.90218,0.1045630857929751
157,31.7905,116.4996,0.1052147571654895
735,45.475327,4.515003,0.1057483414878698
555,31.7231,118.5228,0.1058343949210547
1256,39.48599,-87.40131,0.106670190388458
468,47.8517,88.1264,0.1071970012337893
305,39.9041,119.5251,0.1092693888742106
291,37.8195,112.57,0.1094911597050042
750,43.2757,-5.596,0.111934054125998
1265,35.233475,-85.18158,0.1122174102568352
1413,41.094967,-85.101814,0.1154846475431648
358,41.6989,123.4231,0.1164976698507529
294,30.7478,120.726,0.1177973348895826
285,40.8033,111.6572,0.1183555259499849
385,40.3275,116.6275,0.1189796364781157
30,36.6106,109.5056,0.1194221000880185
441,29.5102,106.5777,0.1214926580381113
690,44.3818,7.5382,0.122378735611991
816,49.211447,18.771215,0.1227674686009676
921,48.773072,8.220214,0.1246864722608061
1420,35.158688,-78.728035,0.1251179992468432
1310,45.2384,-86.994,0.1258716217071846
534,28.2053,113.0792,0.127246175782671
847,41.97833,21.47,0.1273589916146059
1306,44.70735,-89.77192,0.1274859834850824
356,41.8411,123.5903,0.1285985999749354
612,24.6947,108.0497,0.1286226893916625
602,44.0114,87.2997,0.1297632309764755
1338,38.48123,-77.3704,0.1304491083951175
786,46.80138889,13.49388889,0.1305872846172586
1161,50.876983,18.416878,0.1307115475565702
373,43.79,125.4605,0.1307369300126926
178,44.2967,86.0497,0.1321133532634076
1108,40.3419,-3.8337,0.133054101232305
639,33.3942,120.156,0.1361682056668985
6,47.2988,123.945,0.1361941620141303
207,41.1953,123.2,0.1406153470678314
86,34.2173,108.9356,0.1415365692760352
1344,41.84046,-72.01037,0.1428604897553752
1385,38.11515,-86.60325,0.1449704023456051
528,26.5892,104.8,0.1450745225678649
315,31.8571,117.25,0.1453066169252458
24,41.2664,123.7992,0.1459097292789475
82,43.8711,87.5525,0.1464498584413712
1401,30.681719,-91.36625,0.1475227891118745
270,37.7124,112.469,0.1491957305888814
1428,30.260279,-81.45361,0.1492700161062625
616,38.0378,114.5481,0.1500817257020295
412,25.8333,114.9322,0.1502809567372287
858,42.732292,23.310972,0.1503444027849871
316,31.7964,117.3027,0.1507431613682517
392,39.0343,117.707,0.1522083103336968
562,22.2281,113.299,0.1524193488752426
1096,51.838221,5.856938,0.1525313664509798
717,43.404011,21.947746,0.1528563988150869
714,53.134088,17.995712,0.1535261601344848
511,26.8919,112.6006,0.1556435151665755
776,46.651838,16.196777,0.1563233315669719
136,34.4045,115.6458,0.1565195465862766
1392,38.71085,-90.47606,0.1583660196992108
1330,40.92458,-75.06782,0.159203507096371
14,31.6837,118.5092,0.1616499049712733
445,27.6253,113.8493,0.1624150326769295
1372,46.81826,-92.08936,0.1632228409898796
215,40.761,107.4212,0.1642730171508785
567,26.0746,119.317,0.1645217466547094
577,30.6558,104.0219,0.1649474457896544
548,28.9666,118.8709,0.1656318865729469
329,31.3008,121.467,0.16592389651019
804,48.124711,17.125496,0.1659573760012558
519,30.1383,104.6295,0.167145303506025
917,47.72514,10.306561,0.1683746353010336
388,38.0178,114.5331,0.1688530673105355
901,48.68817,6.190431,0.1695626602310741
202,41.2991,123.149,0.1697620704810911
1183,51.303394,6.819887,0.1697746220579544
401,28.793,104.563,0.1708730356414864
819,45.6642,8.1598,0.1708848896022208
889,50.74823,2.25978,0.1714610542440223
4,47.3386,123.9488,0.1741828436637538
1170,43.5915,3.88681,0.1748225324307721
1198,51.067439,19.448694,0.1764736884167617
785,60.608299,15.6294,0.1816395136674072
863,52.602056,11.850274,0.1824181744897683
922,47.649258,26.249011,0.182960197672164
1391,39.749027,-86.18627,0.1833420295088512
494,25.7759,113.0348,0.1836223802121881
248,30.8792,117.7439,0.1869769776414805
919,48.376576,10.88837,0.1870594640649946
1176,44.825,11.649722,0.1902234204530614
836,44.79361,10.33167,0.1903670236016076
504,26.4364,111.5992,0.1906552629939171
154,32.8605,115.8554,0.1911355709847489
1242,35.2318,-77.5669,0.1913635117703982
45,34.7781,114.3389,0.1921876317882889
472,35.176,113.2467,0.1947154806167058
1436,28.332226,-82.30564,0.1967175536986199
885,51.407365,5.393328,0.1969549413146325
1347,37.71325,-119.7062,0.1970463512514398
446,27.6434,113.8385,0.1982042951657176
1378,42.474644,-70.97082,0.1988759166114611
1303,33.588547,-84.06961,0.2023133478138821
37,41.7166,86.1972,0.2023754459645908
328,31.1654,121.412,0.2033922022976168
384,40.135,116.6636,0.2053795268335682
572,38.4418,106.2266,0.2054143171869901
260,47.3382,130.1097,0.2063501046225514
844,64.244226,19.767238,0.2082933930491681
1340,29.723333,-95.63583,0.2117744953630358
966,51.406846,6.965589,0.2122858691111447
1167,44.92008,2.441082,0.2127625185796833
1393,33.578335,-86.77389,0.212820651201153
738,45.431539,28.054742,0.2144867992530935
1353,40.56333,-78.919975,0.2153011279828535
705,45.5588,8.0564,0.2156253044851015
765,45.809998,2.06,0.2156368447308493
687,45.183611,11.311389,0.2158984537942157
1370,42.51334,-83.005974,0.2164543825801325
193,30.0475,101.9603,0.2166327003520416
770,45.4512,7.878,0.2166588668392291
62,30.7236,103.9728,0.2169808227205662
815,49.028057,2.750278,0.2173837065353955
825,48.04944444,14.44277778,0.2179027314285685
780,46.58967,11.43317,0.2182608776407698
1086,50.13577,8.92157,0.2196681746640997
1290,35.587143,-83.07416,0.2205998660412808
210,42.2217,123.7153,0.2207621342989831
133,32.9917,112.5192,0.2208776707632569
1356,39.96111,-77.475555,0.2221582386773537
197,38.2839,109.7289,0.222341325547457
478,27.72,106.9178,0.2235635724957426
362,40.7866,111.5512,0.226869509676739
1315,42.139996,-87.799225,0.2295613329193225
179,44.3075,86.0697,0.2296163494871514
90,36.1031,103.631,0.2301711794874183
1294,44.735977,-68.67075,0.2317444813748785
479,27.7019,106.9242,0.2333794263721499
1341,29.625557,-95.26722,0.2366378106639863
817,47.8055556,13.043333,0.2394472423272293
739,49.357861,6.73354,0.239885269827739
884,59.20243,9.4871,0.2409336671144859
1273,39.70595,-79.012,0.2414351724292847
694,54.124819,22.038056,0.2424318332362741
1224,53.74878,-0.341222,0.2426498813797286
43,36.1017,114.3551,0.2431436974140471
1412,29.901035,-95.32613,0.2435971114398089
389,38.0058,114.4586,0.2447285438017432
1250,44.18089,-85.73898,0.2483172327265656
359,41.7406,123.505,0.2494972263503631
1117,51.0612777,3.77526239,0.2518248459311493
1322,40.816,-73.902,0.2529652701054136
414,26.585,101.7169,0.2532142230488023
488,43.9174,81.2996,0.2538939885485523
168,37.9956,106.1856,0.2539032532581421
1148,45.1619,5.7356,0.254659152453888
1323,43.14618,-77.54817,0.2546828129514146
1188,53.59617,8.09059,0.2549418324077777
1020,45.560556,11.539722,0.2552518989617069
517,27.5578,109.9972,0.2564982095788333
39,35.8735,120.0405,0.256743410888304
32,34.3672,107.1906,0.2574811531060586
276,30.8669,120.0751,0.2586635093930173
1271,40.0877,-82.95977,0.2595205880757725
365,43.7783,125.245,0.2607868029922253
652,37.374,120.399,0.2613914119561602
1287,36.109005,-79.802315,0.2615649888451533
1394,33.553055,-86.815,0.2616025367275539
1008,45.42009,4.395422,0.2625359944996117
1133,49.07655,8.40666,0.2635937211588826
576,38.4842,106.2757,0.2642877573581479
225,37.6945,112.7532,0.2667333170375321
828,43.9275,12.224722,0.2669872219740883
1034,43.66028,11.90167,0.2673769564829032
351,32.4639,119.888,0.2683270490073274
1004,51.52229,-0.125889,0.2692079691101194
782,42.157856,11.908954,0.2694238416328783
812,47.27129,11.4169445,0.2712952409921935
364,38.9511,121.565,0.2724766506521366
1357,42.14175,-80.03861,0.2732951761346884
106,37.8731,113.4894,0.2738572498590103
832,48.53111111,14.57472222,0.2747208612286409
1078,41.03028,21.33667,0.2757761129836447
357,32.1328,119.4303,0.2770993344858974
994,49.872303,8.664619,0.2785727402681933
877,46.256617,26.792892,0.2803656986236443
1178,40.39472222,-3.73194444,0.2805213223905378
360,40.7612,111.717,0.2810258990217315
796,48.1061111,15.91944444,0.281306495041252
1254,34.002747,-89.79919,0.283155084440301
552,28.6542,121.419,0.283187280851596
868,47.739919,26.658519,0.283608456456779
1439,39.310833,-76.47444,0.2843966881857471
80,40.6532,109.8756,0.2868441175132095
706,42.09791019,1.848237224,0.2869572477546173
709,52.407578,20.955928,0.2874706582994646
808,48.782852,20.987197,0.28764404368814
293,37.7394,112.5583,0.2893699028708392
954,67.878588,21.062962,0.2899307535461933
111,42.2554,118.8788,0.2910762847130053
474,30.2111,120.2072,0.29108906955738
673,49.419528,8.6767,0.2925918376387001
1255,38.013332,-87.577225,0.2927174484958968
1404,39.99139,-75.08083,0.2940956830289758
263,46.5656,131.12,0.2961785874501356
633,36.5819,101.834,0.2973115336793295
635,23.691,113.0426,0.2978841309105019
127,36.7023,119.1437,0.2987081496261825
862,51.921389,4.401389,0.2997803508573516
60,41.0971,122.9642,0.3006614608388247
1309,45.56498,-88.80859,0.3010718294328263
1143,52.411563,-1.560228,0.3024251662171139
220,35.4936,112.8318,0.3029847004132797
799,47.09436111,15.41511111,0.3030209040933553
1222,49.23074,7.003174,0.3031973868114784
262,46.6554,131.1524,0.3034269574112389
173,42.9559,89.1673,0.3037753857484556
183,31.7275,113.3583,0.3042759080263866
1240,53.371306,-2.239218,0.3059056951142863
1334,43.05235,-76.05921,0.3065878987024402
1002,53.37287,-3.022722,0.3066986515324942
1269,44.351696,-68.22698,0.3076729921391591
159,30.6618,117.47,0.3084004958434282
692,47.660056,9.485675,0.3091129959668686
244,46.8032,130.3648,0.3093633068901723
91,38.4975,106.2328,0.3095173976281226
89,34.1978,108.985,0.3097066959190447
568,38.8959,115.5213,0.3103326276122163
1248,41.4271,-80.1451,0.3106666089591413
114,37.4674,116.3032,0.3175217555095524
732,45.9225,6.87,0.3177221545255655
989,53.63074,10.110595,0.3181173648842788
134,32.9735,112.5003,0.318512098310096
71,40.1503,124.4256,0.3186589100999096
1435,41.49212,-81.67845,0.320104499025525
321,36.6133,114.484,0.3205180321146362
790,46.835,14.84361111,0.3218341607755933
1122,43.867496,18.423061,0.3222229298394967
583,41.7347,123.2444,0.3227063560843133
481,27.8403,112.9118,0.3241996266215508
1390,38.65643,-90.19835,0.3248877431219382
180,36.1911,113.1569,0.327091905749941
876,44.99694,11.07083,0.3300331195167315
151,30.9743,118.7385,0.3308134768282344
1102,50.010325,8.451527,0.3318076237548125
407,31.4741,104.7778,0.3318998141674151
1308,42.5956,-87.88576,0.3356314819778584
1321,40.72099,-74.192894,0.3356949137355285
1028,44.39703,8.20604,0.3380693433404685
1017,53.187222,-6.121667,0.3383892109994748
110,42.2728,118.9576,0.3389522484422231
939,46.23451421,15.262476,0.3392595674031013
864,42.90056,13.33667,0.3392715300642543
1039,50.766815,7.973542,0.3393707029321756
1246,33.342224,-81.788734,0.3394762846048352
1085,46.541047,24.559642,0.3397332618304182
203,43.9311,116.0781,0.3409155932408814
972,46.934128,26.38925,0.341271397169319
1354,40.814182,-79.56475,0.3421424131862562
427,30.6465,111.3549,0.3445142763472377
81,43.831,87.6432,0.3451580396528635
691,48.001511,7.832122,0.3463859488863238
277,39.5269,116.7244,0.3472513829408351
198,32.6939,109.0281,0.3480909093596965
1079,41.91614,0.191101,0.3492238673388472
161,35.7511,114.2956,0.3507640228435102
596,33.965,118.283,0.3507960204618051
510,26.9056,112.5664,0.3508848045908241
1301,34.785217,-84.62643,0.351712052697316
680,44.9089,8.2055,0.3519102523804583
827,45.193889,9.164722,0.3530011055979333
943,47.05917,15.016667,0.3533403273364869
856,42.680558,23.296786,0.3549650332885322
230,35.0303,110.9686,0.3561884303405737
951,47.4387,8.57012,0.3565417690221298
871,54.436985,12.721938,0.3566267659055326
227,37.7067,112.7249,0.359004661478709
297,36.3083,120.3999,0.3593022009526782
963,49.462229,11.0248,0.3593885101290317
271,37.0851,114.5237,0.35989411171556
1324,40.283092,-74.742615,0.3599733264388493
34,34.3622,107.2386,0.3602694545498062
915,44.4122,8.1695,0.3611827005555459
1396,34.015434,-84.60742,0.3619573553468661
396,39.6506,118.1705,0.3622633273568545
1333,40.06483,-74.44405,0.3627100781507987
795,48.2702,16.2972,0.3629935812971324
1406,41.644066,-83.54616,0.3631490553321456
1137,44.82112,20.459113,0.3638077594977103
606,27.3033,111.5239,0.3657032234856174
645,36.7019,119.12,0.3670937633101069
238,50.2472,127.5291,0.3682386542865587
1065,48.947611,13.420573,0.3689351399188149
250,50.2524,127.4833,0.370852153369907
1335,42.09142,-77.20978,0.3717364911929213
779,45.93766834,13.91156335,0.3731204849624119
275,38.2991,116.8842,0.373732212115139
88,34.3474,108.935,0.3743082862223945
1071,47.664361,9.169289,0.3745799509884999
677,43.2561,-5.7759,0.3746605696083427
153,32.8929,115.8277,0.3755634763802999
515,26.8956,112.6211,0.3775307859690078
1374,42.19438,-72.555115,0.3776784386724233
314,31.8707,117.2588,0.3782222741372563
1101,42.056383,25.59345,0.3784422067142665
1190,49.784339,22.756239,0.3791173241419273
911,50.11108017,14.50309563,0.3800846945623433
434,29.4758,113.2621,0.3809800859182238
1057,52.349703,13.424304,0.3826807068326668
67,40.7094,122.2703,0.3839514323912471
1433,40.56252,-80.503944,0.3842395470882587
467,29.334,120.04,0.3843131676456187
194,33.0706,107.0154,0.3859445738863277
1274,41.53694,-81.45887,0.3863565166323822
746,42.14326062,2.510206967,0.3873967546194038
500,30.2798,109.4707,0.3878547724217802
241,32.9427,117.3605,0.3878741031511283
663,31.6449,118.5024,0.3880969845507105
1367,41.3014,-72.90287,0.3882807578514996
1251,35.59095,-78.4622,0.389312834609972
1363,35.96497,-84.22317,0.3902997166084505
1206,45.238642,19.835704,0.3906176074683637
1402,43.656765,-70.629135,0.3914040960133293
461,32.6524,117.0067,0.3927503933707276
498,34.7178,113.7329,0.3931743601527944
1021,45.89,0.9,0.3952201211504093
402,29.4906,106.6349,0.3954240417535279
46,34.7965,114.2885,0.3994043244380605
1302,37.1655,-78.3069,0.4010180058657444
312,31.3019,120.591,0.402048017877483
1169,45.84299,13.54308,0.4031568547614533
641,24.7791,113.6735,0.4045113319932188
206,42.0224,121.6717,0.4049153308082742
930,51.746848,14.33447,0.4050016329943819
245,32.633,116.8281,0.4056735774581352
336,31.2472,120.561,0.4057703872617909
761,47.751475,23.605325,0.4076305595458759
1159,49.851334,3.284,0.4085809886547217
117,36.4372,115.9848,0.4093460990183052
44,36.0681,114.361,0.4109536746068273
1387,33.317142,-86.82575,0.4115275247250603
317,36.6734,117.1265,0.4119218129725373
1059,48.18169,11.46445,0.4135881504397926
1442,32.52127,-84.94463,0.4142610617042335
708,43.09625,-0.040497,0.4162873831166176
530,31.2827,107.5277,0.4181263183585466
887,52.039023,4.359376,0.4188642487164916
1361,41.44278,-75.623055,0.4201141954115316
684,50.010575,19.949189,0.4201833869342818
710,49.23290634,17.66717529,0.4209142329010713
101,36.2125,113.0886,0.4223808443893463
593,33.3663,120.1544,0.4237423865454782
123,34.5578,117.7276,0.4263017377884373
1272,40.084515,-82.81558,0.4269134844497513
736,49.254344,6.867744,0.4276945785485167
216,41.7325,125.9446,0.4291542437322851
219,35.5051,112.85,0.4296201083901038
259,47.3388,130.3114,0.4297117103620906
969,51.453459,6.86505,0.4300536324645641
1249,36.306965,-79.09197,0.4304391049139074
1131,46.112775,24.22805,0.4324081785301916
742,45.871406,22.908594,0.4332788905470134
725,49.02134,1.148319,0.4340848227987015
393,39.0927,117.202,0.4348111869867402
521,30.5944,114.3014,0.4358746987479805
483,38.5167,102.1692,0.4363398988934919
469,30.8388,106.1087,0.4382539038595389
627,22.5978,114.297,0.438682180209142
27,40.8434,121.0533,0.4390916266249212
150,33.5699,114.051,0.4395222623657728
1313,38.86067,-90.10585,0.4477872415151241
484,35.546,112.8453,0.4487327991774631
1075,44.319639,28.610292,0.4508466470779158
1105,59.399355,18.077416,0.453028463774434
1196,44.938125,26.044994,0.4540070073266365
850,42.637192,23.243864,0.455264943415022
650,28.7728,104.6201,0.4566284449355623
998,48.173194,11.648036,0.4573879924595728
675,48.962223,4.36,0.4578738841585023
773,48.40861,15.619166,0.4585593474646491
1426,30.848612,-85.60389,0.4596064017178132
920,49.869422,9.171544,0.4600238221209352
128,36.1937,117.1437,0.4617809083931021
1110,53.40337,-1.752006,0.4634369948988112
473,26.6272,118.1756,0.4635960232446585
1121,50.85205095,4.347777506,0.4646907040315115
543,29.315,110.4417,0.4651558247501312
754,49.744886,21.454617,0.4672276104644025
870,52.800773,10.756733,0.4676754702873847
899,40.540351,-3.645253,0.4677148569583778
163,35.303,113.883,0.4693289564598636
1295,41.6175,-87.199165,0.4749828463657992
176,41.1551,80.2613,0.4751141150977216
208,41.2495,123.1683,0.4759515667625273
533,30.5366,105.5861,0.4768209601496405
625,33.4022,120.118,0.4769223710942824
505,27.5721,109.5981,0.4791783095592257
19,41.8822,123.9161,0.4814372960993874
993,47.62,6.157611,0.481571430314404
658,29.4875,106.4782,0.4881558687904059
1397,33.331112,-87.00361,0.488598055205746
23,41.2864,123.7669,0.4917740184948505
1066,45.263142,27.969506,0.4923539321331205
1407,41.965195,-87.87627,0.4938499352415856
16,43.8358,126.5844,0.4939452455603094
1156,43.40444,-3.84194,0.4945742286286913
1141,49.672507,9.001981,0.4953866218139659
821,45.1758,7.5602,0.4961171668842755
976,45.56472,5.928333,0.4976990903235649
1195,50.0075,20.259167,0.4978694214682947
409,27.7844,114.3956,0.4987275062278661
1058,46.064275,23.563517,0.4998585348802879
87,34.2322,108.8922,0.5005816505738242
311,36.6868,117.0624,0.5020427466459907
1427,39.52508,-119.80772,0.5022152460319265
711,49.04781723,18.00782776,0.5037799133284024
355,41.8467,123.4264,0.5042688016186031
1014,50.32276,3.39593,0.5053564325215368
999,44.98375,26.015214,0.5060220141807236
93,34.9976,118.2794,0.5061925267482844
882,51.60308,4.781016,0.5063098510705402
1278,41.24045,-80.66272,0.507783783463244
1270,41.515053,-81.24991,0.5101230868329166
1041,51.462734,13.526796,0.5114312145790787
1054,40.62984,-3.17159,0.5144579052008028
1127,45.5966,7.76643,0.5165743784727909
661,35.4828,112.8271,0.5177451251865186
580,30.4519,114.8858,0.5181784645560654
437,27.9153,113.0048,0.5185844481978162
1384,42.334984,-89.03777,0.5190797101662307
683,45.6725,12.238611,0.5205702169177596
8,44.5963,129.5904,0.5243647187482796
1063,48.326013,10.903051,0.5257438189869968
1029,42.53417,12.52194,0.5271612246815657
1111,47.47706,11.05722,0.5273886729683123
601,27.0803,114.9754,0.5308001127694912
603,32.4535,105.8945,0.5315387395552909
471,29.7091,106.4522,0.5336888554068958
607,29.2956,117.2461,0.5348376055031882
214,46.0656,122.0392,0.5360917094400928
944,47.04472222,15.15277778,0.5366362999854416
1125,47.565439,14.244676,0.5370558466701877
341,34.5885,119.176,0.540087436713273
840,54.68611145,25.2108345,0.540132134002528
408,27.0968,115.0093,0.5403244177897539
942,45.55879167,18.69876944,0.5418670718061639
171,35.5307,106.7021,0.5454602134026264
54,31.4535,104.7563,0.5455635817334892
648,28.3611,112.9581,0.5458329714390819
232,37.5211,111.1406,0.5480678503406448
929,51.897598,14.057064,0.5489771403638662
758,45.47833,9.23583,0.5503346463184701
1279,39.9428,-81.3373,0.5510513507945839
935,50.88369465,4.382977505,0.5523669779536962
693,43.30277777,-1.98444444,0.5524689923869841
77,40.7677,120.8695,0.5529670939249565
1422,44.616943,-86.109406,0.5531385649672158
1362,41.265556,-75.84639,0.5539540579918386
1025,40.67354965,22.89343834,0.5540698352187967
599,32.3153,118.3093,0.5548309717749873
1264,35.10264,-85.16219,0.5549883555266146
516,27.5342,109.9781,0.5557633837761032
1320,40.136337,-111.6605,0.5565956993835373
1220,43.25811,-2.97344,0.5570066915258015
1386,41.81305,-88.07283,0.5597664489678629
1431,40.73614,-73.82153,0.5610392078186353
116,37.4451,116.2991,0.5610942526329563
883,50.736389,15.739722,0.5618123502074437
591,36.61763,114.5129,0.5643388914482352
1107,50.6134125,5.570222814,0.5644651287096696
348,32.0551,118.7538,0.5657299107558799
1209,50.912475,15.31219,0.5664644907022626
436,28.9703,111.6975,0.567114695630685
1202,42.284,21.2738,0.5697134476875961
121,36.4847,117.8525,0.5697693115213285
477,29.2617,117.1547,0.5701089447475568
162,35.7306,114.2878,0.5702531717685405
854,42.666508,23.400164,0.5737949601112667
181,34.5538,105.8945,0.5743364663432907
912,50.04613113,14.33141327,0.5744859878334266
10,44.5462,129.6386,0.5763367929032215
801,45.463333,10.480833,0.5780492624584306
169,37.9251,102.6201,0.5786500927036702
588,35.5934,104.6194,0.5800115226737
626,34.3497,107.2058,0.58026012549074
1360,40.107224,-74.882225,0.5812207756039183
554,22.5545,114.1063,0.5820720998158873
395,39.1082,117.237,0.5837493059181906
239,46.6365,126.9785,0.5839655300421006
861,46.765425,23.550258,0.5864542255898594
775,46.06554495,14.51272032,0.5873485196367019
190,31.2124,107.4644,0.5877746221342234
1132,49.165508,9.224786,0.5895859978882979
1331,41.058617,-74.25555,0.5896074478991338
463,31.909,120.237,0.5920075219412085
704,45.569,8.1876,0.5962116957980362
417,28.2475,117.0311,0.596707496931791
1375,42.298492,-72.334076,0.5998762378076803
809,45.83611,8.80417,0.6002719743530371
956,44.9513,7.6362,0.6028485072733714
506,27.7344,109.1839,0.6030620077330837
546,30.9285,113.9153,0.6096628856667239
1003,48.77586,5.162789,0.612847237962526
805,46.05184,11.45389,0.6131934851677815
538,28.2675,109.6958,0.6140267345955593
63,41.1196,123.044,0.6164067792551591
865,50.978292,10.317236,0.6173545144703257
118,37.3803,118.0062,0.6180932637494243
188,30.5232,105.5582,0.6188726845224817
313,31.7848,117.1959,0.6198899713576402
977,45.154075,26.818619,0.6207381565554153
1162,45.96141,4.465711,0.6227433618668826
371,43.8447,125.3863,0.6250721042374751
18,41.8491,123.7977,0.6268480298918784
666,26.5424,106.674,0.630517947861006
702,60.37288,11.07407,0.6327710972009988
740,45.474156,28.034406,0.633505457924643
745,40.41666666,-0.24916666,0.6353586465138548
628,34.5023,109.4259,0.6370266861039428
228,37.6982,112.6991,0.6381294002868131
1015,48.17278,6.452811,0.6396288328470816
574,38.497,106.1015,0.6407270798056162
1135,52.22174,-2.736665,0.6409789965397394
330,31.6219,120.275,0.6412030354792153
900,66.3217,29.40157,0.6425808969299242
916,48.397079,10.008293,0.6428381337189646
119,37.393,117.9776,0.644018430871532
164,35.7636,115.0312,0.6449487020439608
784,55.072222,24.283894,0.6464511802319955
165,35.7609,115.0574,0.6484715032739191
924,49.544078,8.465281,0.6486669845740001
1166,41.04,21.3564,0.6497446441265549
551,33.015,114.0114,0.6504184956384068
557,32.6389,110.7258,0.6506796774631114
724,43.32074,-3.11272,0.6534279776198956
688,45.1828,5.7531,0.6542474891172931
1104,51.75816,10.61248,0.657190041318307
1410,29.68639,-95.29472,0.657494842862318
236,32.8977,117.3145,0.6580926713472979
1016,42.42212,12.109196,0.6601878040424641
1280,41.420883,-82.095726,0.6602746139990743
1180,56.15976,10.19364,0.660903317136856
831,45.148333,9.940278,0.6611424162152876
600,26.5917,104.83,0.6612623296354199
1318,42.04915,-88.273026,0.6621481058900407
217,39.3278,112.4072,0.663023820123224
429,36.0022,106.2792,0.6633238113547418
545,36.0621,114.4839,0.6642572413254914
1106,50.84971052,4.33410368,0.6647121083093132
1074,43.5512,-5.9197,0.6658036137154054
586,35.7668,115.0,0.6659621890706646
843,43.223044,27.587239,0.6664514104228837
834,48.257474,13.03923,0.6673143633839266
509,27.3125,105.2864,0.6673222068994271
1317,42.060284,-87.86323,0.672013368221687
982,50.892377,14.822846,0.6722180827581558
981,50.731478,13.75145,0.6740201844631956
888,46.58389,0.345556,0.6741202267284307
224,39.3197,112.4258,0.6742421971593076
744,43.34639,-4.06417,0.6744531886968748
852,42.432356,25.637389,0.6764844126322632
1337,38.20087,-77.37742,0.6767867803678774
902,45.038831,24.298631,0.6791507968051794
890,47.2225,-1.5375,0.6800797750818697
624,35.878,120.005,0.6816106243454452
681,48.847917,10.096292,0.6823756390886314
76,40.7514,120.8392,0.6823855138318269
1216,51.54052,5.85307,0.6832125176710657
1152,50.349608,18.236575,0.6849399902789387
853,41.694342,24.738078,0.6850925464755605
928,51.5645,14.3764,0.6864829687393318
1326,42.68075,-73.75733,0.6879871724975711
1175,46.329586,-0.458889,0.6880670771670763
340,32.02,120.87,0.6895254330323397
1291,39.9878,-79.2515,0.6915806345140416
1199,43.650722,25.363583,0.6958357550292595
1142,46.632142,27.730886,0.6971312324832849
914,52.146264,14.638166,0.6987930878261093
1051,46.2311,6.07417,0.6995239836262873
1073,48.507703,9.051178,0.6996868317256651
620,27.7314,112.0194,0.7004895834104956
346,32.0309,118.8109,0.7031249194576455
722,49.40619,1.15515,0.7058282501608264
721,45.916943,6.135556,0.7069776568570221
895,47.64892,-2.76399,0.7070951304502708
1419,41.645382,-70.89751,0.708105667165862
1204,41.886019,12.541618,0.7102574112451071
280,40.9763,117.9392,0.7112421477377586
622,39.2474,117.7918,0.7122157021917668
158,33.8518,115.7789,0.7149498602555808
115,34.7837,117.2852,0.71759924942708
585,31.2864,120.628,0.719726993160764
1022,50.775482,3.12568,0.7225769105861032
988,47.34414,0.653778,0.7232689005573887
1266,36.0388,-85.7331,0.7280836465091852
718,41.096667,-8.555833,0.729140311742695
671,45.499167,12.262222,0.729817381952166
875,40.641111,-8.100556,0.7312891380066842
1100,50.85671305,4.425760659,0.7313793040398241
560,34.343,106.0055,0.7335902807346212
325,33.5981,119.036,0.7359943094931101
261,46.6191,131.1652,0.7360017509864085
1050,46.522,6.63963,0.7362556952812432
582,29.5462,103.7723,0.7383210383681932
400,27.0999,114.9658,0.7398274385914664
1456,31.954287,-84.08101,0.7422553203197293
1123,45.714444,11.368611,0.7426172880654917
730,45.683333,9.466667,0.7430472367202798
992,47.538193,6.868361,0.7465241794117137
1201,41.15604,15.09675,0.7496319717882336
61,41.0931,123.011,0.7514419838787038
1447,40.74529,-73.41919,0.7518320324827434
544,39.7443,98.5061,0.754722827298926
1112,44.92467,10.5172,0.7578683126785979
1186,44.564972,27.366081,0.7598750452105698
1011,43.91611,11.00694,0.7644417088028919
58,30.8064,106.056,0.7704200903112995
1093,49.107502,6.122775,0.7719610516407877
642,24.7733,113.5824,0.7721747614951036
1231,46.34072,2.593945,0.7747709473106846
573,30.4663,106.6271,0.7747846024675038
907,49.40159607,15.6102457,0.7751603664336052
1048,43.5589,-5.9275,0.776306460834033
1080,50.970024,9.80026,0.7785499382110371
1038,45.696736,27.211622,0.7811690214809573
802,49.119442,6.180833,0.7815532619520608
592,34.1781,117.1694,0.7844026484749933
1281,35.76541,-82.264946,0.792020062693825
69,40.6655,122.167,0.7921115526771154
251,46.7975,130.3258,0.7930604269070685
726,43.3069,-5.7057,0.7941553868617808
1060,46.564369,26.910667,0.7946692470355133
99,40.0844,113.2711,0.7948019775203264
667,26.6027,106.7109,0.7959191107367157
764,45.869995,1.31,0.7970282288073576
1233,47.30737,5.065881,0.7982395021792392
1009,55.79216,-3.2429,0.8002560420338555
859,43.305286,5.394716,0.8002822143480713
435,29.355,113.2117,0.8017341995511538
452,24.5058,118.0936,0.8033747983934599
1443,39.399837,-119.73961,0.803407748960689
496,26.5939,104.89,0.8047851528485649
569,26.8906,100.2203,0.8050015946496762
783,41.669172,13.674326,0.8053064380519189
1082,50.16443,9.399441,0.806648782783813
353,41.7867,123.4678,0.8071868547868772
432,29.7228,106.6263,0.8072080840633531
903,50.37658691,13.32762241,0.8086198058833606
1388,37.70097,-94.03474,0.8090479204102384
760,47.594257,1.302667,0.810187188671057
1226,46.586918,0.358583,0.8111106356555149
1129,51.49633,-0.460861,0.8113569047600966
1174,52.077148,4.289185,0.8115264349308869
1239,45.248889,10.299444,0.8115533581399734
1207,38.748611,-9.148889,0.8132110115336258
455,36.885,120.515,0.8169266962574587
638,23.0822,114.4053,0.8176956345568837
1181,50.30886,2.807369,0.8190135516284476
778,45.54301186,13.71352366,0.8212499749930728
878,43.293137,5.574184,0.8226827448156429
1151,51.939783,15.518861,0.8237280348613168
678,50.836389,19.130111,0.8241124571119206
1088,42.05134069,0.729555647,0.8328483948838448
1072,49.634841,9.657919,0.8331231136844938
700,43.610497,2.23015,0.8336149534420213
771,43.3583,-5.8664,0.8349878277808271
1275,41.55523,-81.57526,0.8359067869542217
394,39.1661,117.1444,0.838447378770458
756,43.16832,-2.63794,0.8392633454410656
327,31.1907,121.703,0.8402409743845786
1037,49.83918762,18.26368904,0.8435041583829002
1067,51.651166,12.302866,0.8461301353541126
958,47.0495,6.97915,0.8468434807302834
143,32.6494,110.78,0.8490935232785054
1139,50.66109467,14.04306316,0.8521476048132892
68,40.6511,122.215,0.8526241146041298
712,52.029194,23.149389,0.85436455888991
47,35.2127,113.2269,0.8545872148424991
1035,41.554167,14.674722,0.859972358651571
715,43.6287,0.179069,0.8631085553581863
1371,27.189215,-81.34035,0.8633008114455742
893,45.7789,4.9247,0.8666550105800066
1018,45.000278,9.009444,0.8726068869012839
947,48.33472,16.729445,0.8736678854628621
1024,47.054443,-0.886111,0.877828439627659
1434,43.68578,-74.98538,0.878380810322845
1450,43.34317,-87.92087,0.8817906776249914
1033,45.038333,9.669167,0.8825378325874377
1049,50.877923,12.0749,0.8845706209048754
720,47.3456,5.002377,0.8873470251831138
640,29.6815,115.9872,0.8892439285992925
1205,39.48963,16.3868,0.8897348713670907
1103,47.4029,8.6134,0.8919831429338938
1134,45.736694,21.250808,0.8926812146473184
1153,41.63528,-0.89361,0.8936802339509975
676,49.224167,4.020556,0.894071529369541
1023,47.44739,-0.550067,0.89912609032389
1168,43.79306,11.09778,0.9011567604696984
1171,43.5166,-5.6707,0.9044406185701308
1221,43.4015,-5.8028,0.9061070790062086
1179,46.555842,26.926942,0.9088091106064724
1212,42.36417,13.38306,0.9095007480260102
1235,40.3597,-3.5429,0.9109044607793412
699,49.45165634,17.45415878,0.9129723228497424
1211,42.736572,11.87643,0.9194652982449956
613,30.7525,120.7846,0.924215581189872
1232,49.15167,-0.352778,0.9246019157301616
1077,43.21291,-3.1344,0.925321935966687
1214,45.297325,27.949461,0.9254370179371996
1208,44.386558,23.733658,0.927062296318816
539,28.3169,109.7325,0.9277045309650964
1185,51.536893,7.457409,0.9297495361087068
1236,42.44,-2.239,0.9353779199803276
1092,48.19223,14.51954,0.9362063937654682
1218,51.028931,7.004976,0.9369305600398
1116,51.34879529,4.339709947,0.9438341865842615
1146,49.514959,8.402331,0.9442315373389616
1144,42.58194,12.62361,0.9568125703666404
1191,48.445553,0.110833,0.9640745713443356
1177,43.3665,-5.833,0.9650760790755524
1213,50.676856,17.950278,0.9690768221874512
1234,50.44914,2.9,0.9780447204613302
1203,40.71099,14.70244,0.9856860630097588
