,lat,lon,Date_Mid_Greenup_Phase_1_temp_r
517,27.5578,109.9972,-0.9855900411533084
652,37.374,120.399,-0.9568493383736628
1383,39.117218,-94.635605,-0.9477985924744976
1167,44.92008,2.441082,-0.9427270285745176
1413,41.094967,-85.101814,-0.9402861959262242
571,25.0492,101.538,-0.9335093067068136
1058,46.064275,23.563517,-0.9229229200474632
1314,30.085262,-93.76134,-0.9222580694119756
1227,41.636078,25.379683,-0.9151045368082104
1230,49.28222,4.051111,-0.9126220856315596
717,43.404011,21.947746,-0.9096169668396
1069,52.398406,13.368103,-0.9031397133856038
913,50.08148193,14.4426918,-0.9001896908565794
1053,50.125332,8.746343,-0.8930695400714255
1360,40.107224,-74.882225,-0.8912499370860145
1032,45.60222,9.27611,-0.890226369080104
1004,51.52229,-0.125889,-0.8874075927034093
1408,40.3663,-80.6158,-0.8857699047978302
598,26.4214,111.6156,-0.8856281293270616
1250,44.18089,-85.73898,-0.8804853191758142
1433,40.56252,-80.503944,-0.8802083231715162
889,50.74823,2.25978,-0.8729431111654152
1178,40.39472222,-3.73194444,-0.8701635089543625
1233,47.30737,5.065881,-0.8701569426966806
353,41.7867,123.4678,-0.8679255247618975
1293,35.614132,-97.47508,-0.8659919683851857
1389,39.40745,-94.26537,-0.8578792498668971
950,50.46519216,3.939714326,-0.8575175882186812
289,30.4183,120.3019,-0.8531069021075942
631,27.8614,112.9433,-0.8500971777917419
1359,40.46542,-79.960754,-0.845188721115298
618,28.4436,117.9756,-0.8422910315777928
432,29.7228,106.6263,-0.8411837684339503
479,27.7019,106.9242,-0.8369281841454547
936,50.85780611,4.288706017,-0.8351055423149276
687,45.183611,11.311389,-0.8349917145692222
819,45.6642,8.1598,-0.8337984706573358
1275,41.55523,-81.57526,-0.8332544003174625
919,48.376576,10.88837,-0.8320513461276757
1212,42.36417,13.38306,-0.8310240053914065
1448,34.264915,-88.76622,-0.8296626230025832
410,27.9831,116.3544,-0.8295898255530436
761,47.751475,23.605325,-0.8286764513010445
858,42.732292,23.310972,-0.8272158006396708
1337,38.20087,-77.37742,-0.8263216389843319
1188,53.59617,8.09059,-0.8233598185607932
711,49.04781723,18.00782776,-0.8190259808614812
795,48.2702,16.2972,-0.8184667603153779
871,54.436985,12.721938,-0.8175439184404955
1317,42.060284,-87.86323,-0.8158396736890756
1209,50.912475,15.31219,-0.8144882957538923
1151,51.939783,15.518861,-0.8136378595928108
1304,34.474525,-85.408844,-0.8111287531900813
1181,50.30886,2.807369,-0.8103948335877357
1309,45.56498,-88.80859,-0.8103381803013155
1409,43.54792,-96.70077,-0.8053496881611886
935,50.88369465,4.382977505,-0.8046042461325033
1349,43.1818,-87.901,-0.8041452628061957
1027,49.90167,2.304597,-0.8036263921047541
694,54.124819,22.038056,-0.802821544863209
987,49.052284,8.253538,-0.7982751403600757
1439,39.310833,-76.47444,-0.793475789646157
1046,40.33639,-1.10667,-0.7916817701720039
958,47.0495,6.97915,-0.7912192087951566
1196,44.938125,26.044994,-0.7904855412149946
984,54.09323,10.240596,-0.789980674120863
1316,29.632057,-98.56493,-0.7876227650622887
39,35.8735,120.0405,-0.7868117891041414
966,51.406846,6.965589,-0.7860127319718999
1009,55.79216,-3.2429,-0.7848496141217067
1232,49.15167,-0.352778,-0.7827065351981356
927,54.88361,-1.406878,-0.7825640987117538
837,44.73473,9.36693,-0.7817256842730831
816,49.211447,18.771215,-0.7800797069518217
1210,47.068717,21.927233,-0.779681783317182
68,40.6511,122.215,-0.7795671286367682
1450,43.34317,-87.92087,-0.7794886965236618
590,37.9844,106.2025,-0.7779160898094739
836,44.79361,10.33167,-0.7776708494344797
975,49.628771,8.364779,-0.777284280684298
1107,50.6134125,5.570222814,-0.7768228181651201
996,49.32273,11.02792,-0.7704152774352082
607,29.2956,117.2461,-0.76573596409357
1090,50.221941,8.446079,-0.7611986490683537
440,29.3547,110.5594,-0.7610160202433222
898,47.737415,7.309075,-0.7594835532846954
1372,46.81826,-92.08936,-0.7593784968438597
964,49.300731,8.700103,-0.7589896005781445
30,36.6106,109.5056,-0.7553223882143656
1213,50.676856,17.950278,-0.7551530008002401
1379,32.50996,-92.046196,-0.7548059661822275
1001,47.73344,12.891241,-0.7542126439175885
1100,50.85671305,4.425760659,-0.7540733777684147
473,26.6272,118.1756,-0.7532498175564206
1380,44.310555,-84.89187,-0.7530326352709656
967,53.480927,9.857223,-0.7522588100123492
513,25.0992,104.8811,-0.7489836059690952
1060,46.564369,26.910667,-0.7475450462413316
191,31.8896,102.2502,-0.7468802852673581
1297,48.5103,-113.99681,-0.7440986733455243
800,45.655,10.20083,-0.7434903980625875
1407,41.965195,-87.87627,-0.7433786285933636
601,27.0803,114.9754,-0.7431327450599322
166,31.0386,112.2213,-0.7427808405416336
1432,36.60843,-83.73694,-0.7417531189834077
1040,53.060045,8.916966,-0.7413193225785151
73,40.1092,124.3633,-0.7410665306115835
770,45.4512,7.878,-0.7395952314255173
1426,30.848612,-85.60389,-0.7395947656912096
934,47.5292,9.9267,-0.7390056527674538
511,26.8919,112.6006,-0.737281323090777
1288,30.229652,-90.96563,-0.7345602961028103
620,27.7314,112.0194,-0.7337213822138859
1025,40.67354965,22.89343834,-0.7324015097430912
856,42.680558,23.296786,-0.7317622861404847
80,40.6532,109.8756,-0.7315772776178554
13,46.6215,124.9042,-0.7302065261126889
132,33.6347,114.6758,-0.7295405773390974
1399,32.362606,-88.27799,-0.729526415419976
441,29.5102,106.5777,-0.7283564912076375
1318,42.04915,-88.273026,-0.7282746008326411
1098,51.15013609,3.80873543,-0.727614791022424
385,40.3275,116.6275,-0.727535505603305
1370,42.51334,-83.005974,-0.7254278980372896
319,38.9108,115.4713,-0.7250892938517608
820,48.753179,21.245046,-0.7230279340950293
1174,52.077148,4.289185,-0.7220791134080015
1185,51.536893,7.457409,-0.7215751167706128
1390,38.65643,-90.19835,-0.7214505383811708
678,50.836389,19.130111,-0.7208401580875758
732,45.9225,6.87,-0.7206092876409074
1388,37.70097,-94.03474,-0.72047444021894
646,36.6331,117.9592,-0.7192772241657944
110,42.2728,118.9576,-0.7182193476200823
1391,39.749027,-86.18627,-0.7181908757561489
961,50.79664963,4.358623958,-0.718078083428518
439,29.1217,110.5319,-0.7178373076303556
713,53.028647,18.666103,-0.7155977934486314
121,36.4847,117.8525,-0.7153774248064969
768,50.429014,21.277367,-0.7129233305300855
1028,44.39703,8.20604,-0.7120691426250856
684,50.010575,19.949189,-0.711746024637086
288,30.2692,120.1903,-0.7104165564464487
1163,45.5476,9.16698,-0.7103478529179553
824,44.5,11.286111,-0.7099576834443359
1262,36.085506,-83.76481,-0.7062887427376033
1121,50.85205095,4.347777506,-0.705838267818433
33,34.3739,107.1186,-0.7030510322153486
773,48.40861,15.619166,-0.7018426902691199
746,42.14326062,2.510206967,-0.701677643758803
980,51.317905,12.297411,-0.700935953990609
969,51.453459,6.86505,-0.6997109028322318
673,49.419528,8.6767,-0.6992546221421373
1246,33.342224,-81.788734,-0.6987761467984841
690,44.3818,7.5382,-0.6953579804986326
407,31.4741,104.7778,-0.6950167095131072
759,45.84083,9.34889,-0.6947947109543443
488,43.9174,81.2996,-0.6928949801991042
863,52.602056,11.850274,-0.692381146172106
779,45.93766834,13.91156335,-0.6901290645398876
303,36.5713,114.4918,-0.6895740095035632
1422,44.616943,-86.109406,-0.6889869799552988
1198,51.067439,19.448694,-0.6863428479525996
1277,39.42689,-84.20077,-0.6854440195031676
578,39.1067,117.1941,-0.684967865705903
892,44.926111,10.370833,-0.6847196981385947
1347,37.71325,-119.7062,-0.6839911056939294
1124,45.690278,9.643889,-0.6836157592337866
1291,39.9878,-79.2515,-0.6834306040372916
604,25.8481,114.9461,-0.68314113844712
1410,29.68639,-95.29472,-0.6825731256018696
562,22.2281,113.299,-0.6824781169135891
1308,42.5956,-87.88576,-0.6821468989956534
708,43.09625,-0.040497,-0.6808532703524105
1169,45.84299,13.54308,-0.6806107961938223
369,45.8167,126.561,-0.6803729839129485
762,45.158745,1.537222,-0.6797976490572671
1452,40.27813,-105.54564,-0.6797325615470454
850,42.637192,23.243864,-0.67963050570451
989,53.63074,10.110595,-0.6793915432696496
735,45.475327,4.515003,-0.6792451170899467
818,45.772167,3.0875,-0.6790706305206426
902,45.038831,24.298631,-0.6781285166288006
763,46.17,1.87,-0.6780677651465907
956,44.9513,7.6362,-0.6771628486764054
1108,40.3419,-3.8337,-0.6758896947572609
249,30.97,117.8483,-0.6752927623518324
938,56.672901,12.8576,-0.6750102392252921
674,50.007629,18.455548,-0.6741269115731539
1109,54.334944,-0.80855,-0.6739391755404699
278,39.5111,116.6708,-0.6733723265701312
325,33.5981,119.036,-0.6728544096703971
839,48.247222,20.616403,-0.6720836089002812
109,42.2816,118.9233,-0.6713359843218621
1425,40.304695,-79.50567,-0.6701106282928149
1247,35.0608,-83.4306,-0.6691162611133937
398,29.7166,106.6205,-0.6681122619972719
584,41.7173,125.9358,-0.6673429963762276
664,34.6692,112.3628,-0.6642846446503508
415,28.9634,105.4324,-0.6615203332631475
186,30.2981,109.4978,-0.6595136069834452
1010,53.56292,-1.510436,-0.6590056947522656
1149,43.3094,-2.0109,-0.6579656835572795
493,31.9037,102.224,-0.6575579167853686
1234,50.44914,2.9,-0.6563968348614372
680,44.9089,8.2055,-0.6563263701745121
905,45.873889,10.1775,-0.6553428072057257
1144,42.58194,12.62361,-0.6545301502206436
887,52.039023,4.359376,-0.6526666175136724
879,41.53583,20.6989,-0.6517200885259126
1067,51.651166,12.302866,-0.6511687849991951
1159,49.851334,3.284,-0.6503624816900752
1166,41.04,21.3564,-0.6487425382502047
1386,41.81305,-88.07283,-0.6484438463045377
862,51.921389,4.401389,-0.6480261823545999
721,45.916943,6.135556,-0.6470887137147673
986,46.802376,4.417486,-0.645497585198659
597,25.0441,101.5482,-0.6431865310399361
1168,43.79306,11.09778,-0.6428809479496501
868,47.739919,26.658519,-0.6418430443483929
38,36.6868,117.532,-0.6413869429394198
248,30.8792,117.7439,-0.6412376447197446
1272,40.084515,-82.81558,-0.639240087909096
894,50.159406,19.477464,-0.6391449437645356
688,45.1828,5.7531,-0.6390920997289037
1062,51.321364,12.032141,-0.6385914558678591
797,46.7675,15.956111,-0.6382941165780263
1299,63.7232,-148.9676,-0.6364700376545992
1026,43.623608,1.438531,-0.6360614229945166
1180,56.15976,10.19364,-0.6353363511675507
681,48.847917,10.096292,-0.6349656693956744
149,33.5698,114.0055,-0.6308307177687551
383,39.9611,116.2878,-0.6305884421660038
1285,30.700895,-91.05607,-0.6303195628263205
82,43.8711,87.5525,-0.6297626785620317
280,40.9763,117.9392,-0.6279033390186244
995,53.56414,9.967882,-0.6261050610047884
1131,46.112775,24.22805,-0.625805606561663
327,31.1907,121.703,-0.6251471825798643
635,23.691,113.0426,-0.6245672896330314
1066,45.263142,27.969506,-0.6230137146494052
1190,49.784339,22.756239,-0.6227723505455793
882,51.60308,4.781016,-0.6216393648694186
627,22.5978,114.297,-0.6214399131159372
1255,38.013332,-87.577225,-0.6209506120379578
845,47.561944,18.960008,-0.6182017930460663
65,40.6288,109.8642,-0.6181500461120597
553,24.8978,118.5972,-0.6154204154200645
1226,46.586918,0.358583,-0.6127018371418926
1217,53.24696,10.4565,-0.611505835134423
726,43.3069,-5.7057,-0.6114207587668022
1061,50.048397,10.232076,-0.6108805889848699
854,42.666508,23.400164,-0.6107595746918641
733,48.051117,7.011114,-0.6099692174039492
867,51.207944,10.450997,-0.6091816521829998
122,36.8194,118.3092,-0.6070030186820162
1231,46.34072,2.593945,-0.6055238688900588
1306,44.70735,-89.77192,-0.6049644392414533
1342,29.583048,-95.01554,-0.6021143501323188
722,49.40619,1.15515,-0.602014463472984
1429,40.689255,-122.40219,-0.601477739247032
308,30.6217,114.3646,-0.6013759969738243
619,30.9413,117.7807,-0.6013044880194728
930,51.746848,14.33447,-0.6011918863544724
1119,45.623056,13.7875,-0.5991310512046888
1103,47.4029,8.6134,-0.5965771745344863
767,44.013056,12.42,-0.5932986586260739
877,46.256617,26.792892,-0.5920139230836704
907,49.40159607,15.6102457,-0.5917557377987069
848,46.62936,14.28931,-0.5895277649197924
569,26.8906,100.2203,-0.5893943499574097
912,50.04613113,14.33141327,-0.5893447795566612
683,45.6725,12.238611,-0.5887621087897925
270,37.7124,112.469,-0.5863866903895708
1030,50.5976,-3.71651,-0.5854396984348077
447,31.388,120.953,-0.585012889553675
509,27.3125,105.2864,-0.5847307334992347
1084,52.25534,8.05286,-0.5845988655042683
745,40.41666666,-0.24916666,-0.5836116581018717
1339,38.8577,-77.05922,-0.5832657775138081
710,49.23290634,17.66717529,-0.5829579246167339
271,37.0851,114.5237,-0.5826294483194879
1237,41.9356664,2.238568301,-0.582601773741629
677,43.2561,-5.7759,-0.5803834809832885
642,24.7733,113.5824,-0.57913547327849
785,60.608299,15.6294,-0.5777756763064295
953,45.69802778,18.83463889,-0.5777698018802272
1274,41.53694,-81.45887,-0.5769214818518277
822,41.99917,21.44084,-0.5761155090999874
545,36.0621,114.4839,-0.5757713013092571
144,32.5714,110.8839,-0.5744188415820894
725,49.02134,1.148319,-0.5742664477845559
1384,42.334984,-89.03777,-0.5727047706051808
1254,34.002747,-89.79919,-0.5722875412988185
1292,35.320107,-97.4841,-0.5722600596574137
537,23.7233,114.6892,-0.5720241585543935
1147,52.115725,21.237297,-0.5719460956687316
535,28.19,112.9394,-0.5714428840926149
262,46.6554,131.1524,-0.5689500217198513
931,50.12218857,14.46757793,-0.5672798373113621
1157,47.594913,7.568175,-0.567133875472564
162,35.7306,114.2878,-0.5648438600244933
1184,51.525955,6.97688,-0.5623066680748126
749,43.313,-7.6937,-0.561691144807574
1256,39.48599,-87.40131,-0.5603137477116896
1000,48.021657,12.538174,-0.5602878809853262
1112,44.92467,10.5172,-0.5581005332706569
411,31.2071,121.577,-0.5577062909479985
1114,51.45258,0.070766,-0.5573362327643809
1020,45.560556,11.539722,-0.5562919723046414
803,48.16206944,16.52561389,-0.5526568186940065
1091,46.708333,14.891667,-0.552604765950804
1130,51.47707,0.317969,-0.551672358829606
1211,42.736572,11.87643,-0.5511101393518774
483,38.5167,102.1692,-0.5510510938705127
311,36.6868,117.0624,-0.5504183955597797
504,26.4364,111.5992,-0.5485504322083556
712,52.029194,23.149389,-0.5472841145047295
1394,33.553055,-86.815,-0.5470723236585311
1007,48.9964,1.7033,-0.5466222479566163
1332,35.9138,-81.191,-0.5458219123071056
821,45.1758,7.5602,-0.5442442689287745
774,47.40555556,15.36083333,-0.5430817207955506
355,41.8467,123.4264,-0.542180708824195
997,55.862281,-3.205782,-0.5398655245497888
499,34.77172,113.73961,-0.5393424190894951
698,49.77012634,13.36822128,-0.5391568552288581
254,45.1722,124.7965,-0.5390936143045028
377,43.9027,125.2863,-0.5384256425244858
118,37.3803,118.0062,-0.5381343636996383
1267,35.85611,-78.574165,-0.5381130988515072
1295,41.6175,-87.199165,-0.5376968787670974
979,51.396095,12.234054,-0.5376104508900584
220,35.4936,112.8318,-0.5356095508750037
543,29.315,110.4417,-0.5353603799832771
857,47.430833,19.184175,-0.5319697385980228
1305,46.0519,-89.654,-0.5317596929233789
807,47.410164,9.653713,-0.5305650581037556
1182,51.839382,10.790143,-0.5303912836393139
1259,29.767998,-95.22058,-0.5292022519609098
1307,43.7775,-91.2269,-0.5291199952731236
1336,40.82799,-73.05754,-0.5274524331714457
841,47.557222,18.420836,-0.5257472911877692
832,48.53111111,14.57472222,-0.5251272575858388
329,31.3008,121.467,-0.5249507164788654
1361,41.44278,-75.623055,-0.5238591632758923
536,23.4835,111.2711,-0.5223093167305995
323,33.575,119.007,-0.5222871825640476
921,48.773072,8.220214,-0.521725184239449
501,26.2081,111.6217,-0.5215790628836333
1355,39.80933,-80.26567,-0.5204911060703228
275,38.2991,116.8842,-0.5199459771788022
849,47.676111,17.649736,-0.5197338642637293
42,34.6258,112.4267,-0.5191151735270556
1039,50.766815,7.973542,-0.5188023660994077
54,31.4535,104.7563,-0.5187629251639938
1081,51.90158,10.48132,-0.5186844940223178
976,45.56472,5.928333,-0.5176984831610771
120,36.8103,118.0414,-0.5157924795366886
1431,40.73614,-73.82153,-0.5139373868918106
1116,51.34879529,4.339709947,-0.5135959317723021
1022,50.775482,3.12568,-0.5134991086553422
1095,47.86194444,15.32194444,-0.5131928248009322
1162,45.96141,4.465711,-0.5124934772041645
941,47.04027778,14.330725,-0.5115525645806239
955,47.4067,9.39438,-0.5105646571517994
123,34.5578,117.7276,-0.5099025204395055
1094,55.46333313,26.00416946,-0.5090888133231831
17,41.0821,123.022,-0.5079661409924208
1165,43.0819,-1.9127,-0.5076463556174974
1294,44.735977,-68.67075,-0.5069505421504514
18,41.8491,123.7977,-0.5068551052219267
999,44.98375,26.015214,-0.506636469297981
542,27.7569,111.9561,-0.5063621388011945
260,47.3382,130.1097,-0.5050428266445066
815,49.028057,2.750278,-0.5041344252035382
679,48.899233,9.172792,-0.5016362490808813
866,50.979455,11.037924,-0.5001469961069657
1333,40.06483,-74.44405,-0.4998578276656448
1014,50.32276,3.39593,-0.4995206592108888
1012,46.137222,9.385,-0.4981323659526124
656,36.0822,111.5169,-0.4980781829072191
834,48.257474,13.03923,-0.4972346761833973
1111,47.47706,11.05722,-0.4962108845354584
719,47.27476,4.099476,-0.4953566402291778
663,31.6449,118.5024,-0.4921717224485718
1035,41.554167,14.674722,-0.4920262392412561
419,30.3119,120.1197,-0.4919321000433966
1403,29.939613,-89.92388,-0.4915414783074062
1048,43.5589,-5.9275,-0.4911639446013189
1228,46.9631,7.46252,-0.4906187702123163
895,47.64892,-2.76399,-0.4889556667565146
788,47.541944,19.146122,-0.4885502778199585
686,48.610363,7.781631,-0.4880949445669017
1312,32.364567,-88.73149,-0.4878998662089364
380,38.8639,115.5086,-0.4867410103219162
1218,51.028931,7.004976,-0.4865620520061307
1134,45.736694,21.250808,-0.4852766928483193
1253,48.41252,-92.82922,-0.484303559463916
1395,33.545277,-86.549164,-0.4836835571299008
923,51.054558,12.141322,-0.4821125743811013
1353,40.56333,-78.919975,-0.4815363162518981
775,46.06554495,14.51272032,-0.4811565403445129
823,45.1763,7.7116,-0.4784903534783448
395,39.1082,117.237,-0.4752382573235116
1401,30.681719,-91.36625,-0.4742879143258089
1249,36.306965,-79.09197,-0.4737725244202942
1416,39.28102,-78.08157,-0.4726562443862651
77,40.7677,120.8695,-0.471815552504116
1207,38.748611,-9.148889,-0.4717783445034229
864,42.90056,13.33667,-0.4712465729333887
46,34.7965,114.2885,-0.4709320486504832
1446,43.670834,-110.59947,-0.4700242100424783
182,36.5446,104.1724,-0.4697529690777997
406,30.1819,120.2697,-0.4696866183705519
1280,41.420883,-82.095726,-0.4695161023291853
1063,48.326013,10.903051,-0.4687252833114809
412,25.8333,114.9322,-0.4685436487426581
830,48.733256,19.115268,-0.4683709810525634
1276,38.81194,-76.74417,-0.467550256634359
1392,38.71085,-90.47606,-0.4653824461147675
91,38.4975,106.2328,-0.4644596068636087
1223,47.0677,8.30068,-0.4636732898553038
937,57.8634,11.9216,-0.4625816040356524
246,33.9477,116.7856,-0.4625781096118413
512,25.0925,104.9022,-0.4608201918903386
959,47.513333,21.624444,-0.4593225739145155
253,47.3086,130.2684,-0.4584683730562102
273,37.7541,115.6838,-0.4567016118102827
474,30.2111,120.2072,-0.4563864963853919
1424,42.27807,-85.54189,-0.4562984878568794
1054,40.62984,-3.17159,-0.4555716164419139
1447,40.74529,-73.41919,-0.4555057103608672
335,34.2778,117.2933,-0.4553670485295265
897,60.22393,25.10244,-0.4550574376682757
1245,33.81468,-80.781136,-0.4541871001820293
1033,45.038333,9.669167,-0.4536219323813181
1263,36.019184,-83.87381,-0.4534019794825171
638,23.0822,114.4053,-0.4533898550047681
782,42.157856,11.908954,-0.4525996113301829
1078,41.03028,21.33667,-0.4479621822193738
1045,41.932892,12.506947,-0.447310408043607
1328,41.05192,-73.76366,-0.4461139707378512
806,47.128863,10.034324,-0.4454722372184622
326,45.7319,126.685,-0.4442893626998374
906,46.08253,10.95804,-0.4438770657827286
1302,37.1655,-78.3069,-0.4434764132325348
1455,38.23887,-82.9881,-0.4434666139738042
373,43.79,125.4605,-0.4434324435840726
460,31.882,120.55,-0.4433521108479831
831,45.148333,9.940278,-0.4419703108547201
285,40.8033,111.6572,-0.4416541826264086
1036,51.360755,9.271233,-0.4413808893732144
320,38.8632,115.493,-0.4410300735251355
1222,49.23074,7.003174,-0.4404323532362439
859,43.305286,5.394716,-0.438648560381744
1268,40.026035,-82.433,-0.4379847125186845
723,46.19583,6.240556,-0.4378458465704827
709,52.407578,20.955928,-0.437508281816075
706,42.09791019,1.848237224,-0.4367347857018848
389,38.0058,114.4586,-0.4366626818730477
363,40.8062,111.7276,-0.4363761295497211
861,46.765425,23.550258,-0.435630877456951
286,33.9528,118.293,-0.435617689017318
60,41.0971,122.9642,-0.4342859400739949
700,43.610497,2.23015,-0.4340475883328432
812,47.27129,11.4169445,-0.4336042863062717
833,47.71611111,13.63222222,-0.4313149145601308
1261,35.63348,-83.941605,-0.4312046132431247
1101,42.056383,25.59345,-0.4307923345700293
1021,45.89,0.9,-0.4296342471906265
223,39.3617,112.4575,-0.4284448958184843
1059,48.18169,11.46445,-0.4270745539493392
1338,38.48123,-77.3704,-0.4264754076384154
613,30.7525,120.7846,-0.4262756752459959
112,37.4309,118.6614,-0.4240376181003455
1191,48.445553,0.110833,-0.4224079713205526
885,51.407365,5.393328,-0.422155582735752
1068,47.145014,23.877389,-0.4203360041015569
696,49.91351318,14.7826252,-0.4188315580888025
514,28.6842,115.9314,-0.4178806811458339
682,47.809892,7.764528,-0.4135824189196392
574,38.497,106.1015,-0.4135055011895863
1311,40.712776,-81.598335,-0.4104219239530164
914,52.146264,14.638166,-0.4100848502230375
734,43.310833,-0.391111,-0.4098832927062426
926,52.644169,13.483079,-0.4094393817469956
780,46.58967,11.43317,-0.4093791285433921
204,38.8411,105.6985,-0.4089138808614492
814,45.79728,3.113833,-0.4087838028870055
1340,29.723333,-95.63583,-0.408271692915124
1404,39.99139,-75.08083,-0.4076979241012876
1038,45.696736,27.211622,-0.4056150734540128
188,30.5232,105.5582,-0.4050450008209145
1034,43.66028,11.90167,-0.4043053082573265
886,53.246535,6.608937,-0.4040887186834605
147,30.9891,112.1969,-0.4038200407667096
1202,42.284,21.2738,-0.4037438659480349
1362,41.265556,-75.84639,-0.4034701211728335
602,44.0114,87.2997,-0.4026949030562954
1073,48.507703,9.051178,-0.4016756283620611
865,50.978292,10.317236,-0.4013180923089644
1428,30.260279,-81.45361,-0.4006087079573928
817,47.8055556,13.043333,-0.3999124829777752
600,26.5917,104.83,-0.3983839566149086
699,49.45165634,17.45415878,-0.397936195023309
1411,34.623238,-82.53206,-0.3972136170273264
873,55.39638901,10.38917255,-0.3951575681960297
16,43.8358,126.5844,-0.3930405048454559
804,48.124711,17.125496,-0.39128432250214
968,50.889871,6.985074,-0.3888612473780176
754,49.744886,21.454617,-0.3881658544555544
1313,38.86067,-90.10585,-0.3875778614233643
195,33.1138,107.0089,-0.3867885518807605
716,49.94498825,17.90953064,-0.3865924029226805
1350,42.51831,-89.06347,-0.3851098713661073
738,45.431539,28.054742,-0.384567545249266
676,49.224167,4.020556,-0.3842918775246118
429,36.0022,106.2792,-0.3837761775194436
888,46.58389,0.345556,-0.3823892375218237
576,38.4842,106.2757,-0.3821980246446867
1158,51.748103,18.04931,-0.3805312015034784
1041,51.462734,13.526796,-0.3803469458608764
1406,41.644066,-83.54616,-0.379959727447026
1327,40.8679,-73.87809,-0.3788779199439738
1442,32.52127,-84.94463,-0.3779984658397352
124,35.4209,119.471,-0.3772082139840326
88,34.3474,108.935,-0.3764437170669255
972,46.934128,26.38925,-0.3751638583156266
1346,39.4125,-107.23056,-0.3741816433102009
531,29.5822,105.0406,-0.373571663630887
390,39.9136,116.184,-0.3724101500855099
1075,44.319639,28.610292,-0.3706165177099696
9,44.6075,129.6364,-0.3701764006797874
1221,43.4015,-5.8028,-0.368629737673627
276,30.8669,120.0751,-0.3677878400246256
1376,42.099697,-71.6194,-0.3668395410010665
486,45.6094,84.895,-0.3660357709011079
1364,36.060894,-86.28629,-0.3640549919051981
221,35.4897,112.8676,-0.3627547046266288
1387,33.317142,-86.82575,-0.3612200585793553
1145,50.42864609,14.91385937,-0.360740574831456
1319,39.866833,-88.92559,-0.3605894834829294
971,49.438464,12.548869,-0.3597867586647436
163,35.303,113.883,-0.3585574602890041
1326,42.68075,-73.75733,-0.3582270359378767
1260,32.82006,-96.860115,-0.3568259030155088
539,28.3169,109.7325,-0.3557545478366627
1243,35.438557,-81.27675,-0.3531717357813949
1310,45.2384,-86.994,-0.3531079503414794
92,38.5036,106.1358,-0.352968735282881
1200,43.89555,25.956575,-0.3525721761447991
781,48.167961,17.106244,-0.351747410653324
1348,34.454514,-94.143524,-0.3516607472234218
621,27.583,110.0394,-0.3516302176866193
755,51.259431,22.569133,-0.3513327062939897
548,28.9666,118.8709,-0.3511144460809762
89,34.1978,108.985,-0.3509730902287602
825,48.04944444,14.44277778,-0.3503580038155485
1205,39.48963,16.3868,-0.3501555011734265
736,49.254344,6.867744,-0.3501393914904581
1089,48.12027778,14.878333,-0.3501212669646446
1138,52.401352,13.059945,-0.3500208681650973
1323,43.14618,-77.54817,-0.3498372732099962
893,45.7789,4.9247,-0.3490000996210136
575,30.4576,106.6303,-0.3472584132578661
1397,33.331112,-87.00361,-0.3467762255611528
743,58.370556,26.734722,-0.3457864142759439
983,41.947654,12.533667,-0.3448395079835552
1296,43.4351,-89.67979,-0.344556694970854
750,43.2757,-5.596,-0.3441893640888381
703,50.02403641,15.76354885,-0.3434283610763763
201,30.5119,117.0331,-0.3429648348770766
225,37.6945,112.7532,-0.3428771193697814
484,35.546,112.8453,-0.3406939177078216
194,33.0706,107.0154,-0.3395781512161149
637,36.913,121.531,-0.3390456751263107
810,47.4885583,12.066633,-0.3388729047697468
1142,46.632142,27.730886,-0.3364311096710218
747,46.671307,5.556806,-0.3344564554488898
851,43.126475,25.691211,-0.33440034337564
760,47.594257,1.302667,-0.3339763180036703
1251,35.59095,-78.4622,-0.3336193936040741
381,39.8863,116.4072,-0.3332153665338266
1006,51.27399,1.098061,-0.3317044381150864
724,43.32074,-3.11272,-0.3312262238133969
801,45.463333,10.480833,-0.3307052279931738
295,40.762,114.8902,-0.3296446370527118
1298,64.84569,-147.72742,-0.3280761059533612
695,49.50260925,18.53856087,-0.3277081350481554
1257,41.182465,-81.33048,-0.3276204415719583
423,32.0754,118.7997,-0.3272741579282598
74,41.1489,122.0303,-0.326747194222746
466,31.4,119.46,-0.3258684923892178
1080,50.970024,9.80026,-0.3256282630621909
470,26.2714,117.635,-0.3252464371324095
884,59.20243,9.4871,-0.3238541435885891
37,41.7166,86.1972,-0.3230562257928803
1357,42.14175,-80.03861,-0.3228703464270956
518,29.5844,103.7627,-0.3221315391964305
257,45.3039,130.9429,-0.3220339769839827
1242,35.2318,-77.5669,-0.3216593026655138
838,45.1391,7.0501,-0.3199977002312642
1324,40.283092,-74.742615,-0.3194827245140034
45,34.7781,114.3389,-0.3193504174118476
503,26.2331,111.6236,-0.3193370047526113
263,46.5656,131.12,-0.3192840913089851
456,29.7178,118.327,-0.3190424532666102
238,50.2472,127.5291,-0.3184006387477587
211,41.5881,120.4318,-0.3155780210486331
730,45.683333,9.466667,-0.3149066917791563
62,30.7236,103.9728,-0.3148841649467023
340,32.02,120.87,-0.313748501406783
787,49.50504,5.97694,-0.3137121974757197
1042,53.924712,9.532635,-0.3133963992971699
32,34.3672,107.1906,-0.3131990651389429
891,42.516944,1.56525,-0.3131801921887146
1398,27.939747,-82.000084,-0.3130059880525249
685,48.85731,7.314175,-0.3128012574356688
400,27.0999,114.9658,-0.3096733953888015
890,47.2225,-1.5375,-0.3093753411080018
422,32.0023,118.7752,-0.308503117603604
1219,47.60472222,15.67305556,-0.3080832101061129
210,42.2217,123.7153,-0.3072480247114508
1286,36.02661,-80.341965,-0.3053536842747588
1278,41.24045,-80.66272,-0.3043471833805128
1050,46.522,6.63963,-0.3038027510421088
472,35.176,113.2467,-0.3033005810813756
50,34.7752,111.1922,-0.3024400365988305
853,41.694342,24.738078,-0.3017409555874684
896,43.1804,-2.2682,-0.3013055365859969
310,36.663,117.0495,-0.3011388948385079
1289,35.379166,-82.7925,-0.3011004979580903
434,29.4758,113.2621,-0.3006064195568295
375,43.8772,125.3716,-0.2994011317582959
233,37.5136,111.1297,-0.2986454997049873
1206,45.238642,19.835704,-0.2980423202054861
605,27.2442,111.5283,-0.2973936424854458
943,47.05917,15.016667,-0.29709187311429
581,42.0353,119.2658,-0.2966366579626006
639,33.3942,120.156,-0.2951259500063176
960,51.25210341,4.491362028,-0.2948658998821739
792,45.760833,11.736667,-0.2945743337707386
130,32.1195,114.0775,-0.2939435050410772
737,49.233464,6.987601,-0.2933823036172276
397,26.3003,106.805,-0.2912466178452444
1365,41.61524,-71.72,-0.2909274295020547
965,45.59667,5.918611,-0.290641580520997
167,30.4742,114.9028,-0.2901575241142081
728,49.442356,1.093789,-0.2901480063939834
929,51.897598,14.057064,-0.289390110118953
691,48.001511,7.832122,-0.2884077966837866
1414,40.046665,-76.28333,-0.2872463987718879
452,24.5058,118.0936,-0.2860751646863092
1438,35.206112,-111.65278,-0.2860724099747616
1037,49.83918762,18.26368904,-0.2849190941870587
940,48.248993,16.357079,-0.2832534382334992
1423,35.43477,-83.44213,-0.2830668634921141
1290,35.587143,-83.07416,-0.2830154107139024
516,27.5342,109.9781,-0.2815845045111516
322,36.6114,116.9862,-0.2803602249132503
1203,40.71099,14.70244,-0.2799487158359989
129,36.2017,117.0885,-0.2784231483181125
925,52.99875,11.73846,-0.278260536696243
729,46.072224,5.820833,-0.277557499033188
1321,40.72099,-74.192894,-0.2774376970594937
1005,44.7037,8.0333,-0.2759846192903115
1204,41.886019,12.541618,-0.2749332964417379
659,36.0855,111.5018,-0.2744832616080023
623,33.5828,114.0138,-0.2744226118058337
508,28.1308,112.8908,-0.2737192223929194
776,46.651838,16.196777,-0.2714588490245852
826,45.1546,7.658,-0.2694823874628822
157,31.7905,116.4996,-0.2692908038092276
1412,29.901035,-95.32613,-0.2687016996234846
388,38.0178,114.5331,-0.2685336427038848
364,38.9511,121.565,-0.2674146329322099
949,50.81487387,3.322494319,-0.267214233367834
1092,48.19223,14.51954,-0.266901255462584
58,30.8064,106.056,-0.2657987680317591
134,32.9735,112.5003,-0.2655576884507294
765,45.809998,2.06,-0.2635622724679232
1354,40.814182,-79.56475,-0.2628190490407192
3,47.3636,123.9305,-0.2627333111647943
1122,43.867496,18.423061,-0.2622124385858183
915,44.4122,8.1695,-0.2620257867130764
53,30.3544,112.2008,-0.2611259379316132
790,46.835,14.84361111,-0.260549168623168
243,32.9673,117.3533,-0.2599824482374692
234,42.8845,125.1358,-0.2596390287856189
1287,36.109005,-79.802315,-0.2594907117840154
1264,35.10264,-85.16219,-0.259424436691306
1047,51.862042,6.874469,-0.2592001380226923
1385,38.11515,-86.60325,-0.2582585590558389
467,29.334,120.04,-0.2582530486394245
855,42.142889,24.765239,-0.25796134158307
1440,47.5525,-122.06472,-0.257901153954592
944,47.04472222,15.15277778,-0.2568345681112242
1097,51.05833172,3.729298172,-0.2559184770298072
1358,40.24699,-76.846985,-0.2548299176712963
71,40.1503,124.4256,-0.2540753026806689
798,42.404687,12.857794,-0.2533751463249458
492,26.3108,117.7275,-0.2519738800294724
872,50.654066,10.769534,-0.2487958401249759
1195,50.0075,20.259167,-0.2487110320746673
468,47.8517,88.1264,-0.2486005694039954
1024,47.054443,-0.886111,-0.2470049954683233
1193,42.39197569,2.842138412,-0.245362380095379
417,28.2475,117.0311,-0.245053782182752
1208,44.386558,23.733658,-0.2449045025106891
671,45.499167,12.262222,-0.2440552187697154
250,50.2524,127.4833,-0.2440037250662442
658,29.4875,106.4782,-0.2432728953674921
274,38.3254,116.8584,-0.2432632485894997
1279,39.9428,-81.3373,-0.2427900745117494
727,47.651725,23.570508,-0.2421770200924873
1329,32.726658,-103.12292,-0.2414213372254078
869,47.913256,7.908035,-0.2409151414807958
297,36.3083,120.3999,-0.2406829205479633
370,43.8325,125.1761,-0.2405346885729018
1301,34.785217,-84.62643,-0.2402042203349
1373,38.45934,-82.64041,-0.2391206098011927
309,36.0658,120.4134,-0.2388660457249687
1110,53.40337,-1.752006,-0.2388341436189029
1216,51.54052,5.85307,-0.2378682958210358
83,34.3731,109.2186,-0.2375575260160514
586,35.7668,115.0,-0.2370621823376857
704,45.569,8.1876,-0.2369852362852665
196,38.2911,109.7456,-0.2359017290191414
1315,42.139996,-87.799225,-0.235548508283069
365,43.7783,125.245,-0.2349395994126324
393,39.0927,117.202,-0.2334282986280083
577,30.6558,104.0219,-0.2321429930932117
911,50.11108017,14.50309563,-0.2315040309208513
1057,52.349703,13.424304,-0.2314468230149128
1421,39.46048,-76.633545,-0.2311937559625911
127,36.7023,119.1437,-0.2310099277100636
852,42.432356,25.637389,-0.2309886262307414
448,31.172,120.658,-0.2299796285446098
901,48.68817,6.190431,-0.2291691449770806
1239,45.248889,10.299444,-0.2289623932026223
1077,43.21291,-3.1344,-0.2278916451843791
494,25.7759,113.0348,-0.2277736452585787
386,40.217,116.2296,-0.2273567653977656
366,45.7667,126.635,-0.22731842608271
793,47.06701111,15.49368889,-0.2273179952223168
573,30.4663,106.6271,-0.2265791166818373
587,31.9996,118.7356,-0.2259729940576925
847,41.97833,21.47,-0.2250120694519545
672,52.420319,16.877289,-0.2236681543986241
138,30.2313,115.0601,-0.2236206514642351
974,49.841221,7.866222,-0.2230328629961458
603,32.4535,105.8945,-0.2228802919497383
880,45.0028,7.8375,-0.2214710877328183
63,41.1196,123.044,-0.2195357564817094
97,35.2375,115.4747,-0.2192591216435885
985,49.351124,8.423,-0.219202304678065
1015,48.17278,6.452811,-0.2161740540369697
622,39.2474,117.7918,-0.2161071914508942
649,28.793,104.6055,-0.2146611144336115
450,37.197,122.038,-0.2139567769009066
96,35.2464,115.4208,-0.2128615254365593
487,46.098,85.6979,-0.2124748459442684
449,31.155,120.636,-0.2107712061732893
1011,43.91611,11.00694,-0.2099569352151692
977,45.154075,26.818619,-0.2098992360806808
1044,53.064262,14.285139,-0.2069230060632776
404,24.8886,102.8204,-0.2065728854285638
1215,53.694628,19.968892,-0.2065459409799657
568,38.8959,115.5213,-0.2055881519431687
489,36.881,118.746,-0.2053187923811424
1013,49.276386,2.482167,-0.2031988882251982
1117,51.0612777,3.77526239,-0.2031566478594172
1160,42.36831811,1.776783258,-0.2025362616312866
1096,51.838221,5.856938,-0.2023038903284417
982,50.892377,14.822846,-0.2021015644412138
330,31.6219,120.275,-0.2019755465994302
145,32.0564,112.1392,-0.2018093378350985
697,49.66958237,12.6778841,-0.1997802658660641
241,32.9427,117.3605,-0.1997613097991465
769,41.47676936,2.088977264,-0.1989358772733634
766,45.848333,11.569167,-0.1980785692415869
993,47.62,6.157611,-0.1970163656690924
403,27.1312,114.99,-0.1961924252061283
564,29.8566,114.2936,-0.1950378065524978
742,45.871406,22.908594,-0.1945775142539215
599,32.3153,118.3093,-0.1918946139336248
113,35.4216,119.523,-0.1898922206162232
1330,40.92458,-75.06782,-0.1892480097188383
356,41.8411,123.5903,-0.1885403838516899
66,39.8129,110.0023,-0.187469271546355
500,30.2798,109.4707,-0.1870245948676186
1351,29.733727,-95.25759,-0.1856551079878378
718,41.096667,-8.555833,-0.1831832579469286
1345,41.97639,-72.388054,-0.1831546700793103
1155,43.26444,-4.06278,-0.1816769926739706
155,31.737,116.5079,-0.1812781985387338
359,41.7406,123.505,-0.1806996518229237
1369,43.176674,-85.41661,-0.1803910626924879
59,30.8023,106.0789,-0.1772453112535742
757,43.15333,-4.25306,-0.1771148451464489
1056,43.1788,-6.5527,-0.1770148789476013
1141,49.672507,9.001981,-0.1768258828758109
1076,47.3868,8.53981,-0.1764010741122625
1281,35.76541,-82.264946,-0.1760398706386577
431,29.8253,106.4213,-0.1758739339863547
1071,47.664361,9.169289,-0.1748727172827896
549,28.9398,118.8692,-0.174665297206565
457,36.253,120.014,-0.1733756916780897
521,30.5944,114.3014,-0.1732171123727161
1150,51.799722,16.3175,-0.1730909723270119
1368,34.530716,-86.96754,-0.172446580079448
667,26.6027,106.7109,-0.1712652793854451
939,46.23451421,15.262476,-0.1709053226766293
1104,51.75816,10.61248,-0.1707971349022956
1139,50.66109467,14.04306316,-0.1703232422730033
161,35.7511,114.2956,-0.1692103446621776
1303,33.588547,-84.06961,-0.168570421440019
378,43.9166,125.3325,-0.16793358945022
1179,46.555842,26.926942,-0.1665535479432608
561,29.6547,116.0172,-0.1642582760798216
546,30.9285,113.9153,-0.1639814054494658
126,37.5433,121.3719,-0.1635219781574673
222,39.3522,112.4397,-0.1617724745276505
1083,40.314518,-3.716868,-0.1615108966915278
498,34.7178,113.7329,-0.1611925946201824
840,54.68611145,25.2108345,-0.1594174489396267
1344,41.84046,-72.01037,-0.1585369188059514
772,45.515278,10.219444,-0.1571303878233715
1197,44.429489,24.351389,-0.1562323527653749
714,53.134088,17.995712,-0.1556321361736667
459,31.656,120.734,-0.1534222851826518
1002,53.37287,-3.022722,-0.1511922499028876
533,30.5366,105.5861,-0.1499103593589236
219,35.5051,112.85,-0.1493319523613968
1341,29.625557,-95.26722,-0.1492076421491782
973,49.446,7.7673,-0.1491530395344257
332,45.6842,126.6206,-0.1473253319542928
957,47.0674,8.46333,-0.1460459164472
1377,43.97462,-70.12461,-0.1456390754011606
2,43.8306,126.555,-0.1433497922109929
178,44.2967,86.0497,-0.1433239726073477
1273,39.70595,-79.012,-0.1430338723528692
758,45.47833,9.23583,-0.1418677617416277
641,24.7791,113.6735,-0.1383652821852944
402,29.4906,106.6349,-0.1353328260373887
556,29.5698,115.9773,-0.1335867241796673
644,37.4658,118.5019,-0.1328260395775931
1381,38.548138,-82.73116,-0.130595750005272
540,28.2558,109.6414,-0.12949428193127
1023,47.44739,-0.550067,-0.129323371841779
1070,48.889039,8.665536,-0.1289504750592114
156,31.7643,116.4738,-0.1285808889989672
28,34.6886,112.494,-0.1283736620892199
301,34.7525,113.64164,-0.1277005543741662
875,40.641111,-8.100556,-0.1275832856136555
689,43.25055555,-2.155,-0.1262879518051581
558,29.7535,116.0721,-0.1255989752665844
530,31.2827,107.5277,-0.1252501339599572
197,38.2839,109.7289,-0.1246553656655848
215,40.761,107.4212,-0.1244163065124232
799,47.09436111,15.41511111,-0.1241679258804209
1148,45.1619,5.7356,-0.1236429867494776
1154,41.66638888,-4.715,-0.1204232838768082
525,37.5072,122.1067,-0.1202306339260842
1008,45.42009,4.395422,-0.1195470847885248
387,39.6334,118.1725,-0.1194514278028248
918,48.904228,11.948795,-0.1191667758953168
1123,45.714444,11.368611,-0.1182965612453931
1065,48.947611,13.420573,-0.1177396161738495
265,47.7412,128.9102,-0.1161151887829746
748,43.2941,-5.6796,-0.1158834923491499
1248,41.4271,-80.1451,-0.1133838769767197
7,44.561,129.61,-0.1128991428080596
963,49.462229,11.0248,-0.1117771589253979
566,28.0089,120.634,-0.1098124312146891
1382,38.06503,-84.49761,-0.1097984260511216
291,37.8195,112.57,-0.1094651608582452
692,47.660056,9.485675,-0.1084301715296359
269,39.6973,106.8174,-0.1079357155890122
1172,46.162556,-1.153603,-0.1079001337014808
1363,35.96497,-84.22317,-0.1071980970693266
261,46.6191,131.1652,-0.1066879448259378
675,48.962223,4.36,-0.1055803749664294
213,43.1713,124.4002,-0.1054349733652676
1137,44.82112,20.459113,-0.1046536290485792
391,38.8394,117.457,-0.1038845696644151
809,45.83611,8.80417,-0.103568507598097
1417,41.705227,-76.512726,-0.1035522781145269
287,33.9592,118.2442,-0.1029593726886641
43,36.1017,114.3551,-0.1019519202622748
753,42.33611,-3.63611,-0.1010384410887822
128,36.1937,117.1437,-0.1008209886364783
1189,46.1625,12.360833,-0.0993633275061086
160,35.9019,114.17,-0.0988546603241408
343,32.1028,118.9125,-0.0988522784052799
1445,35.988277,-77.5843,-0.0972871224113191
519,30.1383,104.6295,-0.0969791778728787
1132,49.165508,9.224786,-0.0938117148729004
1244,34.09396,-80.9623,-0.0917103332531076
777,46.13111418,14.99611517,-0.0904623988540888
791,56.00833511,21.88694763,-0.0904195912395253
595,34.4285,115.6702,-0.0899462876896078
95,36.1856,113.0844,-0.0893392064181474
36,34.493,109.4636,-0.0865034388506467
655,30.5767,104.0594,-0.0856914296248423
988,47.34414,0.653778,-0.0848867581787777
900,66.3217,29.40157,-0.0837210157942687
165,35.7609,115.0574,-0.083313756186627
482,31.5031,120.242,-0.0828577975478152
1183,51.303394,6.819887,-0.0819396344026133
102,36.0783,111.5531,-0.0809825658465415
85,34.2629,108.993,-0.0808559797660964
1436,28.332226,-82.30564,-0.0796921246092758
1102,50.010325,8.451527,-0.0796276815245349
79,35.0532,118.3429,-0.0794556589622098
348,32.0551,118.7538,-0.0758792091504567
992,47.538193,6.868361,-0.0757898974457203
1126,49.079012,19.3025249,-0.075107133676272
272,37.0886,114.4704,-0.0713777125469245
899,40.540351,-3.645253,-0.070552885243885
1127,45.5966,7.76643,-0.0698723833276562
904,50.78944397,14.08679867,-0.0690784152253535
217,39.3278,112.4072,-0.0676855958696477
827,45.193889,9.164722,-0.0676420420099575
951,47.4387,8.57012,-0.0659560677100833
413,28.7199,104.5742,-0.0658352025142524
105,37.8572,113.5758,-0.0639081896786416
954,67.878588,21.062962,-0.0635988345388402
1265,35.233475,-85.18158,-0.0623863301828526
1270,41.515053,-81.24991,-0.0620512378691157
27,40.8434,121.0533,-0.061958616858144
860,43.28334,5.511384,-0.0615313640632165
78,36.229,117.6795,-0.0613600581618764
153,32.8929,115.8277,-0.0588968369940076
1282,35.500103,-82.59986,-0.0583374024699885
1186,44.564972,27.366081,-0.0582830527363175
813,47.04735,16.07905,-0.0582582824007417
829,46.143173,-0.396042,-0.0576986354216258
917,47.72514,10.306561,-0.0576693260260709
349,45.7258,126.6411,-0.0576084364284051
1393,33.578335,-86.77389,-0.0572488204205388
306,39.9499,119.5897,-0.056753193190513
1454,39.96528,-76.69945,-0.0548080989628972
119,37.393,117.9776,-0.0541587617886445
835,48.39167,13.67085,-0.0538162403750122
1419,41.645382,-70.89751,-0.0531043158020967
277,39.5269,116.7244,-0.0511249291103486
24,41.2664,123.7992,-0.0501906951476342
317,36.6734,117.1265,-0.0501036571516004
236,32.8977,117.3145,-0.0478353151016226
430,29.3578,113.1094,-0.047273724060118
628,34.5023,109.4259,-0.0459352341900423
298,34.77134,113.65724,-0.0458928444761036
338,31.3708,120.641,-0.0457321515613609
876,44.99694,11.07083,-0.0443060693192236
283,33.6067,118.989,-0.0405924859588734
794,65.04338,25.4979,-0.037945546006291
1378,42.474644,-70.97082,-0.0377841606685188
475,29.3867,117.3102,-0.0362158538673355
151,30.9743,118.7385,-0.0360723478159217
282,30.1808,120.0883,-0.036011044466453
1016,42.42212,12.109196,-0.0343443609061722
720,47.3456,5.002377,-0.033195169240392
1176,44.825,11.649722,-0.0321224311142156
567,26.0746,119.317,-0.0313922973541103
1135,52.22174,-2.736665,-0.0303044214061994
744,43.34639,-4.06417,-0.0283955038751949
1199,43.650722,25.363583,-0.0274827426552169
1194,49.18742,6.910867,-0.0260188997599502
1418,45.49664,-122.602875,-0.0260112034869661
1049,50.877923,12.0749,-0.0259163132003778
653,29.6277,106.6556,-0.0259047221498568
1106,50.84971052,4.33410368,-0.0251366418437189
881,51.468662,5.47235,-0.0245264932762162
469,30.8388,106.1087,-0.0232138523266341
502,28.1322,113.0178,-0.0203866126643835
19,41.8822,123.9161,-0.0195899323663262
616,38.0378,114.5481,-0.0186631514237924
580,30.4519,114.8858,-0.0177190803858271
942,45.55879167,18.69876944,-0.0167402079878523
1093,49.107502,6.122775,-0.0154573294722437
239,46.6365,126.9785,-0.0144253513318258
485,31.0201,103.6202,-0.0140661240197484
1133,49.07655,8.40666,-0.0138860842942207
307,30.6189,114.282,-0.0132905038646052
593,33.3663,120.1544,-0.0125653981373854
252,45.1214,124.8006,-0.0120149705525891
31,34.3017,107.0708,-0.0115080909261217
490,36.864,118.78,-0.0109720414784454
1052,57.70902,11.970241,-0.0089728787431915
610,30.8955,120.0875,-0.0087501159324516
1252,42.416637,-83.90218,-0.0075199913110358
185,31.6908,113.3833,-0.00701879339946
844,64.244226,19.767238,-0.0061689252967245
180,36.1911,113.1569,-0.0060571796810975
428,30.7819,111.3275,-0.0056284795767714
998,48.173194,11.648036,-0.0051169121637817
101,36.2125,113.0886,-0.0019270790185978
352,32.1875,119.6707,-0.0016994727187864
634,36.6428,101.748,-0.0010664939730707
701,46.13167,9.56639,-0.0003264475337976
245,32.633,116.8281,0.0010875916407683
477,29.2617,117.1547,0.0019476779057628
981,50.731478,13.75145,0.0025515810202835
203,43.9311,116.0781,0.003499537117925
648,28.3611,112.9581,0.0041695679071708
550,30.3714,114.8989,0.005957815390724
1271,40.0877,-82.95977,0.0068299613249498
416,28.2264,117.0222,0.0077229378533168
945,48.27329,14.31479,0.0078059029375614
228,37.6982,112.6991,0.0093499659104045
1082,50.16443,9.399441,0.0101333752691158
152,32.2786,118.3244,0.0104131110045222
337,31.3097,120.669,0.0122970944806571
1055,49.73244858,13.40228081,0.0130498810996205
506,27.7344,109.1839,0.0132291269794226
111,42.2554,118.8788,0.0134042753838267
47,35.2127,113.2269,0.0134452120364913
334,31.2284,121.533,0.0135808107773343
909,49.41123199,14.67638874,0.0138872534707034
192,33.8715,109.9154,0.0141731445688085
922,47.649258,26.249011,0.0154651240995926
256,45.3001,130.9762,0.016633739954414
212,41.5646,120.4521,0.0169438586151527
870,52.800773,10.756733,0.019252456050548
1085,46.541047,24.559642,0.0209900167808061
464,31.354,119.818,0.0230300485754794
796,48.1061111,15.91944444,0.0231308656623484
471,29.7091,106.4522,0.0234032588012272
251,46.7975,130.3258,0.023450758004193
805,46.05184,11.45389,0.0239293575017184
1087,50.383217,8.060998,0.0241004415051621
168,37.9956,106.1856,0.0252903066446637
707,43.230297,0.062339,0.0274894155452323
1115,59.316007,18.057807,0.0276262280396683
159,30.6618,117.47,0.029842331370226
1284,32.535294,-93.74704,0.0312344976270551
172,42.9418,89.1904,0.0324272240964188
497,28.2597,112.9792,0.0330495359343515
1088,42.05134069,0.729555647,0.0331805687373834
360,40.7612,111.717,0.0352008150776368
693,43.30277777,-1.98444444,0.0356916974210675
1396,34.015434,-84.60742,0.0365704270101739
579,30.0003,120.5483,0.0370579566184252
296,40.8336,114.8883,0.037506142732658
1156,43.40444,-3.84194,0.0386829930869626
978,44.865555,-0.939444,0.0390848520214323
55,31.4668,104.6697,0.0397858854911864
594,34.6972,119.3581,0.0417404067197942
948,46.6775,12.972,0.042188896632336
230,35.0303,110.9686,0.0433707787124613
1105,59.399355,18.077416,0.0437005434183732
1164,43.675114,4.62921,0.0449215036246257
22,43.8622,126.54,0.0451633735040791
235,41.9419,126.4077,0.0512813100959351
534,28.2053,113.0792,0.0553774382841478
34,34.3622,107.2386,0.0571084379480864
702,60.37288,11.07407,0.0588029697405839
662,35.4887,112.8508,0.0589996392972845
15,43.8245,126.5052,0.0590162747173895
1192,42.40538,1.13,0.0596412271629131
784,55.072222,24.283894,0.0598624550406298
1238,40.6646,-3.7739,0.0602111251533989
237,50.2341,127.5144,0.0607910156323203
1430,38.85287,-77.63462,0.0629128261764351
458,31.381,120.999,0.0631022418398135
523,29.9775,102.9905,0.0632955230515977
142,32.395,111.0419,0.0636378015366951
908,49.73508453,16.03419685,0.0637892545614987
258,47.3416,130.2537,0.0641027954326732
367,45.7733,126.689,0.0644763268145061
928,51.5645,14.3764,0.0655257279759402
187,32.4287,105.8628,0.0660939063377965
394,39.1661,117.1444,0.0667055280443138
952,46.951,7.44087,0.0676232921142252
299,34.80246,113.67526,0.0678986388705421
454,29.6963,118.2903,0.0687412662154377
629,39.8261,109.9486,0.0689853663345798
651,23.1522,112.5544,0.0694577343617161
544,39.7443,98.5061,0.0700676673959658
421,27.8246,114.9231,0.0719074970082693
715,43.6287,0.179069,0.0723984261179083
216,41.7325,125.9446,0.0725887167833485
842,47.091111,17.901122,0.0728861003669106
1229,47.3815,8.56592,0.0729714203149443
281,37.8873,112.5139,0.073748715663666
315,31.8571,117.25,0.0753114143460795
347,32.0745,118.7794,0.0760295196608819
52,30.3197,112.2494,0.0790765654427236
445,27.6253,113.8493,0.0792481506275324
56,31.1208,104.4239,0.0819456467939131
609,23.7256,109.2203,0.083055166241823
136,34.4045,115.6458,0.0844197216042859
828,43.9275,12.224722,0.0847663009498759
1334,43.05235,-76.05921,0.0874666872278365
559,29.7046,115.9584,0.0893864935987035
94,35.0888,118.3956,0.0897048741776266
442,36.7729,119.1936,0.0899745594416156
515,26.8956,112.6211,0.0906288708882907
1146,49.514959,8.402331,0.0909649137156154
1374,42.19438,-72.555115,0.0932208037492112
588,35.5934,104.6194,0.0936517084865823
778,45.54301186,13.71352366,0.0941277113991509
920,49.869422,9.171544,0.0944419335627295
478,27.72,106.9178,0.0947167193792639
164,35.7636,115.0312,0.094747852825658
86,34.2173,108.9356,0.094819828559356
510,26.9056,112.5664,0.0949726354568503
612,24.6947,108.0497,0.0957114870902191
170,35.5461,106.6692,0.0968604892713841
786,46.80138889,13.49388889,0.0982962723887125
529,31.2132,107.4988,0.0987062433212025
158,33.8518,115.7789,0.0989520540901908
461,32.6524,117.0067,0.0994100607212328
1366,42.86183,-71.878624,0.1003840774513044
240,46.6528,126.964,0.1007522326018849
669,29.4251,113.1493,0.101013568673654
625,33.4022,120.118,0.1022020517814134
346,32.0309,118.8109,0.1026986213067192
379,30.6319,114.135,0.1027282616969665
1031,45.226667,11.665833,0.1049089905713395
1375,42.298492,-72.334076,0.1053126845744861
133,32.9917,112.5192,0.1053766135693643
179,44.3075,86.0697,0.1059091945927856
206,42.0224,121.6717,0.1070935014037796
1074,43.5512,-5.9197,0.1073129336105236
372,38.8661,121.5213,0.1092666827684173
933,46.401944,13.011111,0.1134148711911088
284,33.5039,119.135,0.1171205995309572
137,32.9771,113.9976,0.1176323623209315
520,30.1506,104.6356,0.1176809691394878
1343,41.78472,-72.63167,0.1177139526212459
565,26.1028,119.2984,0.1192168166583093
1143,52.411563,-1.560228,0.1198437029684572
382,39.9295,116.3392,0.1207085868357365
35,34.3617,108.7233,0.1265519941888328
1356,39.96111,-77.475555,0.1292266406580237
991,47.2474,6.015419,0.1302549027421796
114,37.4674,116.3032,0.1320690391391786
843,43.223044,27.587239,0.1323250809193696
740,45.474156,28.034406,0.1330868229138852
425,29.9572,121.713,0.1335646233223593
336,31.2472,120.561,0.1369651754447275
67,40.7094,122.2703,0.1403481553391347
143,32.6494,110.78,0.1429037235990807
808,48.782852,20.987197,0.1429132590287739
342,32.1065,118.8086,0.1432111844445197
668,26.5161,106.694,0.1433371581156182
333,45.7478,126.593,0.1434193158030327
64,40.6821,109.8538,0.1441075194057828
232,37.5211,111.1406,0.1453797910863538
647,36.8406,118.0253,0.1469068387158153
1072,49.634841,9.657919,0.1494175680572545
528,26.5892,104.8,0.1525811859321174
25,41.3472,123.8142,0.1525997994964197
247,30.9412,117.8177,0.1529370821975434
302,30.558,114.2529,0.1539963216223795
361,32.4625,119.9189,0.1581319672698516
435,29.355,113.2117,0.1607993340113482
313,31.7848,117.1959,0.1610069584576589
401,28.793,104.563,0.161969853316608
1003,48.77586,5.162789,0.1637396066852235
426,37.3753,97.3731,0.1664916070121722
614,32.1873,119.4424,0.1668712261056484
1441,31.188932,-85.423096,0.1682284915120245
1444,45.25928,-122.58815,0.1688465523333103
436,28.9703,111.6975,0.1688603856726529
176,41.1551,80.2613,0.1701877250776019
1405,43.577602,-116.178154,0.1718136418624067
321,36.6133,114.484,0.173034704001774
455,36.885,120.515,0.1739744752367842
1120,50.94535924,3.15240159,0.1750370738884935
41,35.0697,109.0697,0.1753351729417111
465,31.737,119.579,0.1770569368552183
331,31.5475,120.354,0.1820258220884546
446,27.6434,113.8385,0.1823818151415395
555,31.7231,118.5228,0.1834271730901858
358,41.6989,123.4231,0.1841941095693038
962,45.957778,12.618611,0.1869725572597312
139,30.2006,115.0817,0.1877736957021255
255,45.6077,122.7911,0.1881443490099642
630,27.9119,112.9074,0.189000123358261
268,30.6764,104.1419,0.1918435692120406
90,36.1031,103.631,0.1957248284491376
181,34.5538,105.8945,0.1984543918361695
354,41.7653,123.4114,0.1987439595844883
244,46.8032,130.3648,0.1991203115765706
1136,42.45639,14.23472,0.200808531819738
1173,50.900317,5.986853,0.2027720045173706
990,42.697918,9.446417,0.2038996843766094
209,42.3022,123.8139,0.2047535302232175
547,44.5782,129.6115,0.2061450760162489
84,30.6306,104.1122,0.2068912566169259
171,35.5307,106.7021,0.2071819294670467
932,43.322554,21.919025,0.2075299769573281
451,26.4365,106.6555,0.2081542841772625
903,50.37658691,13.32762241,0.2100412153103609
611,36.5482,104.1465,0.2101930170123653
93,34.9976,118.2794,0.2112962533284396
1017,53.187222,-6.121667,0.2122187643561377
4,47.3386,123.9488,0.2127126184677688
739,49.357861,6.73354,0.2154855303651928
69,40.6655,122.167,0.2167221970707177
541,27.7044,111.9892,0.2194336230524148
208,41.2495,123.1683,0.2199311602820855
1266,36.0388,-85.7331,0.2202893474287749
1225,41.31347521,2.013824628,0.22031680220973
802,49.119442,6.180833,0.22398907462597
1128,45.371944,11.841944,0.2266918342992119
522,36.1758,117.1089,0.2272021305987769
405,28.7562,104.639,0.2278449424380764
1171,43.5166,-5.6707,0.2280553800940771
1018,45.000278,9.009444,0.2283201634388743
883,50.736389,15.739722,0.230600646776867
731,45.0419,7.6259,0.2319186824097996
104,36.0714,111.5028,0.2325162661966945
756,43.16832,-2.63794,0.2344474152372755
666,26.5424,106.674,0.2367115214254483
193,30.0475,101.9603,0.2369566700552351
231,38.4519,112.7383,0.2377542608600318
106,37.8731,113.4894,0.2384795656129052
420,28.1136,116.9822,0.2390279664645967
376,43.8463,125.2841,0.2400488229395798
608,27.5444,109.9453,0.2401326402743716
874,45.60822,5.270872,0.2407896982341308
481,27.8403,112.9118,0.2408444485889446
924,49.544078,8.465281,0.2424863568136836
1331,41.058617,-74.25555,0.2443684183754311
267,46.8028,130.2751,0.2464738473882602
357,32.1328,119.4303,0.2486970526751321
1,41.1442,123.0485,0.2511441856223952
505,27.5721,109.5981,0.2514248345461642
660,36.1851,120.3905,0.2518272435564108
117,36.4372,115.9848,0.2534058600138859
592,34.1781,117.1694,0.2548691152719601
480,27.5002,114.0997,0.2559791186210961
6,47.2988,123.945,0.2560908115647711
229,35.0147,110.9956,0.2568756769044564
557,32.6389,110.7258,0.2570192946844341
645,36.7019,119.12,0.2629095310769789
408,27.0968,115.0093,0.2630092862347314
214,46.0656,122.0392,0.2642083063219578
48,33.742,113.3257,0.2643751699173461
636,23.4714,116.7519,0.2683195658390066
661,35.4828,112.8271,0.2717923064219377
1322,40.816,-73.902,0.2718276337134902
657,29.8279,106.3787,0.27241650177489
293,37.7394,112.5583,0.272477436064867
169,37.9251,102.6201,0.2736563787980926
259,47.3388,130.3114,0.2768899211069479
789,45.0249,7.6491,0.277016078682736
11,46.408,124.902,0.2774215931895025
1437,29.823318,-94.98379,0.2775358681801358
177,39.4467,76.0072,0.2776416582214607
741,59.4944458,25.9305687,0.2784348921000216
1400,30.439722,-84.34639,0.2785219084193145
1325,44.08747,-75.97316,0.2785728878085974
26,41.0879,121.1115,0.2794603427674048
418,28.2642,117.0564,0.2799744336779076
650,28.7728,104.6201,0.2824304269732214
1427,39.52508,-119.80772,0.2838282155301105
433,32.0931,118.6414,0.2856481759710069
305,39.9041,119.5251,0.2871448766034626
125,37.5639,121.2514,0.2873186386732462
57,31.1317,104.3826,0.2895622144432026
189,31.1986,107.5082,0.2901248529574248
665,31.751,119.579,0.2959247119456742
314,31.8707,117.2588,0.2961648213870428
591,36.61763,114.5129,0.2967425344439102
444,25.2697,110.2819,0.2982667195804064
538,28.2675,109.6958,0.3050187474844671
1453,32.41281,-86.2634,0.305673468378375
764,45.869995,1.31,0.3077919352819433
624,35.878,120.005,0.3090439295355318
1099,57.810833,15.564736,0.3105005078007472
399,29.4572,106.3754,0.3134218937380781
946,48.930932,21.913705,0.3137496132958995
8,44.5963,129.5904,0.3167793260631379
1140,50.68352509,14.04119492,0.3168473866371168
1241,35.507225,-82.96362,0.3193273318866894
384,40.135,116.6636,0.3196262644010283
344,34.2761,117.179,0.3214282853752526
1435,41.49212,-81.67845,0.3229941891682006
846,47.105278,17.556667,0.3240963750188644
154,32.8605,115.8554,0.3285630687083761
1415,30.419806,-91.182014,0.3292405929153688
131,33.6128,114.6613,0.3301716350670968
98,40.0917,113.3444,0.3349846064411652
345,34.2384,117.1918,0.3375699711837635
51,30.7856,106.1064,0.341811467710869
40,32.1059,114.1099,0.3458447129782357
751,49.259552,2.474397,0.3465335332924439
1170,43.5915,3.88681,0.3473414658713042
1118,50.65844442,5.627835291,0.3473807248179287
643,37.4442,118.5857,0.3475308007897746
226,39.9289,116.4174,0.3479542252776919
290,37.9854,112.549,0.3498872304256372
437,27.9153,113.0048,0.3532119181806104
100,36.1989,113.1031,0.3556999055219598
526,27.8851,102.2685,0.3571259869265219
148,33.5698,114.0261,0.3597518426975399
617,39.0845,117.1589,0.3597706802967317
1402,43.656765,-70.629135,0.3619654640773825
198,32.6939,109.0281,0.3622304446697827
507,27.2272,111.4328,0.3636244032405588
75,40.7136,120.9092,0.3640164831185832
351,32.4639,119.888,0.3641280496140871
572,38.4418,106.2266,0.3653703249376761
1224,53.74878,-0.341222,0.3653719961462824
1240,53.371306,-2.239218,0.3659027383284634
5,47.3227,123.9483,0.3659551871434478
878,43.293137,5.574184,0.3661605600919251
304,36.6116,114.5302,0.3675916328557057
392,39.0343,117.707,0.3683685381540901
427,30.6465,111.3549,0.3710154787478083
23,41.2864,123.7669,0.3726406542427024
1177,43.3665,-5.833,0.3739448089612802
1152,50.349608,18.236575,0.3759507127480865
202,41.2991,123.149,0.3818142272417831
312,31.3019,120.591,0.3823417576271326
12,46.586,125.153,0.3844249338755256
0,39.8784,116.3621,0.3880675003016242
626,34.3497,107.2058,0.3897061118914443
947,48.33472,16.729445,0.3905552166316453
371,43.8447,125.3863,0.3938538581760407
527,27.8914,102.237,0.3938982696928135
640,29.6815,115.9872,0.3950101326311664
227,37.7067,112.7249,0.3971092559947498
49,33.737,113.2919,0.399278938228972
70,40.0625,124.3303,0.4016580937676159
368,45.5419,126.979,0.4022279315948523
279,41.0026,117.9268,0.4027570916507839
524,29.9833,103.0111,0.4029303012673837
224,39.3197,112.4258,0.4049136071346311
551,33.015,114.0114,0.4068798495422888
1236,42.44,-2.239,0.4070652168148886
970,51.698954,7.122684,0.4072891996941438
324,40.8369,111.7516,0.4080123229974286
560,34.343,106.0055,0.4083225954610321
495,28.1944,113.0014,0.4092299195521489
1051,46.2311,6.07417,0.4130401387988482
141,30.2092,115.0307,0.4141414910687983
1129,51.49633,-0.460861,0.4153602292629112
107,37.8486,113.5819,0.4165415233343453
414,26.585,101.7169,0.4177304098623419
453,26.567,101.7227,0.4220165373500318
462,31.955,119.18,0.4221245009625684
570,27.9939,120.6748,0.4276264923754436
72,40.1461,124.3933,0.4277674465008986
496,26.5939,104.89,0.4312226649867777
207,41.1953,123.2,0.4327691088960362
1420,35.158688,-78.728035,0.432850556229266
140,30.2019,114.8988,0.4348947754988899
184,30.1256,104.6296,0.4377380348329867
1258,41.606663,-87.30494,0.4391125705845345
783,41.669172,13.674326,0.4394004780028884
316,31.7964,117.3027,0.4398866609234249
242,32.8911,117.4185,0.4405714023668992
1269,44.351696,-68.22698,0.448234066096357
76,40.7514,120.8392,0.449426168133631
1352,31.893913,-106.42583,0.450026566868222
135,32.9692,112.548,0.4507454519338624
328,31.1654,121.412,0.4525211111395034
350,31.7069,119.9468,0.453131042204918
200,30.6145,116.9896,0.454163931112541
1443,39.399837,-119.73961,0.454762964118052
341,34.5885,119.176,0.4563682513842018
99,40.0844,113.2711,0.4578123646174424
44,36.0681,114.361,0.462154563605812
1187,43.285,13.42861,0.4629532292699763
29,36.6028,109.4761,0.4641801134644298
1029,42.53417,12.52194,0.4661904507801568
150,33.5699,114.051,0.4678119522160668
190,31.2124,107.4644,0.4692872273450939
582,29.5462,103.7723,0.4705415665729003
115,34.7837,117.2852,0.4715946818114207
463,31.909,120.237,0.4718164409444724
1214,45.297325,27.949461,0.4740283137134207
1064,56.2904,8.4274,0.4752682154240321
424,33.774,113.182,0.4766664061969523
205,41.998,121.6094,0.4768279056444493
1335,42.09142,-77.20978,0.4803176783075314
443,49.2261,119.7594,0.4818170665139176
1320,40.136337,-111.6605,0.4825895691288847
396,39.6506,118.1705,0.4833228744640486
1086,50.13577,8.92157,0.4858927550603991
563,29.6038,115.9114,0.4879844853256918
264,47.4311,128.5159,0.4892660441785904
1043,45.411864,28.005967,0.489277325635214
318,31.8403,117.1318,0.4903362321247965
1367,41.3014,-72.90287,0.4929607100797411
108,37.8703,113.5614,0.4972577414622565
606,27.3033,111.5239,0.4975481236044541
554,22.5545,114.1063,0.4993078427244719
491,43.941,81.3364,0.5002044044672475
103,37.4236,122.1214,0.5036047333259982
81,43.831,87.6432,0.5055548569777321
633,36.5819,101.834,0.5059448515800377
14,31.6837,118.5092,0.5069604281193045
294,30.7478,120.726,0.5087807985153359
771,43.3583,-5.8664,0.511027384524808
670,28.687,115.8518,0.5169903902213681
21,41.3094,123.7169,0.5176729749480063
705,45.5588,8.0564,0.5235542995774001
1451,33.9828,-111.79871,0.5336155753701437
146,32.1142,112.1825,0.5363461354952618
409,27.7844,114.3956,0.5445841269006189
476,46.7432,82.9994,0.5485186036032307
218,33.6406,114.6369,0.5485692902307946
1300,33.43395,-84.16181,0.5487082229053688
811,43.39873,6.075611,0.5488923864268024
994,49.872303,8.664619,0.5546603586464718
438,27.8336,113.251,0.5559925100019173
292,37.8692,112.5369,0.5578547866454849
116,37.4451,116.2991,0.5674902722186391
552,28.6542,121.419,0.5676198095225581
585,31.2864,120.628,0.5710211569686522
583,41.7347,123.2444,0.5740976915564153
654,28.4586,119.93,0.5746276494894086
589,41.0385,113.1076,0.5764293986972739
362,40.7866,111.5512,0.5788830848615898
61,41.0931,123.011,0.5799786718099994
916,48.397079,10.008293,0.5831445797451369
374,43.8805,125.3297,0.5834946333172185
1079,41.91614,0.191101,0.5844526831480814
173,42.9559,89.1673,0.5982572701871961
1161,50.876983,18.416878,0.6030438746836234
300,34.81334,113.56746,0.6040875393342755
199,30.2756,118.1371,0.6070705463243067
632,22.5311,113.0219,0.6183861367921454
532,27.725,111.9975,0.6200204976648469
910,49.20272446,16.61628723,0.6246180839212924
339,32.0005,120.86,0.627436017565706
10,44.5462,129.6386,0.627824262442723
1113,54.97825,-1.610528,0.6279697308359456
752,45.3189,8.4024,0.6302100544461711
20,41.8611,124.0436,0.6313814831919189
174,42.8172,93.5128,0.6338203014505551
615,37.6828,112.7195,0.6359635302132155
87,34.2322,108.8922,0.6371669631757035
1220,43.25811,-2.97344,0.6402809209451982
596,33.965,118.283,0.6408864461919952
266,48.471,129.5029,0.641512951441226
183,31.7275,113.3583,0.6468334517119145
175,42.8328,93.4961,0.6487686509667676
1019,52.437165,-1.829999,0.6533240145251596
1434,43.68578,-74.98538,0.686829912538258
1283,35.9359,-81.5306,0.6873875145711879
1371,27.189215,-81.34035,0.6926328346657605
1125,47.565439,14.244676,0.7188570677017913
1175,46.329586,-0.458889,0.7472215227532435
1201,41.15604,15.09675,0.8010342520752479
1153,41.63528,-0.89361,0.8094493041184978
1456,31.954287,-84.08101,0.8204569710843584
1235,40.3597,-3.5429,0.8208118415793724
1449,27.946688,-82.731766,0.903161492398224
