,lat,lon,EVI2_Growing_Season_Area_1_o3_r
1198,51.067439,19.448694,-0.9942488846774952
1196,44.938125,26.044994,-0.99323838654525
626,34.3497,107.2058,-0.9890468504891056
579,30.0003,120.5483,-0.9667195346808456
412,25.8333,114.9322,-0.9643995456964602
1000,48.021657,12.538174,-0.9643690371939648
1209,50.912475,15.31219,-0.9535360236324965
1448,34.264915,-88.76622,-0.9526516582235914
911,50.11108017,14.50309563,-0.9500230530142212
664,34.6692,112.3628,-0.9479128535163858
471,29.7091,106.4522,-0.9466394305050292
407,31.4741,104.7778,-0.9432763627710058
1108,40.3419,-3.8337,-0.9417347063893964
624,35.878,120.005,-0.9385299804171277
576,38.4842,106.2757,-0.935600267284806
502,28.1322,113.0178,-0.9315245059084464
1203,40.71099,14.70244,-0.9270429515649882
796,48.1061111,15.91944444,-0.9258162371197644
633,36.5819,101.834,-0.9180215280328206
565,26.1028,119.2984,-0.9150694053328272
1239,45.248889,10.299444,-0.9149375573639316
629,39.8261,109.9486,-0.9146630769996827
1139,50.66109467,14.04306316,-0.9126463497973812
1140,50.68352509,14.04119492,-0.9105020995227724
837,44.73473,9.36693,-0.909283262723479
1114,51.45258,0.070766,-0.906927104345039
800,45.655,10.20083,-0.90656417307451
319,38.9108,115.4713,-0.9056292964717892
915,44.4122,8.1695,-0.903640529608073
797,46.7675,15.956111,-0.9001323228729992
62,30.7236,103.9728,-0.8964849265334273
1221,43.4015,-5.8028,-0.8955621420300832
451,26.4365,106.6555,-0.895054530453766
306,39.9499,119.5897,-0.8923054188604501
752,45.3189,8.4024,-0.8871457149358417
290,37.9854,112.549,-0.8848644849759792
792,45.760833,11.736667,-0.8821939308275044
668,26.5161,106.694,-0.8798301325981301
70,40.0625,124.3303,-0.878896237873803
1200,43.89555,25.956575,-0.8788321064114959
975,49.628771,8.364779,-0.8786266391501799
544,39.7443,98.5061,-0.8769180464765597
1445,35.988277,-77.5843,-0.8712311009381207
826,45.1546,7.658,-0.8668465687833229
378,43.9166,125.3325,-0.8667916818031346
1061,50.048397,10.232076,-0.8666470854313892
1293,35.614132,-97.47508,-0.8658844311151829
301,34.7525,113.64164,-0.865423695703802
85,34.2629,108.993,-0.8629884676454059
1124,45.690278,9.643889,-0.8628459623892681
1164,43.675114,4.62921,-0.856249339351053
1028,44.39703,8.20604,-0.8549886244213444
103,37.4236,122.1214,-0.8536698527857047
1005,44.7037,8.0333,-0.8502622748487987
899,40.540351,-3.645253,-0.8502096883771855
811,43.39873,6.075611,-0.850109526381287
823,45.1763,7.7116,-0.8482771457159849
1342,29.583048,-95.01554,-0.8471165770497456
269,39.6973,106.8174,-0.8468488468291127
1034,43.66028,11.90167,-0.8462552783341274
1332,35.9138,-81.191,-0.8444176065258951
209,42.3022,123.8139,-0.8436111192071055
1205,39.48963,16.3868,-0.8425897718100791
1112,44.92467,10.5172,-0.8399327759248514
119,37.393,117.9776,-0.8390692234298719
1417,41.705227,-76.512726,-0.8390061692981057
674,50.007629,18.455548,-0.8372894216419507
117,36.4372,115.9848,-0.8362131499669547
1,41.1442,123.0485,-0.8352544539017768
1038,45.696736,27.211622,-0.8346715114159928
593,33.3663,120.1544,-0.8329408213549504
788,47.541944,19.146122,-0.8307208771304574
875,40.641111,-8.100556,-0.8299962676202224
1225,41.31347521,2.013824628,-0.8254222087391139
388,38.0178,114.5331,-0.8253471492871505
1001,47.73344,12.891241,-0.8234294525427653
355,41.8467,123.4264,-0.8223371936059194
200,30.6145,116.9896,-0.8220660026829871
761,47.751475,23.605325,-0.8205181441877856
554,22.5545,114.1063,-0.8193325062561819
863,52.602056,11.850274,-0.8173343675905786
795,48.2702,16.2972,-0.816893568507571
1169,45.84299,13.54308,-0.8157029544236437
1128,45.371944,11.841944,-0.8153622772815079
850,42.637192,23.243864,-0.8141573655203946
63,41.1196,123.044,-0.813066172379689
836,44.79361,10.33167,-0.812812789907182
1062,51.321364,12.032141,-0.8125038727638845
450,37.197,122.038,-0.811781845952798
671,45.499167,12.262222,-0.8096010596444594
866,50.979455,11.037924,-0.8089221242671827
683,45.6725,12.238611,-0.8050746008908134
1054,40.62984,-3.17159,-0.8043985387078761
789,45.0249,7.6491,-0.8043902165066158
56,31.1208,104.4239,-0.8034033670137921
1452,40.27813,-105.54564,-0.8008503544798947
598,26.4214,111.6156,-0.8003595505974492
1238,40.6646,-3.7739,-0.8003067421753097
696,49.91351318,14.7826252,-0.799218533262392
878,43.293137,5.574184,-0.799164778743962
1411,34.623238,-82.53206,-0.7913319224527037
1189,46.1625,12.360833,-0.7903963376689618
372,38.8661,121.5213,-0.7866570623056538
832,48.53111111,14.57472222,-0.7857081260101395
1030,50.5976,-3.71651,-0.7848978671371227
189,31.1986,107.5082,-0.7827845102022697
396,39.6506,118.1705,-0.7826047536017687
1289,35.379166,-82.7925,-0.7820543418717942
1031,45.226667,11.665833,-0.7817251182493141
974,49.841221,7.866222,-0.7814744573589043
758,45.47833,9.23583,-0.7796633334640483
917,47.72514,10.306561,-0.7771262704263175
337,31.3097,120.669,-0.7770036024385417
163,35.303,113.883,-0.7758341807157308
920,49.869422,9.171544,-0.7745579898026261
1258,41.606663,-87.30494,-0.7727506990379479
88,34.3474,108.935,-0.7672487763125112
527,27.8914,102.237,-0.7663833936840291
659,36.0855,111.5018,-0.7656689379836289
1394,33.553055,-86.815,-0.7642112431297177
235,41.9419,126.4077,-0.763761678749747
297,36.3083,120.3999,-0.7633441873599096
156,31.7643,116.4738,-0.7599085157923838
1176,44.825,11.649722,-0.7598816908094143
416,28.2264,117.0222,-0.7572247506929092
1444,45.25928,-122.58815,-0.7566582423403454
1067,51.651166,12.302866,-0.7557635936956203
1130,51.47707,0.317969,-0.7506355632008377
1447,40.74529,-73.41919,-0.7493609013832679
912,50.04613113,14.33141327,-0.7492382076775138
905,45.873889,10.1775,-0.7466981858890366
1059,48.18169,11.46445,-0.7463834867528149
1210,47.068717,21.927233,-0.7446624345542406
632,22.5311,113.0219,-0.7445679313232909
373,43.79,125.4605,-0.742545037357638
431,29.8253,106.4213,-0.7422101554608025
94,35.0888,118.3956,-0.7419603011970991
1089,48.12027778,14.878333,-0.7345216220124895
351,32.4639,119.888,-0.7344217086674117
1168,43.79306,11.09778,-0.7342438514889299
384,40.135,116.6636,-0.732724959970918
1165,43.0819,-1.9127,-0.731859498339984
42,34.6258,112.4267,-0.7316643981222939
206,42.0224,121.6717,-0.7305087896487772
1147,52.115725,21.237297,-0.7299781073770013
308,30.6217,114.3646,-0.7294183356884552
680,44.9089,8.2055,-0.7285383692824081
807,47.410164,9.653713,-0.7253127734446913
907,49.40159607,15.6102457,-0.7229934434398246
76,40.7514,120.8392,-0.7222935353409748
1016,42.42212,12.109196,-0.7212267571671123
1010,53.56292,-1.510436,-0.720684093970201
409,27.7844,114.3956,-0.7204214454950192
575,30.4576,106.6303,-0.7203391720052519
982,50.892377,14.822846,-0.7192112267770072
985,49.351124,8.423,-0.7185330909672648
1113,54.97825,-1.610528,-0.7180399406511327
779,45.93766834,13.91156335,-0.7179825809166366
1159,49.851334,3.284,-0.7169752986208316
760,47.594257,1.302667,-0.7165380497737309
712,52.029194,23.149389,-0.7163069636607284
13,46.6215,124.9042,-0.716293289254784
595,34.4285,115.6702,-0.7160874248427275
435,29.355,113.2117,-0.7158116634211963
560,34.343,106.0055,-0.7157218670245094
731,45.0419,7.6259,-0.712468448143121
1300,33.43395,-84.16181,-0.7124038270369322
400,27.0999,114.9658,-0.7118960983101917
158,33.8518,115.7789,-0.7115697631515537
1012,46.137222,9.385,-0.7115130631212284
942,45.55879167,18.69876944,-0.7111718807817587
1439,39.310833,-76.47444,-0.7095370568234601
1021,45.89,0.9,-0.7094966251184388
137,32.9771,113.9976,-0.7057462474943248
234,42.8845,125.1358,-0.7054490445079703
1035,41.554167,14.674722,-0.7054224667480541
767,44.013056,12.42,-0.7053136230605606
697,49.66958237,12.6778841,-0.702806603480002
162,35.7306,114.2878,-0.7010258157502041
827,45.193889,9.164722,-0.7002174112763452
1380,44.310555,-84.89187,-0.6980815725618238
504,26.4364,111.5992,-0.697849726465453
939,46.23451421,15.262476,-0.6966012220005919
360,40.7612,111.717,-0.6961935298619213
457,36.253,120.014,-0.695625401704984
545,36.0621,114.4839,-0.6935919696520232
620,27.7314,112.0194,-0.6930199994990223
930,51.746848,14.33447,-0.6921974037032952
952,46.951,7.44087,-0.6876372949213968
1195,50.0075,20.259167,-0.6857223528429713
139,30.2006,115.0817,-0.6851088342408382
740,45.474156,28.034406,-0.6849064376993349
199,30.2756,118.1371,-0.6842313653073718
248,30.8792,117.7439,-0.6838351064609982
434,29.4758,113.2621,-0.6790405199396757
654,28.4586,119.93,-0.677925600936928
704,45.569,8.1876,-0.6776409204546088
824,44.5,11.286111,-0.675991846737824
1248,41.4271,-80.1451,-0.6732808792383904
356,41.8411,123.5903,-0.6725774243464127
201,30.5119,117.0331,-0.6712762898798568
586,35.7668,115.0,-0.6701008007449671
909,49.41123199,14.67638874,-0.6698906085582775
1279,39.9428,-81.3373,-0.6691686100212335
470,26.2714,117.635,-0.6684830907492169
1453,32.41281,-86.2634,-0.6682873722407079
1011,43.91611,11.00694,-0.6681885298068599
1119,45.623056,13.7875,-0.6677179383442488
37,41.7166,86.1972,-0.666226922856521
202,41.2991,123.149,-0.6642162809878045
1081,51.90158,10.48132,-0.6617973545526693
1182,51.839382,10.790143,-0.6615205030288714
898,47.737415,7.309075,-0.660765051940584
321,36.6133,114.484,-0.6597705640884393
717,43.404011,21.947746,-0.659425859189994
995,53.56414,9.967882,-0.657294820259265
205,41.998,121.6094,-0.6567311404168994
599,32.3153,118.3093,-0.655743783570894
1345,41.97639,-72.388054,-0.6533905268443498
27,40.8434,121.0533,-0.6531196271754575
568,38.8959,115.5213,-0.6515299528143473
1162,45.96141,4.465711,-0.6508811749501293
647,36.8406,118.0253,-0.6503733669815867
178,44.2967,86.0497,-0.6494306045659465
558,29.7535,116.0721,-0.6484871541411618
719,47.27476,4.099476,-0.6470082157560466
213,43.1713,124.4002,-0.6460301622739204
913,50.08148193,14.4426918,-0.6455517564814183
520,30.1506,104.6356,-0.6452599991110933
271,37.0851,114.5237,-0.6447714883581719
100,36.1989,113.1031,-0.6420453340348116
1190,49.784339,22.756239,-0.6420120497971195
1002,53.37287,-3.022722,-0.6413053945612615
825,48.04944444,14.44277778,-0.6411235611600198
892,44.926111,10.370833,-0.6410306216207374
41,35.0697,109.0697,-0.6397034944774697
24,41.2664,123.7992,-0.6382188232110876
18,41.8491,123.7977,-0.6375536738800499
165,35.7609,115.0574,-0.6314937144318741
67,40.7094,122.2703,-0.6293400390787784
1199,43.650722,25.363583,-0.6285333598936753
175,42.8328,93.4961,-0.6280010545800301
293,37.7394,112.5583,-0.6267130342849566
733,48.051117,7.011114,-0.6266746023722818
1450,43.34317,-87.92087,-0.6266176593842113
757,43.15333,-4.25306,-0.6264852482204231
547,44.5782,129.6115,-0.6256156487861401
1143,52.411563,-1.560228,-0.6252108713405565
627,22.5978,114.297,-0.6245420722033158
288,30.2692,120.1903,-0.624210114462079
854,42.666508,23.400164,-0.6237313926553892
75,40.7136,120.9092,-0.6231761893135584
377,43.9027,125.2863,-0.623053725223303
1276,38.81194,-76.74417,-0.6214491282296364
1109,54.334944,-0.80855,-0.6177561014132702
1008,45.42009,4.395422,-0.6175089264601547
1290,35.587143,-83.07416,-0.6169576254515692
1367,41.3014,-72.90287,-0.6165390197586272
1105,59.399355,18.077416,-0.6140520723382455
943,47.05917,15.016667,-0.6134926917806183
1033,45.038333,9.669167,-0.6134778129595293
1040,53.060045,8.916966,-0.6113408976691989
1134,45.736694,21.250808,-0.6106237547974029
1387,33.317142,-86.82575,-0.6105742049296682
433,32.0931,118.6414,-0.6096286634946592
864,42.90056,13.33667,-0.6086811837861453
415,28.9634,105.4324,-0.6082358506328149
890,47.2225,-1.5375,-0.6069958446784981
713,53.028647,18.666103,-0.606468624513453
443,49.2261,119.7594,-0.6062629022886481
628,34.5023,109.4259,-0.6054286464212614
981,50.731478,13.75145,-0.6049990888886589
61,41.0931,123.011,-0.604132136491541
1237,41.9356664,2.238568301,-0.6036301816206389
1032,45.60222,9.27611,-0.6036179312506713
971,49.438464,12.548869,-0.6016467213296738
897,60.22393,25.10244,-0.5987713257214965
484,35.546,112.8453,-0.5971912866961395
458,31.381,120.999,-0.5964849262344062
869,47.913256,7.908035,-0.5954918444681717
28,34.6886,112.494,-0.5944694636179014
801,45.463333,10.480833,-0.5935815133857567
353,41.7867,123.4678,-0.5920187438071534
859,43.305286,5.394716,-0.5913340433090393
818,45.772167,3.0875,-0.5882526561411717
1095,47.86194444,15.32194444,-0.5878661258657989
1352,31.893913,-106.42583,-0.587741170086159
1099,57.810833,15.564736,-0.5872662377890816
392,39.0343,117.707,-0.5851086537338381
1186,44.564972,27.366081,-0.5841695203572734
839,48.247222,20.616403,-0.5835011325679141
1082,50.16443,9.399441,-0.5829814435677075
467,29.334,120.04,-0.5829216985009608
1249,36.306965,-79.09197,-0.5825083793059253
778,45.54301186,13.71352366,-0.5821323578698682
242,32.8911,117.4185,-0.5811028924727526
376,43.8463,125.2841,-0.581050122652023
1215,53.694628,19.968892,-0.5808966727408374
1193,42.39197569,2.842138412,-0.5805786355105255
466,31.4,119.46,-0.5803682399422878
1080,50.970024,9.80026,-0.5786689119488383
1020,45.560556,11.539722,-0.577647022217912
1065,48.947611,13.420573,-0.577439151930426
316,31.7964,117.3027,-0.5772808693500207
1334,43.05235,-76.05921,-0.5737234742244715
1167,44.92008,2.441082,-0.5718563996480482
208,41.2495,123.1683,-0.5709891835787302
309,36.0658,120.4134,-0.5708631893209115
236,32.8977,117.3145,-0.5698959033039619
160,35.9019,114.17,-0.5684693583087019
602,44.0114,87.2997,-0.5679596226538376
550,30.3714,114.8989,-0.5674082382294771
1401,30.681719,-91.36625,-0.5634230799863562
1019,52.437165,-1.829999,-0.5633930669331497
302,30.558,114.2529,-0.5633910624570238
963,49.462229,11.0248,-0.5630138223254241
140,30.2019,114.8988,-0.5625539831317976
17,41.0821,123.022,-0.562014134648896
1376,42.099697,-71.6194,-0.5617581115607274
203,43.9311,116.0781,-0.5614921723560963
121,36.4847,117.8525,-0.5607127953177935
1027,49.90167,2.304597,-0.5584264040576339
221,35.4897,112.8676,-0.5583751537082238
241,32.9427,117.3605,-0.5548251726667812
325,33.5981,119.036,-0.5547640650963124
438,27.8336,113.251,-0.5544441202352767
574,38.497,106.1015,-0.5540636774419767
231,38.4519,112.7383,-0.5531239799397402
910,49.20272446,16.61628723,-0.5509085418163346
358,41.6989,123.4231,-0.5481129255592913
1085,46.541047,24.559642,-0.5460074114240302
25,41.3472,123.8142,-0.5412381674760082
884,59.20243,9.4871,-0.5399171708047242
104,36.0714,111.5028,-0.5397949427363737
819,45.6642,8.1598,-0.5395842940302034
1227,41.636078,25.379683,-0.5389890540888512
510,26.9056,112.5664,-0.5389102463128531
706,42.09791019,1.848237224,-0.538404624630477
956,44.9513,7.6362,-0.5378867397867086
634,36.6428,101.748,-0.5378380461235397
980,51.317905,12.297411,-0.5375080562774892
1449,27.946688,-82.731766,-0.5359435912541748
11,46.408,124.902,-0.534854709249359
305,39.9041,119.5251,-0.534634982418063
287,33.9592,118.2442,-0.533695921097732
1024,47.054443,-0.886111,-0.5302681948216883
383,39.9611,116.2878,-0.5289959387595314
352,32.1875,119.6707,-0.5265732445105082
1217,53.24696,10.4565,-0.5264753392659764
159,30.6618,117.47,-0.5247805960311233
381,39.8863,116.4072,-0.524048864284283
1397,33.331112,-87.00361,-0.5225888627568492
218,33.6406,114.6369,-0.5183872260153229
861,46.765425,23.550258,-0.5178381097192769
904,50.78944397,14.08679867,-0.51749010818272
551,33.015,114.0114,-0.5170560916277489
336,31.2472,120.561,-0.5167885522718993
1235,40.3597,-3.5429,-0.5155879999530045
307,30.6189,114.282,-0.5154858858339242
403,27.1312,114.99,-0.5153976925727644
506,27.7344,109.1839,-0.5152487184838721
646,36.6331,117.9592,-0.5138536473509254
1192,42.40538,1.13,-0.5126070128140022
567,26.0746,119.317,-0.5111178171719232
432,29.7228,106.6263,-0.5099521170590811
638,23.0822,114.4053,-0.5084867429777397
149,33.5698,114.0055,-0.5077011151293993
315,31.8571,117.25,-0.5068556786954772
1146,49.514959,8.402331,-0.5067799167511332
442,36.7729,119.1936,-0.506452342093942
914,52.146264,14.638166,-0.5047606564302549
546,30.9285,113.9153,-0.504215413925868
210,42.2217,123.7153,-0.5035527309623286
666,26.5424,106.674,-0.5034325425027792
716,49.94498825,17.90953064,-0.5033628766032873
284,33.5039,119.135,-0.502899675952823
1287,36.109005,-79.802315,-0.5028127981704235
1438,35.206112,-111.65278,-0.4999873276541505
591,36.61763,114.5129,-0.4999200076486235
212,41.5646,120.4521,-0.4984097526203083
783,41.669172,13.674326,-0.4969437724057671
528,26.5892,104.8,-0.4956947492255874
1015,48.17278,6.452811,-0.4952909470011849
79,35.0532,118.3429,-0.491976229493626
923,51.054558,12.141322,-0.4915411970798884
1144,42.58194,12.62361,-0.4914293047638138
689,43.25055555,-2.155,-0.4908854409391612
1292,35.320107,-97.4841,-0.4908489314459784
313,31.7848,117.1959,-0.4895351905858129
742,45.871406,22.908594,-0.4895292247273174
770,45.4512,7.878,-0.4866477983104401
799,47.09436111,15.41511111,-0.4831560163025116
469,30.8388,106.1087,-0.482205096224497
964,49.300731,8.700103,-0.4821933257188333
132,33.6347,114.6758,-0.4809219927385207
868,47.739919,26.658519,-0.4808154139681678
610,30.8955,120.0875,-0.4805993285555747
501,26.2081,111.6217,-0.4805363629108251
1228,46.9631,7.46252,-0.4801088754002964
1212,42.36417,13.38306,-0.4755127369462626
439,29.1217,110.5319,-0.4750265928109434
525,37.5072,122.1067,-0.4748373016583004
207,41.1953,123.2,-0.473736161487468
891,42.516944,1.56525,-0.4734211442275358
106,37.8731,113.4894,-0.4734085446993214
1049,50.877923,12.0749,-0.4727073617226254
9,44.6075,129.6364,-0.4723772586596869
692,47.660056,9.485675,-0.472142245897118
369,45.8167,126.561,-0.4710153022450697
833,47.71611111,13.63222222,-0.4702039508776364
142,32.395,111.0419,-0.4696767012648578
295,40.762,114.8902,-0.4665650225183527
481,27.8403,112.9118,-0.4662727120431041
1428,30.260279,-81.45361,-0.4660883311818994
684,50.010575,19.949189,-0.4657314022030981
979,51.396095,12.234054,-0.4636563259612613
19,41.8822,123.9161,-0.4601013785245763
57,31.1317,104.3826,-0.458758165401819
348,32.0551,118.7538,-0.456647596253464
582,29.5462,103.7723,-0.4555201766000115
245,32.633,116.8281,-0.4552792456064275
759,45.84083,9.34889,-0.4550114799877348
1379,32.50996,-92.046196,-0.4541155219823013
503,26.2331,111.6236,-0.4538587651479652
727,47.651725,23.570508,-0.4523115463886713
1135,52.22174,-2.736665,-0.4517039779961008
1057,52.349703,13.424304,-0.4504516721525096
72,40.1461,124.3933,-0.4504252685102051
53,30.3544,112.2008,-0.4503155098411048
843,43.223044,27.587239,-0.4485326300797048
559,29.7046,115.9584,-0.4485318932515513
817,47.8055556,13.043333,-0.446487831830173
194,33.0706,107.0154,-0.4459857101980849
401,28.793,104.563,-0.4459516423152916
1422,44.616943,-86.109406,-0.4455976589451998
113,35.4216,119.523,-0.445454039859772
115,34.7837,117.2852,-0.442997630954166
331,31.5475,120.354,-0.4408570776945395
357,32.1328,119.4303,-0.4397874385924344
1322,40.816,-73.902,-0.4396893221653754
685,48.85731,7.314175,-0.4384207299500986
277,39.5269,116.7244,-0.4383791787889138
188,30.5232,105.5582,-0.4383147380106153
71,40.1503,124.4256,-0.4376880985514144
1047,51.862042,6.874469,-0.4371438692156475
387,39.6334,118.1725,-0.4364300956266164
1297,48.5103,-113.99681,-0.4361294507355459
122,36.8194,118.3092,-0.4349664118134854
138,30.2313,115.0601,-0.434961793392854
1386,41.81305,-88.07283,-0.4349266838580842
781,48.167961,17.106244,-0.434622904037038
1103,47.4029,8.6134,-0.4335718180597815
721,45.916943,6.135556,-0.4319681620396154
398,29.7166,106.6205,-0.4318820960014868
86,34.2173,108.9356,-0.4249919843719879
1044,53.064262,14.285139,-0.4219141672410791
465,31.737,119.579,-0.4218185500520852
984,54.09323,10.240596,-0.4213084716907161
1226,46.586918,0.358583,-0.4200523867925245
772,45.515278,10.219444,-0.4193834690741004
606,27.3033,111.5239,-0.4157943294185526
972,46.934128,26.38925,-0.4152604993681866
990,42.697918,9.446417,-0.415205852056029
463,31.909,120.237,-0.4147768569944638
1029,42.53417,12.52194,-0.4136085822496088
15,43.8245,126.5052,-0.4132892495903443
916,48.397079,10.008293,-0.4124482905600073
711,49.04781723,18.00782776,-0.4113269832210633
413,28.7199,104.5742,-0.4091277450718756
530,31.2827,107.5277,-0.4082941779939169
1335,42.09142,-77.20978,-0.407210345744619
428,30.7819,111.3275,-0.4065421398013844
65,40.6288,109.8642,-0.4058556888156858
1086,50.13577,8.92157,-0.4026447016799749
33,34.3739,107.1186,-0.4007445768722698
1326,42.68075,-73.75733,-0.3980073307285718
988,47.34414,0.653778,-0.3970245618189029
569,26.8906,100.2203,-0.3951625692981142
475,29.3867,117.3102,-0.3942046367760538
1098,51.15013609,3.80873543,-0.3937905082268663
508,28.1308,112.8908,-0.3937674656607695
1158,51.748103,18.04931,-0.3934727506612753
577,30.6558,104.0219,-0.3899847327877023
989,53.63074,10.110595,-0.3898685349957267
1399,32.362606,-88.27799,-0.3893043489662924
1400,30.439722,-84.34639,-0.3883550393303576
749,43.313,-7.6937,-0.3878726884290895
58,30.8064,106.056,-0.3875623513901668
736,49.254344,6.867744,-0.3874288231152391
1104,51.75816,10.61248,-0.3852052021250539
584,41.7173,125.9358,-0.3851747274988331
16,43.8358,126.5844,-0.3851691831413512
809,45.83611,8.80417,-0.3844744656562563
1077,43.21291,-3.1344,-0.3837431045308653
670,28.687,115.8518,-0.383442467573009
1323,43.14618,-77.54817,-0.3784089709803527
998,48.173194,11.648036,-0.3779218207332463
588,35.5934,104.6194,-0.376146711064549
227,37.7067,112.7249,-0.3746140153879396
944,47.04472222,15.15277778,-0.3744080465095846
1070,48.889039,8.665536,-0.3736079276338138
938,56.672901,12.8576,-0.3725431644077719
1092,48.19223,14.51954,-0.3702007849903925
30,36.6106,109.5056,-0.3700333204546303
228,37.6982,112.6991,-0.3688621916515423
1316,29.632057,-98.56493,-0.3685191136142345
1115,59.316007,18.057807,-0.3674566734973977
1347,37.71325,-119.7062,-0.3664216389495222
777,46.13111418,14.99611517,-0.3652899605853183
60,41.0971,122.9642,-0.3651360988218594
1232,49.15167,-0.352778,-0.3637339262109733
507,27.2272,111.4328,-0.363027238108367
543,29.315,110.4417,-0.361632904564562
367,45.7733,126.689,-0.3596792988648393
531,29.5822,105.0406,-0.359420072146616
282,30.1808,120.0883,-0.3594182861885859
830,48.733256,19.115268,-0.3590975227418669
214,46.0656,122.0392,-0.3589106038233962
644,37.4658,118.5019,-0.3578441646158073
1313,38.86067,-90.10585,-0.3575280818362779
1191,48.445553,0.110833,-0.3559025220482475
1328,41.05192,-73.76366,-0.3552528444158268
294,30.7478,120.726,-0.3533768631621992
6,47.2988,123.945,-0.353091141558474
270,37.7124,112.469,-0.352878107001465
555,31.7231,118.5228,-0.3522970483652387
1141,49.672507,9.001981,-0.3517710796587875
681,48.847917,10.096292,-0.3513365683303654
997,55.862281,-3.205782,-0.3502475945653856
775,46.06554495,14.51272032,-0.3500161516403673
903,50.37658691,13.32762241,-0.3481464847173101
1298,64.84569,-147.72742,-0.3467670462081369
368,45.5419,126.979,-0.3466426979386321
665,31.751,119.579,-0.3460954730480839
32,34.3672,107.1906,-0.3446937709839573
1152,50.349608,18.236575,-0.3415481085674706
1271,40.0877,-82.95977,-0.3415469587120704
182,36.5446,104.1724,-0.3413566800549348
570,27.9939,120.6748,-0.3393159888832885
1068,47.145014,23.877389,-0.336730893452058
793,47.06701111,15.49368889,-0.3365288482906866
1213,50.676856,17.950278,-0.3364322322661811
1142,46.632142,27.730886,-0.3338695360216601
243,32.9673,117.3533,-0.3321439994846705
1069,52.398406,13.368103,-0.3319232850945517
691,48.001511,7.832122,-0.3310397822932657
835,48.39167,13.67085,-0.3306006217988375
1418,45.49664,-122.602875,-0.3299354847030425
703,50.02403641,15.76354885,-0.3299118222028982
948,46.6775,12.972,-0.328672326740721
382,39.9295,116.3392,-0.3276005855864564
1043,45.411864,28.005967,-0.3272240970695094
615,37.6828,112.7195,-0.3264262377713798
604,25.8481,114.9461,-0.324035983451104
1026,43.623608,1.438531,-0.3231791960045667
857,47.430833,19.184175,-0.3212490480270774
561,29.6547,116.0172,-0.318071636767344
87,34.2322,108.8922,-0.3167513251542399
402,29.4906,106.6349,-0.3158879062794003
420,28.1136,116.9822,-0.3149091972887025
1301,34.785217,-84.62643,-0.3128129756722272
1331,41.058617,-74.25555,-0.3128119412288454
707,43.230297,0.062339,-0.3125580564884314
490,36.864,118.78,-0.3115738815287378
1148,45.1619,5.7356,-0.3110127082294419
754,49.744886,21.454617,-0.3097540259575232
304,36.6116,114.5302,-0.3093604993563694
1172,46.162556,-1.153603,-0.3092537968913493
776,46.651838,16.196777,-0.3085117612209743
256,45.3001,130.9762,-0.3082898866948948
1037,49.83918762,18.26368904,-0.3054462228927198
261,46.6191,131.1652,-0.3037433803427295
78,36.229,117.6795,-0.3033658977276525
808,48.782852,20.987197,-0.303339880722829
399,29.4572,106.3754,-0.3019540076880486
1375,42.298492,-72.334076,-0.3016819949292653
283,33.6067,118.989,-0.3016045631084563
992,47.538193,6.868361,-0.3015006033503042
1042,53.924712,9.532635,-0.3007941666101014
73,40.1092,124.3633,-0.3004121961203481
1315,42.139996,-87.799225,-0.2975878859178124
1321,40.72099,-74.192894,-0.2956757201518949
959,47.513333,21.624444,-0.2943034886884224
449,31.155,120.636,-0.2942051552054247
518,29.5844,103.7627,-0.2932897345147981
870,52.800773,10.756733,-0.2931526943315579
146,32.1142,112.1825,-0.2929463946700761
957,47.0674,8.46333,-0.2922577887373252
1294,44.735977,-68.67075,-0.2917600833432433
768,50.429014,21.277367,-0.290939178984348
82,43.8711,87.5525,-0.2905426106813544
814,45.79728,3.113833,-0.289958407143349
970,51.698954,7.122684,-0.2894302132097507
1286,36.02661,-80.341965,-0.2887995752314271
747,46.671307,5.556806,-0.2887528894084546
374,43.8805,125.3297,-0.2860415721344325
1188,53.59617,8.09059,-0.2847775302644896
873,55.39638901,10.38917255,-0.2846826594362381
1018,45.000278,9.009444,-0.2838515996806839
185,31.6908,113.3833,-0.2826067989958328
1359,40.46542,-79.960754,-0.2824448604929922
698,49.77012634,13.36822128,-0.2819414071940604
648,28.3611,112.9581,-0.2804624556692215
296,40.8336,114.8883,-0.2781842608943513
1229,47.3815,8.56592,-0.2754082528162955
124,35.4209,119.471,-0.271682953758792
289,30.4183,120.3019,-0.2711453563098164
176,41.1551,80.2613,-0.2708615101781031
180,36.1911,113.1569,-0.2703372498017354
274,38.3254,116.8584,-0.2698856250731415
127,36.7023,119.1437,-0.2697942355391918
1127,45.5966,7.76643,-0.2697881693270794
618,28.4436,117.9756,-0.2683825847033395
69,40.6655,122.167,-0.2660413663647767
244,46.8032,130.3648,-0.2603129706749388
204,38.8411,105.6985,-0.2602411767606927
1269,44.351696,-68.22698,-0.2593726182978191
522,36.1758,117.1089,-0.2593143788019842
1317,42.060284,-87.86323,-0.2592560590913884
880,45.0028,7.8375,-0.2579222901396525
1163,45.5476,9.16698,-0.2570906195062047
1273,39.70595,-79.012,-0.2558377463756649
853,41.694342,24.738078,-0.254393966521831
130,32.1195,114.0775,-0.2543498837269775
908,49.73508453,16.03419685,-0.2528460118086434
164,35.7636,115.0312,-0.2519854914394104
822,41.99917,21.44084,-0.2489440501632666
1259,29.767998,-95.22058,-0.2473215142640336
1056,43.1788,-6.5527,-0.2460323639805806
553,24.8978,118.5972,-0.2459261205651724
667,26.6027,106.7109,-0.2442210958253518
1291,39.9878,-79.2515,-0.2421297562824504
49,33.737,113.2919,-0.2413698273857889
52,30.3197,112.2494,-0.2410686453589017
487,46.098,85.6979,-0.2406978090986805
192,33.8715,109.9154,-0.239837669894446
888,46.58389,0.345556,-0.2396800675515377
370,43.8325,125.1761,-0.2395133039003187
1389,39.40745,-94.26537,-0.2386018989773127
1153,41.63528,-0.89361,-0.2376388937883638
379,30.6319,114.135,-0.2364948309543318
263,46.5656,131.12,-0.2354459853882684
845,47.561944,18.960008,-0.2353719614622495
1171,43.5166,-5.6707,-0.2349548882247429
926,52.644169,13.483079,-0.2336424833920948
362,40.7866,111.5512,-0.2329583387246052
1277,39.42689,-84.20077,-0.2320112498761977
1118,50.65844442,5.627835291,-0.2316284237768762
524,29.9833,103.0111,-0.231285774706249
846,47.105278,17.556667,-0.230312810314282
635,23.691,113.0426,-0.2295873836447224
1409,43.54792,-96.70077,-0.2293192268398103
831,45.148333,9.940278,-0.2281074373262206
1346,39.4125,-107.23056,-0.2278927586722543
1265,35.233475,-85.18158,-0.2274141377187158
708,43.09625,-0.040497,-0.2271752943236308
1421,39.46048,-76.633545,-0.2270432114702999
844,64.244226,19.767238,-0.2266926701803316
842,47.091111,17.901122,-0.2221170145660822
279,41.0026,117.9268,-0.2196278234995203
1220,43.25811,-2.97344,-0.2189754615716232
68,40.6511,122.215,-0.2188167171666994
876,44.99694,11.07083,-0.218061583542014
945,48.27329,14.31479,-0.2164152675520287
935,50.88369465,4.382977505,-0.2160587552938195
541,27.7044,111.9892,-0.2148968111226472
921,48.773072,8.220214,-0.2148329407422225
1366,42.86183,-71.878624,-0.212640322526986
556,29.5698,115.9773,-0.21167247713407
785,60.608299,15.6294,-0.2115119245158736
609,23.7256,109.2203,-0.2099699347496735
314,31.8707,117.2588,-0.2092013952448869
958,47.0495,6.97915,-0.2087282547992142
1241,35.507225,-82.96362,-0.2078492236728929
1036,51.360755,9.271233,-0.2077925477652154
1137,44.82112,20.459113,-0.2061105855664985
161,35.7511,114.2956,-0.2036614026974769
1427,39.52508,-119.80772,-0.2028716695330541
1257,41.182465,-81.33048,-0.2024185081620022
123,34.5578,117.7276,-0.2021125487862484
155,31.737,116.5079,-0.2013075792838999
955,47.4067,9.39438,-0.2000664804374121
1084,52.25534,8.05286,-0.1987756151084466
1097,51.05833172,3.729298172,-0.1986567303934891
738,45.431539,28.054742,-0.19644341265343
1166,41.04,21.3564,-0.19641700289849
1121,50.85205095,4.347777506,-0.1963107659728573
816,49.211447,18.771215,-0.1954045300213219
1407,41.965195,-87.87627,-0.1953472628132605
737,49.233464,6.987601,-0.1927732936880573
323,33.575,119.007,-0.1925506046691986
385,40.3275,116.6275,-0.1922378783865002
516,27.5342,109.9781,-0.1897481915895554
1155,43.26444,-4.06278,-0.1883239705619441
1268,40.026035,-82.433,-0.1883054773654978
682,47.809892,7.764528,-0.188215049859205
535,28.19,112.9394,-0.1882043781599005
549,28.9398,118.8692,-0.1858472410505114
152,32.2786,118.3244,-0.1852693741754983
1078,41.03028,21.33667,-0.1852145071158964
21,41.3094,123.7169,-0.1847776311268173
291,37.8195,112.57,-0.1847557666731532
1433,40.56252,-80.503944,-0.1835595875298404
1456,31.954287,-84.08101,-0.181752711950264
404,24.8886,102.8204,-0.1816830840006853
222,39.3522,112.4397,-0.1784173580366344
448,31.172,120.658,-0.1763012579241904
605,27.2442,111.5283,-0.1744680981429062
643,37.4442,118.5857,-0.1736397939541131
702,60.37288,11.07407,-0.1735441380462238
723,46.19583,6.240556,-0.1682139286175177
462,31.955,119.18,-0.168005303536174
1402,43.656765,-70.629135,-0.1675836056010196
311,36.6868,117.0624,-0.1675604922548432
494,25.7759,113.0348,-0.166158973873905
1091,46.708333,14.891667,-0.1657605584034541
1278,41.24045,-80.66272,-0.1657364868057848
359,41.7406,123.505,-0.1626465427158925
153,32.8929,115.8277,-0.1591725929669354
946,48.930932,21.913705,-0.1590759451095042
641,24.7791,113.6735,-0.1577153700685039
661,35.4828,112.8271,-0.1535893827844223
1154,41.66638888,-4.715,-0.1530752067322003
986,46.802376,4.417486,-0.1525744065825207
320,38.8632,115.493,-0.1519282427276824
1009,55.79216,-3.2429,-0.151813408389412
135,32.9692,112.548,-0.1504026291355139
686,48.610363,7.781631,-0.1485067128735445
50,34.7752,111.1922,-0.1476251699611764
1416,39.28102,-78.08157,-0.1470768208637312
166,31.0386,112.2213,-0.1443101567074252
492,26.3108,117.7275,-0.1440422044148496
1378,42.474644,-70.97082,-0.143941928129382
786,46.80138889,13.49388889,-0.1439289419267264
258,47.3416,130.2537,-0.1432793648990038
343,32.1028,118.9125,-0.1425008674263374
1391,39.749027,-86.18627,-0.141469664356745
1374,42.19438,-72.555115,-0.1411298555594178
1048,43.5589,-5.9275,-0.1410620076899469
806,47.128863,10.034324,-0.1401839045730624
472,35.176,113.2467,-0.1396117696251285
148,33.5698,114.0261,-0.1377320409538357
455,36.885,120.515,-0.1371722583709269
965,45.59667,5.918611,-0.135645433206011
12,46.586,125.153,-0.1341828341848656
962,45.957778,12.618611,-0.1322745831514842
741,59.4944458,25.9305687,-0.1302860717649354
423,32.0754,118.7997,-0.1269654190450125
821,45.1758,7.5602,-0.1260212729628629
145,32.0564,112.1392,-0.125383698546038
871,54.436985,12.721938,-0.1234527558848849
847,41.97833,21.47,-0.1229034830390332
126,37.5433,121.3719,-0.1227443469166504
694,54.124819,22.038056,-0.1219856307262809
266,48.471,129.5029,-0.1198161600701049
1094,55.46333313,26.00416946,-0.1193645173395474
1358,40.24699,-76.846985,-0.1188284766496144
257,45.3039,130.9429,-0.1187944729935115
249,30.97,117.8483,-0.1178929938717551
447,31.388,120.953,-0.1174298535059574
1064,56.2904,8.4274,-0.1173749339784647
1426,30.848612,-85.60389,-0.1170374131305167
662,35.4887,112.8508,-0.1169588119440332
1145,50.42864609,14.91385937,-0.1167524709490227
1161,50.876983,18.416878,-0.1154736257407562
1436,28.332226,-82.30564,-0.1138417326310479
141,30.2092,115.0307,-0.1135639369986567
488,43.9174,81.2996,-0.1116322263384475
991,47.2474,6.015419,-0.1113343055146335
820,48.753179,21.245046,-0.1109712950868084
669,29.4251,113.1493,-0.1108965186251819
1202,42.284,21.2738,-0.1088824876232504
1051,46.2311,6.07417,-0.1062205022779264
1381,38.548138,-82.73116,-0.1048368281772879
1368,34.530716,-86.96754,-0.104120118325624
184,30.1256,104.6296,-0.1016649799119521
951,47.4387,8.57012,-0.1004644483363318
1136,42.45639,14.23472,-0.1002365324929562
810,47.4885583,12.066633,-0.1001530048861895
693,43.30277777,-1.98444444,-0.0991637831190943
1336,40.82799,-73.05754,-0.0991303414344184
973,49.446,7.7673,-0.0986782014360471
350,31.7069,119.9468,-0.0986428101571952
619,30.9413,117.7807,-0.0978819635563549
1023,47.44739,-0.550067,-0.0967934992803125
22,43.8622,126.54,-0.0943163169309212
1025,40.67354965,22.89343834,-0.0939854350424832
1303,33.588547,-84.06961,-0.0937647523932157
1341,29.625557,-95.26722,-0.0935443135529946
136,34.4045,115.6458,-0.0929038361624343
345,34.2384,117.1918,-0.0901376917391355
919,48.376576,10.88837,-0.088982989972699
983,41.947654,12.533667,-0.0880678520086512
999,44.98375,26.015214,-0.0820522117679532
690,44.3818,7.5382,-0.0809841526645696
660,36.1851,120.3905,-0.0803339624313865
1122,43.867496,18.423061,-0.0793882552417727
14,31.6837,118.5092,-0.0792756483856954
1330,40.92458,-75.06782,-0.077898340323194
346,32.0309,118.8109,-0.0746246662756571
365,43.7783,125.245,-0.0744759023979502
1404,39.99139,-75.08083,-0.0743218813220825
856,42.680558,23.296786,-0.0737874168080284
678,50.836389,19.130111,-0.0733503890295568
519,30.1383,104.6295,-0.0726827123737934
1327,40.8679,-73.87809,-0.0713692401713575
179,44.3075,86.0697,-0.070446498268855
154,32.8605,115.8554,-0.0701864391013487
1180,56.15976,10.19364,-0.0701153794271823
464,31.354,119.818,-0.069164248274174
748,43.2941,-5.6796,-0.068739805504884
753,42.33611,-3.63611,-0.068630083740522
608,27.5444,109.9453,-0.0680762714964184
46,34.7965,114.2885,-0.0675012454333474
421,27.8246,114.9231,-0.065768674067041
1373,38.45934,-82.64041,-0.0650109069681292
700,43.610497,2.23015,-0.064803829478115
408,27.0968,115.0093,-0.0643821567829127
805,46.05184,11.45389,-0.0589982194076063
1319,39.866833,-88.92559,-0.0581238283394574
1440,47.5525,-122.06472,-0.0574906375611136
580,30.4519,114.8858,-0.0574016152603394
1383,39.117218,-94.635605,-0.0551984549602128
1338,38.48123,-77.3704,-0.0551276533815995
1256,39.48599,-87.40131,-0.0535076209591858
281,37.8873,112.5139,-0.0534884987924749
653,29.6277,106.6556,-0.05302709907549
1174,52.077148,4.289185,-0.0529084642818206
1442,32.52127,-84.94463,-0.051358215819629
386,40.217,116.2296,-0.0509292495092958
1364,36.060894,-86.28629,-0.0509148479895682
1282,35.500103,-82.59986,-0.0492792753938172
925,52.99875,11.73846,-0.0492020798592518
1263,36.019184,-83.87381,-0.0483022185502842
1262,36.085506,-83.76481,-0.0481516843916544
144,32.5714,110.8839,-0.046766073768277
730,45.683333,9.466667,-0.045973183667995
1236,42.44,-2.239,-0.0459586063989067
1325,44.08747,-75.97316,-0.0449337612801251
97,35.2375,115.4747,-0.0444896231467694
1356,39.96111,-77.475555,-0.043331020826741
394,39.1661,117.1444,-0.0426813364626458
895,47.64892,-2.76399,-0.0416962590809679
317,36.6734,117.1265,-0.041385717153413
1350,42.51831,-89.06347,-0.0405311901545538
45,34.7781,114.3389,-0.0402233432855599
590,37.9844,106.2025,-0.039046641861818
967,53.480927,9.857223,-0.038927253947493
966,51.406846,6.965589,-0.0386256161999388
1045,41.932892,12.506947,-0.036950793371403
332,45.6842,126.6206,-0.0351076970380881
1087,50.383217,8.060998,-0.034939898040485
1243,35.438557,-81.27675,-0.0319048071700132
865,50.978292,10.317236,-0.0285955116070873
1254,34.002747,-89.79919,-0.0268498724462291
298,34.77134,113.65724,-0.0239308301879024
1181,50.30886,2.807369,-0.0224993558662607
874,45.60822,5.270872,-0.0217691722851364
493,31.9037,102.224,-0.0214179718027644
246,33.9477,116.7856,-0.0206218601402712
129,36.2017,117.0885,-0.0200803551497772
763,46.17,1.87,-0.0191215406924273
987,49.052284,8.253538,-0.0178924881882846
1308,42.5956,-87.88576,-0.0157423101201544
1053,50.125332,8.746343,-0.0103135320324224
390,39.9136,116.184,-0.0092636384450645
1071,47.664361,9.169289,-0.008971292923692
1173,50.900317,5.986853,-0.0086758910288074
894,50.159406,19.477464,-0.0079739502596937
1354,40.814182,-79.56475,-0.0073989096206203
720,47.3456,5.002377,-0.0058968544237202
98,40.0917,113.3444,-0.0043012459117531
1066,45.263142,27.969506,-0.0028930497604598
773,48.40861,15.619166,-0.0024445787170521
813,47.04735,16.07905,-0.0020058810809248
310,36.663,117.0495,-0.0013153759513552
663,31.6449,118.5024,0.0023345767743428
393,39.0927,117.202,0.0049563858122717
886,53.246535,6.608937,0.0050347779443447
0,39.8784,116.3621,0.0057777392702961
366,45.7667,126.635,0.0063521591786064
1419,41.645382,-70.89751,0.0063823143279822
1150,51.799722,16.3175,0.0081666439103965
285,40.8033,111.6572,0.0092655667108437
918,48.904228,11.948795,0.0105133712077243
858,42.732292,23.310972,0.0114208555048677
187,32.4287,105.8628,0.0122088649087859
1349,43.1818,-87.901,0.0137203144982685
54,31.4535,104.7563,0.0141746719929458
977,45.154075,26.818619,0.0146342433489945
1234,50.44914,2.9,0.0152591235000094
1329,32.726658,-103.12292,0.0157612643097284
183,31.7275,113.3583,0.0170425356068442
340,32.02,120.87,0.0174924887224675
29,36.6028,109.4761,0.0179220800371555
51,30.7856,106.1064,0.0193245728185908
99,40.0844,113.2711,0.0215632076051017
571,25.0492,101.538,0.0215785978430056
564,29.8566,114.2936,0.0241059472341712
341,34.5885,119.176,0.0251004275300793
534,28.2053,113.0792,0.0257387602892337
1429,40.689255,-122.40219,0.0257786663663356
48,33.742,113.3257,0.0266907850496659
253,47.3086,130.2684,0.0280266604165058
790,46.835,14.84361111,0.0281999870205307
168,37.9956,106.1856,0.0283091642262829
473,26.6272,118.1756,0.028839585312709
109,42.2816,118.9233,0.0292114008496117
342,32.1065,118.8086,0.0292445625248165
478,27.72,106.9178,0.0292673879853153
994,49.872303,8.664619,0.0305787085085055
934,47.5292,9.9267,0.0309032246352528
1090,50.221941,8.446079,0.0318399739096096
1117,51.0612777,3.77526239,0.0331387076278691
649,28.793,104.6055,0.0360017075331434
66,39.8129,110.0023,0.0375277330790625
38,36.6868,117.532,0.0394202180891152
275,38.2991,116.8842,0.0396578287171952
922,47.649258,26.249011,0.0400585398016459
840,54.68611145,25.2108345,0.0407251296277694
517,27.5578,109.9972,0.0411199620294432
1430,38.85287,-77.63462,0.0425387120967086
364,38.9511,121.565,0.0425518568983558
1410,29.68639,-95.29472,0.043414435147597
482,31.5031,120.242,0.0440333117848692
1052,57.70902,11.970241,0.04460416260504
1343,41.78472,-72.63167,0.0457294722058498
1041,51.462734,13.526796,0.0468501361679474
1184,51.525955,6.97688,0.0476001945316027
539,28.3169,109.7325,0.0477305642186873
762,45.158745,1.537222,0.0488811136583271
838,45.1391,7.0501,0.0489736552197455
735,45.475327,4.515003,0.0511470280969827
1312,32.364567,-88.73149,0.0550280389627336
177,39.4467,76.0072,0.0563909809453872
852,42.432356,25.637389,0.0566319567671018
264,47.4311,128.5159,0.0569001667963133
787,49.50504,5.97694,0.058696668486373
39,35.8735,120.0405,0.0591791821708751
361,32.4625,119.9189,0.0630986800392564
444,25.2697,110.2819,0.0642148598815607
1390,38.65643,-90.19835,0.0652383803259615
1451,33.9828,-111.79871,0.0658978683559101
1324,40.283092,-74.742615,0.0677018207524883
44,36.0681,114.361,0.0696996924636226
89,34.1978,108.985,0.0703147949813626
538,28.2675,109.6958,0.0706289405818527
1107,50.6134125,5.570222814,0.0718911549346201
743,58.370556,26.734722,0.0722379426204583
710,49.23290634,17.66717529,0.0723097513031562
607,29.2956,117.2461,0.0785347316128854
1072,49.634841,9.657919,0.0785398353676505
906,46.08253,10.95804,0.08024375067903
537,23.7233,114.6892,0.0802969519931689
329,31.3008,121.467,0.0807020545669004
110,42.2728,118.9576,0.0817503513075652
47,35.2127,113.2269,0.0826308270816066
1055,49.73244858,13.40228081,0.0827080871251971
195,33.1138,107.0089,0.0831343488573935
1177,43.3665,-5.833,0.0840350573073727
566,28.0089,120.634,0.0843110940249696
260,47.3382,130.1097,0.0861977505912422
43,36.1017,114.3551,0.0862509115427279
954,67.878588,21.062962,0.0895807285386166
375,43.8772,125.3716,0.0900727170106796
219,35.5051,112.85,0.0910528673727135
1311,40.712776,-81.598335,0.0924267098597467
630,27.9119,112.9074,0.0924691265350754
1454,39.96528,-76.69945,0.095063453708771
848,46.62936,14.28931,0.0954683602783876
477,29.2617,117.1547,0.095551685111725
612,24.6947,108.0497,0.095810514978197
1003,48.77586,5.162789,0.0970251822405363
1384,42.334984,-89.03777,0.0980112401667886
181,34.5538,105.8945,0.0998907268026878
1357,42.14175,-80.03861,0.102119875526849
611,36.5482,104.1465,0.1031928207245278
722,49.40619,1.15515,0.1042937706921728
391,38.8394,117.457,0.10592842864525
1261,35.63348,-83.941605,0.1072429137171218
267,46.8028,130.2751,0.107813960828964
452,24.5058,118.0936,0.1080404702765958
936,50.85780611,4.288706017,0.109169301167426
1246,33.342224,-81.788734,0.1094603706996775
794,65.04338,25.4979,0.1103345407037057
489,36.881,118.746,0.1108350030597595
940,48.248993,16.357079,0.1109771469044359
1017,53.187222,-6.121667,0.1118603521612371
1305,46.0519,-89.654,0.1135005105709687
1392,38.71085,-90.47606,0.1145091872541415
1299,63.7232,-148.9676,0.1146628431128146
171,35.5307,106.7021,0.1179452002173179
1388,37.70097,-94.03474,0.1188529169745178
521,30.5944,114.3014,0.1196326564621105
220,35.4936,112.8318,0.1222091271741843
932,43.322554,21.919025,0.123496607059966
1403,29.939613,-89.92388,0.1241454798157725
1240,53.371306,-2.239218,0.1245575791406739
931,50.12218857,14.46757793,0.1252948924813786
1280,41.420883,-82.095726,0.1253318216246792
1446,43.670834,-110.59947,0.1262610488040959
483,38.5167,102.1692,0.1280452260855119
849,47.676111,17.649736,0.1305895856832404
1123,45.714444,11.368611,0.1312481882227674
476,46.7432,82.9994,0.1323120973315436
1337,38.20087,-77.37742,0.137678382456185
1420,35.158688,-78.728035,0.1381048397936843
1073,48.507703,9.051178,0.1392993744962842
1377,43.97462,-70.12461,0.1394442483426727
1250,44.18089,-85.73898,0.139463664125842
744,43.34639,-4.06417,0.1401530834115206
125,37.5639,121.2514,0.1404293613914276
1348,34.454514,-94.143524,0.1413598242590985
581,42.0353,119.2658,0.1414124603302466
8,44.5963,129.5904,0.1451855208093199
105,37.8572,113.5758,0.1460914999099987
968,50.889871,6.985074,0.1485570673348466
573,30.4663,106.6271,0.1486401891237115
268,30.6764,104.1419,0.1488630439898629
532,27.725,111.9975,0.1489257868236261
239,46.6365,126.9785,0.1500210365365206
10,44.5462,129.6386,0.1505829717017836
1455,38.23887,-82.9881,0.1506857790742407
1096,51.838221,5.856938,0.1510925363394848
699,49.45165634,17.45415878,0.1513537675196125
701,46.13167,9.56639,0.1514547183074011
542,27.7569,111.9561,0.1521734485138926
802,49.119442,6.180833,0.1525030919097336
1318,42.04915,-88.273026,0.1525966483305967
1260,32.82006,-96.860115,0.1531059455781876
927,54.88361,-1.406878,0.1535804439067637
1295,41.6175,-87.199165,0.1541474792650815
755,51.259431,22.569133,0.1566571382894717
1039,50.766815,7.973542,0.157665862250937
557,32.6389,110.7258,0.1588748524089637
687,45.183611,11.311389,0.1596070580219421
771,43.3583,-5.8664,0.1600854391255756
902,45.038831,24.298631,0.160450007314334
688,45.1828,5.7531,0.1609152667452109
74,41.1489,122.0303,0.1616484057598948
1296,43.4351,-89.67979,0.1659421973733131
1223,47.0677,8.30068,0.1675420991660777
339,32.0005,120.86,0.1679252833292018
526,27.8851,102.2685,0.1694162433628548
901,48.68817,6.190431,0.170364295902339
725,49.02134,1.148319,0.1718327905325544
230,35.0303,110.9686,0.1722848513161423
300,34.81334,113.56746,0.1777906763256105
650,28.7728,104.6201,0.1781548878853001
1076,47.3868,8.53981,0.1803906464715688
322,36.6114,116.9862,0.1810839783652473
1406,41.644066,-83.54616,0.1826218173150022
841,47.557222,18.420836,0.1829527892493542
1365,41.61524,-71.72,0.1848855891556869
729,46.072224,5.820833,0.1863570701021044
1309,45.56498,-88.80859,0.1890233817324319
523,29.9775,102.9905,0.1891739910529946
120,36.8103,118.0414,0.1892328217880425
456,29.7178,118.327,0.1899556430314382
254,45.1722,124.7965,0.1954872796627077
642,24.7733,113.5824,0.1987676081697265
636,23.4714,116.7519,0.1993567932257456
143,32.6494,110.78,0.200849713132999
862,51.921389,4.401389,0.2011224695731721
1116,51.34879529,4.339709947,0.2019949754913253
101,36.2125,113.0886,0.2021141376432216
84,30.6306,104.1122,0.2022538594485821
344,34.2761,117.179,0.2033915014310368
877,46.256617,26.792892,0.2037527688869287
95,36.1856,113.0844,0.2045693536367956
739,49.357861,6.73354,0.2051801392671632
406,30.1819,120.2697,0.2069278108544365
255,45.6077,122.7911,0.2074617215891918
198,32.6939,109.0281,0.2079729761563542
1247,35.0608,-83.4306,0.208094705486893
1382,38.06503,-84.49761,0.2081456589733565
193,30.0475,101.9603,0.2092666020584026
495,28.1944,113.0014,0.2101737059074979
272,37.0886,114.4704,0.212308738346326
354,41.7653,123.4114,0.2127184723338217
695,49.50260925,18.53856087,0.2141584304407099
728,49.442356,1.093789,0.2151322728709052
1307,43.7775,-91.2269,0.2152089211146091
371,43.8447,125.3863,0.2160851526589259
745,40.41666666,-0.24916666,0.2162488419249411
330,31.6219,120.275,0.2182927303244349
197,38.2839,109.7289,0.2195185241135396
286,33.9528,118.293,0.2210147146689029
1414,40.046665,-76.28333,0.2211310474658627
34,34.3622,107.2386,0.2216122887970301
1371,27.189215,-81.34035,0.2230171913683117
454,29.6963,118.2903,0.2231965342087134
1372,46.81826,-92.08936,0.2241618846875793
252,45.1214,124.8006,0.2262345190414463
1274,41.53694,-81.45887,0.2263510686784787
380,38.8639,115.5086,0.2282478205682786
1185,51.536893,7.457409,0.2294177633835041
867,51.207944,10.450997,0.2326598416927835
1175,46.329586,-0.458889,0.233133663964519
881,51.468662,5.47235,0.2332861275899806
976,45.56472,5.928333,0.2345014592510108
1102,50.010325,8.451527,0.2348461041437062
791,56.00833511,21.88694763,0.2361212855952876
1405,43.577602,-116.178154,0.2373152071861883
782,42.157856,11.908954,0.2380179219006341
1398,27.939747,-82.000084,0.2423727378954832
1363,35.96497,-84.22317,0.2424005454942977
953,45.69802778,18.83463889,0.242699049573831
1255,38.013332,-87.577225,0.2430068323229505
1125,47.565439,14.244676,0.2434200990780786
596,33.965,118.283,0.245940980418512
804,48.124711,17.125496,0.2466163912123532
485,31.0201,103.6202,0.2466936216297259
224,39.3197,112.4258,0.2470225899119146
237,50.2341,127.5144,0.2473827742139851
31,34.3017,107.0708,0.2474470955788004
1160,42.36831811,1.776783258,0.2488635603137254
83,34.3731,109.2186,0.2495680467652644
1219,47.60472222,15.67305556,0.2504852938601088
834,48.257474,13.03923,0.2507819075016539
92,38.5036,106.1358,0.2513900595899738
677,43.2561,-5.7759,0.2521076584654022
828,43.9275,12.224722,0.2529097715870331
515,26.8956,112.6211,0.2564543257063894
1133,49.07655,8.40666,0.2571814482810396
170,35.5461,106.6692,0.2579337573577324
1014,50.32276,3.39593,0.2579632551390032
497,28.2597,112.9792,0.2593476076504252
1370,42.51334,-83.005974,0.2593807889158763
64,40.6821,109.8538,0.2594161496989175
1126,49.079012,19.3025249,0.2608352369615962
996,49.32273,11.02792,0.261573589275395
885,51.407365,5.393328,0.2629793937875983
949,50.81487387,3.322494319,0.2633093454589901
133,32.9917,112.5192,0.2640952208868538
397,26.3003,106.805,0.2641372566958742
1267,35.85611,-78.574165,0.2652092856623856
756,43.16832,-2.63794,0.2681711625699993
1310,45.2384,-86.994,0.2686595150553575
1355,39.80933,-80.26567,0.2694902200259785
540,28.2558,109.6414,0.2698008893974419
349,45.7258,126.6411,0.2698890500390389
1344,41.84046,-72.01037,0.27092864401467
1360,40.107224,-74.882225,0.2723527560899432
1288,30.229652,-90.96563,0.273731323132923
933,46.401944,13.011111,0.273945489388588
1218,51.028931,7.004976,0.2739926907495137
226,39.9289,116.4174,0.274121967355199
734,43.310833,-0.391111,0.2755787698837922
1079,41.91614,0.191101,0.276239432840508
1425,40.304695,-79.50567,0.2781770842592883
511,26.8919,112.6006,0.2798530809135132
427,30.6465,111.3549,0.2800643954292767
929,51.897598,14.057064,0.2808088512123055
81,43.831,87.6432,0.28195656512658
440,29.3547,110.5594,0.2841819458211976
705,45.5588,8.0564,0.2859029322473005
1314,30.085262,-93.76134,0.2871212016186534
746,42.14326062,2.510206967,0.28834194085353
1131,46.112775,24.22805,0.2899692104203446
247,30.9412,117.8177,0.2916353527098104
430,29.3578,113.1094,0.2962949807816236
172,42.9418,89.1904,0.2978506626625127
1046,40.33639,-1.10667,0.2983009414826434
673,49.419528,8.6767,0.2999481546729553
262,46.6554,131.1524,0.3003990516584615
1006,51.27399,1.098061,0.303148866361655
1423,35.43477,-83.44213,0.3032979021537464
1264,35.10264,-85.16219,0.3036668032717364
1361,41.44278,-75.623055,0.3049795747689651
453,26.567,101.7227,0.3051789993435058
941,47.04027778,14.330725,0.305934810817069
114,37.4674,116.3032,0.3065708367447367
26,41.0879,121.1115,0.3099576709964031
232,37.5211,111.1406,0.3100001582733911
1063,48.326013,10.903051,0.3129495922314194
1183,51.303394,6.819887,0.3157481231313207
436,28.9703,111.6975,0.3167219810698667
1266,36.0388,-85.7331,0.3168488529902808
437,27.9153,113.0048,0.3171921529587316
240,46.6528,126.964,0.3173143666860238
1415,30.419806,-91.182014,0.3186100870834445
533,30.5366,105.5861,0.3210580129267896
718,41.096667,-8.555833,0.3224602754939619
422,32.0023,118.7752,0.3228911525356933
335,34.2778,117.2933,0.3251054806147042
614,32.1873,119.4424,0.3280883901468541
250,50.2524,127.4833,0.3282515168939389
1333,40.06483,-74.44405,0.3302350152291172
424,33.774,113.182,0.330376290166626
860,43.28334,5.511384,0.3306573053423878
676,49.224167,4.020556,0.3313070977265551
134,32.9735,112.5003,0.3325650071518963
513,25.0992,104.8811,0.335989689574098
623,33.5828,114.0138,0.3381060004204227
338,31.3708,120.641,0.338511161378608
441,29.5102,106.5777,0.3389742800103918
879,41.53583,20.6989,0.3389960470148974
389,38.0058,114.4586,0.3412408790376466
765,45.809998,2.06,0.3443485102445554
1214,45.297325,27.949461,0.3443990007873704
1283,35.9359,-81.5306,0.3453756606078872
1201,41.15604,15.09675,0.3465030949784385
645,36.7019,119.12,0.3479561104168523
1395,33.545277,-86.549164,0.3479578513674033
499,34.77172,113.73961,0.3505954183967985
1093,49.107502,6.122775,0.3525259479457143
679,48.899233,9.172792,0.3534662040470557
583,41.7347,123.2444,0.3548658440868572
167,30.4742,114.9028,0.3549611283858201
174,42.8172,93.5128,0.3552836856878308
468,47.8517,88.1264,0.3590522260016893
512,25.0925,104.9022,0.3610166202955482
769,41.47676936,2.088977264,0.3611817623150027
1170,43.5915,3.88681,0.3619149266441608
1074,43.5512,-5.9197,0.3689045938003368
211,41.5881,120.4318,0.3697717319538272
855,42.142889,24.765239,0.3718081749999866
259,47.3388,130.3114,0.3721554023715209
1304,34.474525,-85.408844,0.374335777867983
766,45.848333,11.569167,0.3745998530331107
1245,33.81468,-80.781136,0.3748262937652644
1251,35.59095,-78.4622,0.375158187290326
429,36.0022,106.2792,0.3756678676753198
102,36.0783,111.5531,0.3766491615251504
486,45.6094,84.895,0.3791876875550569
784,55.072222,24.283894,0.3795303696536797
1252,42.416637,-83.90218,0.3801232595313212
334,31.2284,121.533,0.3802015260832782
1138,52.401352,13.059945,0.3808143453884428
1340,29.723333,-95.63583,0.3816054351535219
572,38.4418,106.2266,0.3847173145945959
2,43.8306,126.555,0.3858527169689024
893,45.7789,4.9247,0.3876991333080922
480,27.5002,114.0997,0.3886422521722306
20,41.8611,124.0436,0.3905582103050887
326,45.7319,126.685,0.3908557266685286
303,36.5713,114.4918,0.3922228284611015
1441,31.188932,-85.423096,0.3926936844288778
631,27.8614,112.9433,0.394851105413163
969,51.453459,6.86505,0.3967467153412504
882,51.60308,4.781016,0.3973346392918407
1270,41.515053,-81.24991,0.397973793259877
947,48.33472,16.729445,0.3989978224574133
215,40.761,107.4212,0.4002336742933998
96,35.2464,115.4208,0.4008073698523221
774,47.40555556,15.36083333,0.4030709918222551
1157,47.594913,7.568175,0.4032989974835436
1302,37.1655,-78.3069,0.4123452751944969
108,37.8703,113.5614,0.4125942427313945
324,40.8369,111.7516,0.4133724575516201
851,43.126475,25.691211,0.4138872749977385
798,42.404687,12.857794,0.4139522540036954
461,32.6524,117.0067,0.4183807820056383
445,27.6253,113.8493,0.4208911419589788
347,32.0745,118.7794,0.4215507688486057
652,37.374,120.399,0.4237858438262838
1434,43.68578,-74.98538,0.4244677105866952
552,28.6542,121.419,0.4244949500567939
829,46.143173,-0.396042,0.4247654574500826
750,43.2757,-5.596,0.4255962367224232
562,22.2281,113.299,0.4266664126775392
196,38.2911,109.7456,0.4267166402571383
111,42.2554,118.8788,0.4277070070648813
928,51.5645,14.3764,0.427749771509823
1106,50.84971052,4.33410368,0.4286640805211809
1432,36.60843,-83.73694,0.4300824465413527
77,40.7677,120.8695,0.430821071303668
896,43.1804,-2.2682,0.4333103829793027
714,53.134088,17.995712,0.4338857278095309
173,42.9559,89.1673,0.4358610269547133
1306,44.70735,-89.77192,0.4369857476576486
1050,46.522,6.63963,0.4370081753569704
900,66.3217,29.40157,0.4376675904059037
1132,49.165508,9.224786,0.4400756596513754
1424,42.27807,-85.54189,0.4400878035546437
278,39.5111,116.6708,0.4489440248419562
1211,42.736572,11.87643,0.4519138597605738
225,37.6945,112.7532,0.452167515449272
675,48.962223,4.36,0.4559860910669994
1339,38.8577,-77.05922,0.4585985508370983
318,31.8403,117.1318,0.4621055864022979
1396,34.015434,-84.60742,0.4623918812464979
217,39.3278,112.4072,0.4653785993545146
536,23.4835,111.2711,0.4667094877881276
1253,48.41252,-92.82922,0.4697193118611457
732,45.9225,6.87,0.4702985447851621
312,31.3019,120.591,0.4724254065580823
1101,42.056383,25.59345,0.4734437703465535
883,50.736389,15.739722,0.474320218161423
1058,46.064275,23.563517,0.4747779322035188
151,30.9743,118.7385,0.4752654545857568
1285,30.700895,-91.05607,0.4760580187202649
937,57.8634,11.9216,0.4773675445091237
672,52.420319,16.877289,0.4790888876656453
751,49.259552,2.474397,0.4819011923313889
1351,29.733727,-95.25759,0.4843181673630813
40,32.1059,114.1099,0.4849824269547404
1284,32.535294,-93.74704,0.4856720478299875
7,44.561,129.61,0.4872904396922389
23,41.2864,123.7669,0.4884717776405431
594,34.6972,119.3581,0.4900429250348782
764,45.869995,1.31,0.4903444120485778
616,38.0378,114.5481,0.4912372889877157
5,47.3227,123.9483,0.4922018226980352
150,33.5699,114.051,0.4997345952225987
1242,35.2318,-77.5669,0.501262565786103
1022,50.775482,3.12568,0.5031710774903897
993,47.62,6.157611,0.5138281996534756
112,37.4309,118.6614,0.5187112006756565
1208,44.386558,23.733658,0.5188482325075502
1206,45.238642,19.835704,0.5192513352542829
812,47.27129,11.4169445,0.5203144302903425
273,37.7541,115.6838,0.5211682356239854
1393,33.578335,-86.77389,0.5212552407134838
1088,42.05134069,0.729555647,0.5278921240183818
658,29.4875,106.4782,0.5286019458206094
147,30.9891,112.1969,0.5310223927705672
4,47.3386,123.9488,0.5326926691551429
815,49.028057,2.750278,0.5332530841940402
128,36.1937,117.1437,0.5348867503301887
90,36.1031,103.631,0.5362966022311415
585,31.2864,120.628,0.5364097125103208
1281,35.76541,-82.264946,0.5380884669431144
363,40.8062,111.7276,0.5388586670067561
405,28.7562,104.639,0.5405389611006449
960,51.25210341,4.491362028,0.5433747773855
724,43.32074,-3.11272,0.5488934396493903
978,44.865555,-0.939444,0.550067735304928
1353,40.56333,-78.919975,0.5506080567575508
961,50.79664963,4.358623958,0.5509746652287418
726,43.3069,-5.7057,0.5517816408962776
186,30.2981,109.4978,0.5520513533842296
1083,40.314518,-3.716868,0.5522132621180805
715,43.6287,0.179069,0.5528437179808079
1320,40.136337,-111.6605,0.5530585640001963
299,34.80246,113.67526,0.5536394774540881
1369,43.176674,-85.41661,0.5547497627909997
950,50.46519216,3.939714326,0.555911647852141
1156,43.40444,-3.84194,0.556220004857213
410,27.9831,116.3544,0.5621872515266514
780,46.58967,11.43317,0.562643158360443
36,34.493,109.4636,0.5645018835294218
1111,47.47706,11.05722,0.5653929091711555
613,30.7525,120.7846,0.565499819154628
637,36.913,121.531,0.5661997868896956
491,43.941,81.3364,0.574346468079852
1362,41.265556,-75.84639,0.5755197191064738
59,30.8023,106.0789,0.5769547027432029
529,31.2132,107.4988,0.5785203382125377
265,47.7412,128.9102,0.5790348117127988
1435,41.49212,-81.67845,0.5807741310810611
625,33.4022,120.118,0.5844785961894648
1231,46.34072,2.593945,0.5856856878547922
190,31.2124,107.4644,0.5865231844872627
1216,51.54052,5.85307,0.5913942832233615
622,39.2474,117.7918,0.5936866351545842
1194,49.18742,6.910867,0.5937870964397816
328,31.1654,121.412,0.6008990822473779
655,30.5767,104.0594,0.6012235863338531
1178,40.39472222,-3.73194444,0.6024471754617362
924,49.544078,8.465281,0.6084892697553446
803,48.16206944,16.52561389,0.6087583196008627
414,26.585,101.7169,0.6109324669544871
1129,51.49633,-0.460861,0.6118278807097225
587,31.9996,118.7356,0.616134775883182
395,39.1082,117.237,0.6162910062713093
592,34.1781,117.1694,0.6193756070513087
93,34.9976,118.2794,0.6195406707065619
80,40.6532,109.8756,0.6214337882296939
1187,43.285,13.42861,0.6221176291644508
233,37.5136,111.1297,0.6239237886255583
1204,41.886019,12.541618,0.6240267070555413
1275,41.55523,-81.57526,0.626843860803265
1179,46.555842,26.926942,0.6342459192451327
1413,41.094967,-85.101814,0.6383825155767775
276,30.8669,120.0751,0.6423412859957518
887,52.039023,4.359376,0.6423615810988577
417,28.2475,117.0311,0.6433791464056832
889,50.74823,2.25978,0.6467644376019581
479,27.7019,106.9242,0.6501338922139901
509,27.3125,105.2864,0.652982338243174
35,34.3617,108.7233,0.6610769378961493
1443,39.399837,-119.73961,0.6689984405687076
1110,53.40337,-1.752006,0.6698001406198512
474,30.2111,120.2072,0.6727005164487349
1100,50.85671305,4.425760659,0.6731350286420623
327,31.1907,121.703,0.675410426595557
1431,40.73614,-73.82153,0.676583098802076
639,33.3942,120.156,0.6781815771904836
1233,47.30737,5.065881,0.6816486580363257
617,39.0845,117.1589,0.6889703043772344
872,50.654066,10.769534,0.6981126875979141
1149,43.3094,-2.0109,0.7036702175137678
1004,51.52229,-0.125889,0.7076893334901843
425,29.9572,121.713,0.7128248484892188
191,31.8896,102.2502,0.7146345639568024
118,37.3803,118.0062,0.7160184396786268
1244,34.09396,-80.9623,0.7209946511621201
1222,49.23074,7.003174,0.7212515096719283
55,31.4668,104.6697,0.7294949362411761
459,31.656,120.734,0.7301377887176715
169,37.9251,102.6201,0.7307167558830944
411,31.2071,121.577,0.7331864248704493
446,27.6434,113.8385,0.7366937248150913
601,27.0803,114.9754,0.7381304400123415
107,37.8486,113.5819,0.738458268391123
3,47.3636,123.9305,0.7397414642995571
157,31.7905,116.4996,0.7400313363406683
292,37.8692,112.5369,0.7408362685029247
229,35.0147,110.9956,0.7459582030542996
280,40.9763,117.9392,0.747732703989126
223,39.3617,112.4575,0.7486109325035019
131,33.6128,114.6613,0.7513446750020167
1207,38.748611,-9.148889,0.7548018751325172
1151,51.939783,15.518861,0.7593797118536793
238,50.2472,127.5291,0.760068870116751
563,29.6038,115.9114,0.7623676709584909
640,29.6815,115.9872,0.7639664520873504
460,31.882,120.55,0.771796337455392
1230,49.28222,4.051111,0.7732933559345662
1013,49.276386,2.482167,0.7770397020332624
1385,38.11515,-86.60325,0.7798392848032448
1272,40.084515,-82.81558,0.7825491061585121
419,30.3119,120.1197,0.78622493198142
496,26.5939,104.89,0.7870193540500959
1007,48.9964,1.7033,0.7908047381597263
251,46.7975,130.3258,0.7959351901176996
498,34.7178,113.7329,0.7986597697316028
621,27.583,110.0394,0.8066519128276786
709,52.407578,20.955928,0.8073862578473395
514,28.6842,115.9314,0.8088333440854334
1412,29.901035,-95.32613,0.8114042807403459
500,30.2798,109.4707,0.8136025202883943
1408,40.3663,-80.6158,0.8162597571975104
505,27.5721,109.5981,0.8186668318720901
1075,44.319639,28.610292,0.8294634678527246
1120,50.94535924,3.15240159,0.8343540936211984
548,28.9666,118.8709,0.8374409599552547
578,39.1067,117.1941,0.8626349408698927
333,45.7478,126.593,0.8631922083975063
426,37.3753,97.3731,0.8655620913746768
1197,44.429489,24.351389,0.8669035760899445
1060,46.564369,26.910667,0.8672744338861214
91,38.4975,106.2328,0.8738597815105706
1224,53.74878,-0.341222,0.8790446354938293
656,36.0822,111.5169,0.8928162387533087
116,37.4451,116.2991,0.894335114432761
589,41.0385,113.1076,0.8969863695594377
600,26.5917,104.83,0.910498340527908
216,41.7325,125.9446,0.915100272049333
657,29.8279,106.3787,0.9193464438214496
603,32.4535,105.8945,0.932574090806802
418,28.2642,117.0564,0.9400168325185544
651,23.1522,112.5544,0.9550022496250004
1437,29.823318,-94.98379,0.9572968722111952
597,25.0441,101.5482,0.978876372413394
