,lat,lon,EVI2_Onset_Greenness_Maximum_1_co2_r
536,23.4835,111.2711,-0.9823961131583596
598,26.4214,111.6156,-0.9634052474480748
550,30.3714,114.8989,-0.9559704033589608
436,28.9703,111.6975,-0.9496645757072486
636,23.4714,116.7519,-0.9444181864184
655,30.5767,104.0594,-0.9371689262134952
316,31.7964,117.3027,-0.9280990181881066
54,31.4535,104.7563,-0.9257626053368092
519,30.1383,104.6295,-0.9256592060106212
332,45.6842,126.6206,-0.9235583359097094
607,29.2956,117.2461,-0.9052807443748176
82,43.8711,87.5525,-0.8943559291218132
65,40.6288,109.8642,-0.89182598928385
313,31.7848,117.1959,-0.8887220994906926
199,30.2756,118.1371,-0.8859213133834742
428,30.7819,111.3275,-0.8615746854717571
362,40.7866,111.5512,-0.8508775974306307
287,33.9592,118.2442,-0.8489378067318796
367,45.7733,126.689,-0.8472496519176584
569,26.8906,100.2203,-0.844245019088916
446,27.6434,113.8385,-0.8407441347952626
549,28.9398,118.8692,-0.8398367350311073
442,36.7729,119.1936,-0.8200399607226437
593,33.3663,120.1544,-0.8047089786683252
230,35.0303,110.9686,-0.8021192907477576
605,27.2442,111.5283,-0.7940068319813137
403,27.1312,114.99,-0.7912054200368684
576,38.4842,106.2757,-0.7892817803060498
580,30.4519,114.8858,-0.7864498099923826
35,34.3617,108.7233,-0.7716184259186254
344,34.2761,117.179,-0.7703389194060205
4,47.3386,123.9488,-0.7598026317780471
562,22.2281,113.299,-0.7597628423394454
528,26.5892,104.8,-0.755679607134469
668,26.5161,106.694,-0.7528476166368573
92,38.5036,106.1358,-0.7504977319458545
575,30.4576,106.6303,-0.7428264539942283
623,33.5828,114.0138,-0.7322897287912146
57,31.1317,104.3826,-0.725916120217009
604,25.8481,114.9461,-0.7233685693352611
376,43.8463,125.2841,-0.7209824434199789
352,32.1875,119.6707,-0.720494218476566
147,30.9891,112.1969,-0.7178985112549737
282,30.1808,120.0883,-0.7066705283990306
401,28.793,104.563,-0.6995403795034721
456,29.7178,118.327,-0.6966243045392764
171,35.5307,106.7021,-0.6878177192524912
1057,52.349703,13.424304,-0.6848434918816937
90,36.1031,103.631,-0.684621174720025
292,37.8692,112.5369,-0.6832217472906713
865,50.978292,10.317236,-0.6808508581837895
422,32.0023,118.7752,-0.6773276453548296
1209,50.912475,15.31219,-0.6706209111517052
1217,53.24696,10.4565,-0.6676976575885403
603,32.4535,105.8945,-0.6668306242743253
1001,47.73344,12.891241,-0.6651717140900306
55,31.4668,104.6697,-0.6646477344418179
117,36.4372,115.9848,-0.6617557231144955
1092,48.19223,14.51954,-0.6594886694830977
513,25.0992,104.8811,-0.6585246579170453
900,66.3217,29.40157,-0.6557311438531847
787,49.50504,5.97694,-0.6526811570010643
788,47.541944,19.146122,-0.6512278424506991
1166,41.04,21.3564,-0.6502351103548482
800,45.655,10.20083,-0.6488199981393242
504,26.4364,111.5992,-0.6455457818137631
274,38.3254,116.8584,-0.643153884509997
619,30.9413,117.7807,-0.6423064276309299
1157,47.594913,7.568175,-0.6396752381039694
1148,45.1619,5.7356,-0.6360047279368145
223,39.3617,112.4575,-0.6347470679581579
722,49.40619,1.15515,-0.6290644575346308
479,27.7019,106.9242,-0.6255667512697742
433,32.0931,118.6414,-0.6240821011297883
323,33.575,119.007,-0.6238709145016759
379,30.6319,114.135,-0.6235903963433065
423,32.0754,118.7997,-0.6186242346141232
725,49.02134,1.148319,-0.6177433672613603
685,48.85731,7.314175,-0.615331483197583
238,50.2472,127.5291,-0.6069370708456455
236,32.8977,117.3145,-0.6010630446651266
823,45.1763,7.7116,-0.598396387380702
883,50.736389,15.739722,-0.5972191375122394
330,31.6219,120.275,-0.592099570555379
767,44.013056,12.42,-0.5912102919490854
1068,47.145014,23.877389,-0.5858492033275229
47,35.2127,113.2269,-0.5826551338317985
743,58.370556,26.734722,-0.5799372809919393
967,53.480927,9.857223,-0.579552404025684
1140,50.68352509,14.04119492,-0.5782441739610443
584,41.7173,125.9358,-0.5758434349946637
867,51.207944,10.450997,-0.5742386247802824
178,44.2967,86.0497,-0.5720732425639377
432,29.7228,106.6263,-0.5714469199460992
215,40.761,107.4212,-0.5710757138680769
53,30.3544,112.2008,-0.5704225293476793
879,41.53583,20.6989,-0.5688179309211358
1331,41.058617,-74.25555,-0.5678370092310419
842,47.091111,17.901122,-0.5647497930970247
1384,42.334984,-89.03777,-0.5603391946339756
413,28.7199,104.5742,-0.5592519051740154
514,28.6842,115.9314,-0.5592227735564033
1315,42.139996,-87.799225,-0.5591838560516501
793,47.06701111,15.49368889,-0.558984570094952
810,47.4885583,12.066633,-0.5574868328895413
983,41.947654,12.533667,-0.5502830624376772
1344,41.84046,-72.01037,-0.5499038444021538
616,38.0378,114.5481,-0.5484962088220587
1034,43.66028,11.90167,-0.5462432578692339
418,28.2642,117.0564,-0.544178772166424
595,34.4285,115.6702,-0.5435166189220839
836,44.79361,10.33167,-0.5434917824474755
974,49.841221,7.866222,-0.541551944418138
797,46.7675,15.956111,-0.5396052738670538
1168,43.79306,11.09778,-0.5377183193093344
760,47.594257,1.302667,-0.5376213579508504
777,46.13111418,14.99611517,-0.5359348965262649
1129,51.49633,-0.460861,-0.5358241408789366
1413,41.094967,-85.101814,-0.5354187284734668
255,45.6077,122.7911,-0.5338015350293722
763,46.17,1.87,-0.5336714548962036
1191,48.445553,0.110833,-0.5330605954868155
1221,43.4015,-5.8028,-0.5312383346531483
882,51.60308,4.781016,-0.5298639936748637
667,26.6027,106.7109,-0.5279973718731171
1015,48.17278,6.452811,-0.5252808897972024
1189,46.1625,12.360833,-0.5207693560316643
1238,40.6646,-3.7739,-0.5175022745226009
1339,38.8577,-77.05922,-0.5159704216800592
972,46.934128,26.38925,-0.5142444889985314
721,45.916943,6.135556,-0.5119683654449322
844,64.244226,19.767238,-0.5088673450915014
1175,46.329586,-0.458889,-0.5083695573174508
28,34.6886,112.494,-0.508085482010119
233,37.5136,111.1297,-0.5053333447492321
1321,40.72099,-74.192894,-0.5038306484459928
1049,50.877923,12.0749,-0.5034061589427978
1014,50.32276,3.39593,-0.4993517834126208
885,51.407365,5.393328,-0.4989691035820758
34,34.3622,107.2386,-0.4934089685358327
495,28.1944,113.0014,-0.4929129382448839
650,28.7728,104.6201,-0.4921264699923198
477,29.2617,117.1547,-0.4917097689868464
475,29.3867,117.3102,-0.4912564253773522
890,47.2225,-1.5375,-0.491206305984114
441,29.5102,106.5777,-0.491002299057222
408,27.0968,115.0093,-0.4898408964723515
13,46.6215,124.9042,-0.4852681332501596
738,45.431539,28.054742,-0.4826763279774406
527,27.8914,102.237,-0.47840381020395
331,31.5475,120.354,-0.4777863483689036
817,47.8055556,13.043333,-0.4771448717756025
1011,43.91611,11.00694,-0.4771201895644674
1262,36.085506,-83.76481,-0.4753160387896594
807,47.410164,9.653713,-0.4744550013340175
754,49.744886,21.454617,-0.4734928033954656
1199,43.650722,25.363583,-0.4719282606317
1426,30.848612,-85.60389,-0.4699693701687539
260,47.3382,130.1097,-0.4682352028067102
1051,46.2311,6.07417,-0.4673197375438653
1273,39.70595,-79.012,-0.4664023157569657
794,65.04338,25.4979,-0.4646512934566182
217,39.3278,112.4072,-0.4644947076915971
302,30.558,114.2529,-0.4639146949490357
510,26.9056,112.5664,-0.4637937842961852
132,33.6347,114.6758,-0.4626925002440814
1103,47.4029,8.6134,-0.4616713839799772
363,40.8062,111.7276,-0.460724042322515
1398,27.939747,-82.000084,-0.4602117049167697
532,27.725,111.9975,-0.4599907329031445
1392,38.71085,-90.47606,-0.4598114214048339
661,35.4828,112.8271,-0.4595439794603151
511,26.8919,112.6006,-0.4584402591256351
796,48.1061111,15.91944444,-0.4578255490895179
1236,42.44,-2.239,-0.4571779994440466
410,27.9831,116.3544,-0.457173302286001
189,31.1986,107.5082,-0.4551276123925584
1098,51.15013609,3.80873543,-0.4548500860859534
309,36.0658,120.4134,-0.4529838571110055
978,44.865555,-0.939444,-0.4528024466058786
982,50.892377,14.822846,-0.448288832063669
700,43.610497,2.23015,-0.4476511990647407
172,42.9418,89.1904,-0.4474646971015418
1159,49.851334,3.284,-0.4451808042705957
1295,41.6175,-87.199165,-0.4447066503971343
1053,50.125332,8.746343,-0.4441458918132128
166,31.0386,112.2213,-0.4436520851302916
826,45.1546,7.658,-0.4435421682699665
1163,45.5476,9.16698,-0.437684563318416
635,23.691,113.0426,-0.4366976190276193
601,27.0803,114.9754,-0.4335387671484841
905,45.873889,10.1775,-0.4333802977774173
805,46.05184,11.45389,-0.4331708806357234
75,40.7136,120.9092,-0.4327715640055
220,35.4936,112.8318,-0.4327125534270925
541,27.7044,111.9892,-0.4323436423355625
1353,40.56333,-78.919975,-0.4321373230265951
904,50.78944397,14.08679867,-0.4285778399165549
168,37.9956,106.1856,-0.4283242085257694
93,34.9976,118.2794,-0.42788812076675
762,45.158745,1.537222,-0.4258695669309373
529,31.2132,107.4988,-0.4258001034440071
853,41.694342,24.738078,-0.4246654521316139
772,45.515278,10.219444,-0.424306273016056
295,40.762,114.8902,-0.4230958476187294
419,30.3119,120.1197,-0.4220457603584571
929,51.897598,14.057064,-0.4204726100767284
1266,36.0388,-85.7331,-0.4199095785828186
708,43.09625,-0.040497,-0.4193655348053702
996,49.32273,11.02792,-0.4176330541110102
1059,48.18169,11.46445,-0.4166561155035835
375,43.8772,125.3716,-0.4154187920288936
719,47.27476,4.099476,-0.4143997075695421
841,47.557222,18.420836,-0.4143709505914767
142,32.395,111.0419,-0.4141945603038579
1090,50.221941,8.446079,-0.4141658108869373
872,50.654066,10.769534,-0.412439540202949
373,43.79,125.4605,-0.4119955098005392
1343,41.78472,-72.63167,-0.4116432942021611
417,28.2475,117.0311,-0.4116010864502323
991,47.2474,6.015419,-0.4091187630550429
894,50.159406,19.477464,-0.4086389564623593
538,28.2675,109.6958,-0.4075519731995006
960,51.25210341,4.491362028,-0.4069117320790694
1202,42.284,21.2738,-0.4040573817187116
1320,40.136337,-111.6605,-0.4037502092518318
1307,43.7775,-91.2269,-0.4028130486696953
9,44.6075,129.6364,-0.4024160395286803
503,26.2331,111.6236,-0.3985174514296168
1077,43.21291,-3.1344,-0.3981847263686658
1095,47.86194444,15.32194444,-0.3968722625130939
250,50.2524,127.4833,-0.3961719580067596
986,46.802376,4.417486,-0.3954328805078442
975,49.628771,8.364779,-0.3954211601937847
296,40.8336,114.8883,-0.395389951459377
1316,29.632057,-98.56493,-0.3936006193846357
1433,40.56252,-80.503944,-0.392920693991356
474,30.2111,120.2072,-0.3916830060326201
96,35.2464,115.4208,-0.39121187950415
801,45.463333,10.480833,-0.3894033256145943
994,49.872303,8.664619,-0.3891101391865373
919,48.376576,10.88837,-0.3890602578442969
1389,39.40745,-94.26537,-0.3889756399347075
1328,41.05192,-73.76366,-0.3872700953614642
478,27.72,106.9178,-0.386711506027809
830,48.733256,19.115268,-0.3859927884424208
1126,49.079012,19.3025249,-0.3859031383339408
892,44.926111,10.370833,-0.3852786577043752
1385,38.11515,-86.60325,-0.3834679317396848
851,43.126475,25.691211,-0.381029759120386
1414,40.046665,-76.28333,-0.380881582815374
1069,52.398406,13.368103,-0.3766958236713965
768,50.429014,21.277367,-0.3754589539391436
1087,50.383217,8.060998,-0.3732634457466209
693,43.30277777,-1.98444444,-0.3729710062946323
816,49.211447,18.771215,-0.3728756100885594
1079,41.91614,0.191101,-0.3723287842734641
32,34.3672,107.1906,-0.3708351071511077
1012,46.137222,9.385,-0.3691009347185056
411,31.2071,121.577,-0.3686266655008941
1270,41.515053,-81.24991,-0.3682581005879337
23,41.2864,123.7669,-0.3682153143482793
243,32.9673,117.3533,-0.3672898865610646
697,49.66958237,12.6778841,-0.3666333398884318
174,42.8172,93.5128,-0.3665454890701292
799,47.09436111,15.41511111,-0.3659110872723536
235,41.9419,126.4077,-0.3643388333350102
969,51.453459,6.86505,-0.3642364662804963
574,38.497,106.1015,-0.3624175351835568
952,46.951,7.44087,-0.3615684899401267
397,26.3003,106.805,-0.3612150021473696
1272,40.084515,-82.81558,-0.3598295182509231
947,48.33472,16.729445,-0.3596230165983318
897,60.22393,25.10244,-0.3581143675746168
984,54.09323,10.240596,-0.3570224004410357
1117,51.0612777,3.77526239,-0.354509392916307
101,36.2125,113.0886,-0.354235089902246
11,46.408,124.902,-0.3539891407211314
679,48.899233,9.172792,-0.3509486736291944
1105,59.399355,18.077416,-0.3508688395369127
340,32.02,120.87,-0.3500342925271923
877,46.256617,26.792892,-0.3498956859392771
979,51.396095,12.234054,-0.3489666769415225
671,45.499167,12.262222,-0.3474511169741602
803,48.16206944,16.52561389,-0.3434378803265153
246,33.9477,116.7856,-0.3421697091345312
430,29.3578,113.1094,-0.3411282254380214
1388,37.70097,-94.03474,-0.3410159200517512
1136,42.45639,14.23472,-0.339768866337357
222,39.3522,112.4397,-0.3395662265157613
1174,52.077148,4.289185,-0.3394699773967682
666,26.5424,106.674,-0.3392683242523881
825,48.04944444,14.44277778,-0.3374414756273492
690,44.3818,7.5382,-0.3356177781445488
1080,50.970024,9.80026,-0.3345741019970293
1232,49.15167,-0.352778,-0.3339382711111323
758,45.47833,9.23583,-0.3306064539076038
1112,44.92467,10.5172,-0.330425499846136
1096,51.838221,5.856938,-0.3292820067811056
927,54.88361,-1.406878,-0.3249961378612664
746,42.14326062,2.510206967,-0.3245310039060327
208,41.2495,123.1683,-0.3240984811340012
416,28.2264,117.0222,-0.3235733223762606
219,35.5051,112.85,-0.3235488017949822
930,51.746848,14.33447,-0.3216870093409459
1415,30.419806,-91.182014,-0.3187419497168959
684,50.010575,19.949189,-0.3179680626128671
924,49.544078,8.465281,-0.3115098885813563
209,42.3022,123.8139,-0.3084285055507961
1230,49.28222,4.051111,-0.3068553404959042
545,36.0621,114.4839,-0.3068094050696685
1023,47.44739,-0.550067,-0.3059937900448549
951,47.4387,8.57012,-0.3054433030623938
509,27.3125,105.2864,-0.3013316509190473
248,30.8792,117.7439,-0.3009896071576512
781,48.167961,17.106244,-0.3000486485232383
1029,42.53417,12.52194,-0.2997073399528851
193,30.0475,101.9603,-0.2990430162882823
381,39.8863,116.4072,-0.2989407501609617
855,42.142889,24.765239,-0.298744854470145
852,42.432356,25.637389,-0.2985123555441208
687,45.183611,11.311389,-0.2974369851160594
1201,41.15604,15.09675,-0.2930541300117938
1439,39.310833,-76.47444,-0.2930446727209271
1062,51.321364,12.032141,-0.2907705127549331
1416,39.28102,-78.08157,-0.2900094052792394
1127,45.5966,7.76643,-0.2877745368465839
937,57.8634,11.9216,-0.2859910490402464
702,60.37288,11.07407,-0.2858652725613432
1352,31.893913,-106.42583,-0.285451944695503
1373,38.45934,-82.64041,-0.2844574330030956
452,24.5058,118.0936,-0.2844099576231172
5,47.3227,123.9483,-0.2843474390415305
195,33.1138,107.0089,-0.2840472794799476
1289,35.379166,-82.7925,-0.2822705787759842
691,48.001511,7.832122,-0.2817731378066739
1180,56.15976,10.19364,-0.280495314877289
1179,46.555842,26.926942,-0.2761039201096857
1418,45.49664,-122.602875,-0.27572421077433
808,48.782852,20.987197,-0.2754985274681711
1309,45.56498,-88.80859,-0.2749027864276132
412,25.8333,114.9322,-0.271412181415642
1302,37.1655,-78.3069,-0.2694713276030694
1234,50.44914,2.9,-0.2674991892111394
820,48.753179,21.245046,-0.2660789710499269
1313,38.86067,-90.10585,-0.2631613514190977
1125,47.565439,14.244676,-0.2624993400521734
1377,43.97462,-70.12461,-0.2621860976716215
319,38.9108,115.4713,-0.2586935203462989
1226,46.586918,0.358583,-0.2552077799798394
1326,42.68075,-73.75733,-0.2546939928377852
923,51.054558,12.141322,-0.2540101229315621
489,36.881,118.746,-0.2531099822298811
78,36.229,117.6795,-0.2512236593487145
335,34.2778,117.2933,-0.2507901004943968
565,26.1028,119.2984,-0.2488644334148727
910,49.20272446,16.61628723,-0.2481956742225796
1357,42.14175,-80.03861,-0.2481713161694142
1122,43.867496,18.423061,-0.2477608987016273
1007,48.9964,1.7033,-0.2475473763862793
888,46.58389,0.345556,-0.2473410822423854
1308,42.5956,-87.88576,-0.2458870015521025
1325,44.08747,-75.97316,-0.2435279612575986
723,46.19583,6.240556,-0.2434757583379933
247,30.9412,117.8177,-0.2423943829123078
834,48.257474,13.03923,-0.2412648316703699
1336,40.82799,-73.05754,-0.2412019597385623
173,42.9559,89.1673,-0.2386921041526976
126,37.5433,121.3719,-0.2380532931907146
1104,51.75816,10.61248,-0.2367258324812358
1119,45.623056,13.7875,-0.2363227593566004
1445,35.988277,-77.5843,-0.2358651325286151
1372,46.81826,-92.08936,-0.2343414426092729
730,45.683333,9.466667,-0.2315639420739616
1158,51.748103,18.04931,-0.230800217938711
144,32.5714,110.8839,-0.2267143924186734
918,48.904228,11.948795,-0.2258377927348343
1186,44.564972,27.366081,-0.2247858873823328
525,37.5072,122.1067,-0.2241512943650134
194,33.0706,107.0154,-0.2230805577088739
77,40.7677,120.8695,-0.2210966901779197
761,47.751475,23.605325,-0.2209472362579436
1434,43.68578,-74.98538,-0.2196269502087275
333,45.7478,126.593,-0.2191975027553695
909,49.41123199,14.67638874,-0.2156445598204543
701,46.13167,9.56639,-0.2145123248549751
773,48.40861,15.619166,-0.2142441506538212
188,30.5232,105.5582,-0.2129719587327707
716,49.94498825,17.90953064,-0.2122182272263418
1072,49.634841,9.657919,-0.2119827125686927
1441,31.188932,-85.423096,-0.2107977664850933
678,50.836389,19.130111,-0.2090164406699144
1281,35.76541,-82.264946,-0.2081964441759457
1334,43.05235,-76.05921,-0.2079749137625883
482,31.5031,120.242,-0.2047314927172264
1066,45.263142,27.969506,-0.2038324225994321
1070,48.889039,8.665536,-0.2022263143646424
1369,43.176674,-85.41661,-0.2015766759052014
591,36.61763,114.5129,-0.2013173443706811
143,32.6494,110.78,-0.1993495224415612
493,31.9037,102.224,-0.1983801434655883
898,47.737415,7.309075,-0.1961895613601922
7,44.561,129.61,-0.1938286473031258
512,25.0925,104.9022,-0.1928746506183928
1268,40.026035,-82.433,-0.1920205653714466
526,27.8851,102.2685,-0.1872200100519722
1381,38.548138,-82.73116,-0.1870935455642874
451,26.4365,106.6555,-0.1868915874944223
940,48.248993,16.357079,-0.1850762722993061
1290,35.587143,-83.07416,-0.1850551998026455
85,34.2629,108.993,-0.1850410315097038
1277,39.42689,-84.20077,-0.1836402676721479
908,49.73508453,16.03419685,-0.1829599795894017
706,42.09791019,1.848237224,-0.1822480319622544
925,52.99875,11.73846,-0.1814934111777069
205,41.998,121.6094,-0.181330874109617
407,31.4741,104.7778,-0.1813090701046109
813,47.04735,16.07905,-0.1808220728565159
968,50.889871,6.985074,-0.1800733231781054
25,41.3472,123.8142,-0.1793470537008849
1017,53.187222,-6.121667,-0.1789068977528651
97,35.2375,115.4747,-0.1770533932731797
1037,49.83918762,18.26368904,-0.1754465325021259
1115,59.316007,18.057807,-0.1741162753735539
498,34.7178,113.7329,-0.1731099709506546
846,47.105278,17.556667,-0.1728216161675952
1256,39.48599,-87.40131,-0.1716011042877719
874,45.60822,5.270872,-0.1708066352614182
390,39.9136,116.184,-0.1691848380708172
1349,43.1818,-87.901,-0.1669042891126377
1145,50.42864609,14.91385937,-0.1665836168585851
577,30.6558,104.0219,-0.1659557211392495
1013,49.276386,2.482167,-0.16300122199384
764,45.869995,1.31,-0.1628349857143678
597,25.0441,101.5482,-0.1616127630467688
1041,51.462734,13.526796,-0.1600426695361643
568,38.8959,115.5213,-0.1582156332749783
1318,42.04915,-88.273026,-0.1571231896849833
1317,42.060284,-87.86323,-0.1517175781622491
1440,47.5525,-122.06472,-0.1504537467709922
913,50.08148193,14.4426918,-0.15029891885076
1310,45.2384,-86.994,-0.1494434917707642
115,34.7837,117.2852,-0.1490369688312091
902,45.038831,24.298631,-0.1489581680325768
1102,50.010325,8.451527,-0.1481502251573602
674,50.007629,18.455548,-0.1449241587773731
676,49.224167,4.020556,-0.1448005345649819
424,33.774,113.182,-0.1445254145363551
1132,49.165508,9.224786,-0.1441421206694759
675,48.962223,4.36,-0.1427289477393738
1251,35.59095,-78.4622,-0.1424317800982768
683,45.6725,12.238611,-0.1421807327393981
811,43.39873,6.075611,-0.1420885910826125
875,40.641111,-8.100556,-0.1420628292392749
698,49.77012634,13.36822128,-0.1418300876512851
934,47.5292,9.9267,-0.1415269449302982
1355,39.80933,-80.26567,-0.1408606773563319
103,37.4236,122.1214,-0.1406943197186903
447,31.388,120.953,-0.1388997449615699
1248,41.4271,-80.1451,-0.1386895094971436
1356,39.96111,-77.475555,-0.1377708414816251
79,35.0532,118.3429,-0.13739072141168
1425,40.304695,-79.50567,-0.1346153480485574
695,49.50260925,18.53856087,-0.1337912452513199
18,41.8491,123.7977,-0.1328548041179978
628,34.5023,109.4259,-0.132492830681662
1278,41.24045,-80.66272,-0.1324001166724299
766,45.848333,11.569167,-0.1304195833782842
476,46.7432,82.9994,-0.1298864395941469
863,52.602056,11.850274,-0.1282538591787946
1038,45.696736,27.211622,-0.1273262400209272
1253,48.41252,-92.82922,-0.1271745602285464
1176,44.825,11.649722,-0.1263735482461996
869,47.913256,7.908035,-0.1238912152606317
339,32.0005,120.86,-0.1236957061492609
95,36.1856,113.0844,-0.123015407700888
948,46.6775,12.972,-0.1229753474490499
1375,42.298492,-72.334076,-0.1210213750700015
775,46.06554495,14.51272032,-0.1204593850627873
1351,29.733727,-95.25759,-0.1196075542419028
398,29.7166,106.6205,-0.1185317058404902
184,30.1256,104.6296,-0.1166433470822559
1207,38.748611,-9.148889,-0.1155861815123069
1055,49.73244858,13.40228081,-0.1155026527012265
870,52.800773,10.756733,-0.113712621401924
140,30.2019,114.8988,-0.1130144488527059
931,50.12218857,14.46757793,-0.1124911469581146
745,40.41666666,-0.24916666,-0.1121286344129155
1043,45.411864,28.005967,-0.1111350158786057
791,56.00833511,21.88694763,-0.1107787692015226
737,49.233464,6.987601,-0.10866478238303
824,44.5,11.286111,-0.1079773290099201
1438,35.206112,-111.65278,-0.1074399758747066
66,39.8129,110.0023,-0.1073475546881102
94,35.0888,118.3956,-0.1070089584142265
819,45.6642,8.1598,-0.1066872251665923
0,39.8784,116.3621,-0.1039841944747802
1019,52.437165,-1.829999,-0.1024718527616893
279,41.0026,117.9268,-0.1004951377559923
1286,36.02661,-80.341965,-0.1000929621229963
1045,41.932892,12.506947,-0.0997500148163873
1359,40.46542,-79.960754,-0.0965880259796855
380,38.8639,115.5086,-0.0942301549342624
1,41.1442,123.0485,-0.0924000426873606
642,24.7733,113.5824,-0.0898458350868418
1181,50.30886,2.807369,-0.0896505956929519
973,49.446,7.7673,-0.0896065696651665
134,32.9735,112.5003,-0.0866449661597896
652,37.374,120.399,-0.0854875068887921
165,35.7609,115.0574,-0.0850104278640062
1241,35.507225,-82.96362,-0.0845190052272515
881,51.468662,5.47235,-0.0835638743827156
256,45.3001,130.9762,-0.0834728511210593
804,48.124711,17.125496,-0.0824640230261315
1259,29.767998,-95.22058,-0.0823973213872993
393,39.0927,117.202,-0.0822549612301142
500,30.2798,109.4707,-0.0812016756851639
1021,45.89,0.9,-0.080026159236644
218,33.6406,114.6369,-0.0791075057888951
694,54.124819,22.038056,-0.0783432301333422
602,44.0114,87.2997,-0.0779554830534286
552,28.6542,121.419,-0.0779536425139924
182,36.5446,104.1724,-0.0766783805510335
1422,44.616943,-86.109406,-0.076118147201345
1022,50.775482,3.12568,-0.0735319786890975
1285,30.700895,-91.05607,-0.072211389283731
672,52.420319,16.877289,-0.0718777643631496
903,50.37658691,13.32762241,-0.0712065054453972
845,47.561944,18.960008,-0.0711045062889066
308,30.6217,114.3646,-0.0696355950860349
505,27.5721,109.5981,-0.0664260702145138
1003,48.77586,5.162789,-0.0645235219297541
281,37.8873,112.5139,-0.0643042319493862
957,47.0674,8.46333,-0.0640523633066242
27,40.8434,121.0533,-0.0626321993379467
1089,48.12027778,14.878333,-0.0615858027388077
231,38.4519,112.7383,-0.0612928273310568
320,38.8632,115.493,-0.0611232867648475
1424,42.27807,-85.54189,-0.0572559673956751
1113,54.97825,-1.610528,-0.0563190336964064
200,30.6145,116.9896,-0.0559385848287615
22,43.8622,126.54,-0.0554633560893703
784,55.072222,24.283894,-0.0524972884331234
887,52.039023,4.359376,-0.0510955396039173
1341,29.625557,-95.26722,-0.050824448537427
943,47.05917,15.016667,-0.0507044242697197
497,28.2597,112.9792,-0.0498273816516026
361,32.4625,119.9189,-0.0496090633480635
1190,49.784339,22.756239,-0.0485489513846741
998,48.173194,11.648036,-0.0459398006819765
304,36.6116,114.5302,-0.0451746590400665
1247,35.0608,-83.4306,-0.0451375868385999
370,43.8325,125.1761,-0.0449372351713412
989,53.63074,10.110595,-0.044015424636984
1246,33.342224,-81.788734,-0.0436435973554961
1130,51.47707,0.317969,-0.0423244570491934
976,45.56472,5.928333,-0.0402959787833671
371,43.8447,125.3863,-0.0392999423343202
128,36.1937,117.1437,-0.037334854217516
1165,43.0819,-1.9127,-0.0371892365565885
1404,39.99139,-75.08083,-0.0358532934042903
204,38.8411,105.6985,-0.0354004445089005
520,30.1506,104.6356,-0.0348023845366926
917,47.72514,10.306561,-0.0327290044295293
806,47.128863,10.034324,-0.0309513229021121
365,43.7783,125.245,-0.0305556483008646
534,28.2053,113.0792,-0.0304580834102749
434,29.4758,113.2621,-0.0296008523542741
735,45.475327,4.515003,-0.0292348511588672
686,48.610363,7.781631,-0.0288239422789495
1333,40.06483,-74.44405,-0.0280508322571896
741,59.4944458,25.9305687,-0.0267934874293428
440,29.3547,110.5594,-0.0264044196981151
1208,44.386558,23.733658,-0.0263042807000522
733,48.051117,7.011114,-0.0251070830850799
1437,29.823318,-94.98379,-0.0247655521366713
122,36.8194,118.3092,-0.0239880264970132
812,47.27129,11.4169445,-0.0222644099218514
1078,41.03028,21.33667,-0.0219803883067511
40,32.1059,114.1099,-0.0190604615579331
349,45.7258,126.6411,-0.018994817799154
1184,51.525955,6.97688,-0.0181975795649057
880,45.0028,7.8375,-0.0181626584626504
357,32.1328,119.4303,-0.0176362587986468
1192,42.40538,1.13,-0.0171660697326863
995,53.56414,9.967882,-0.0167288755427123
936,50.85780611,4.288706017,-0.0161748930141708
809,45.83611,8.80417,-0.0159343962915559
1177,43.3665,-5.833,-0.0158815262119978
1354,40.814182,-79.56475,-0.0158641277514571
37,41.7166,86.1972,-0.0146823816170916
1050,46.522,6.63963,-0.0134471044561421
914,52.146264,14.638166,-0.0091555976388945
130,32.1195,114.0775,-0.0086499659204769
789,45.0249,7.6491,-0.0079596382910831
1370,42.51334,-83.005974,-0.0072187088863281
1330,40.92458,-75.06782,-0.0040601577849992
985,49.351124,8.423,-0.0020452056624669
572,38.4418,106.2266,-0.0003570020012373
1443,39.399837,-119.73961,0.0006885651221806
1185,51.536893,7.457409,0.0023568422578658
377,43.9027,125.2863,0.0035594675240323
272,37.0886,114.4704,0.0039924802197287
42,34.6258,112.4267,0.0042140152937447
315,31.8571,117.25,0.0046742632631711
966,51.406846,6.965589,0.0062077563171507
1291,39.9878,-79.2515,0.0063032423838955
544,39.7443,98.5061,0.007356226024371
626,34.3497,107.2058,0.0081851288930185
537,23.7233,114.6892,0.0089904081068307
704,45.569,8.1876,0.0096615898790066
1054,40.62984,-3.17159,0.0118207983215691
270,37.7124,112.469,0.015469632380326
1144,42.58194,12.62361,0.0157358507880872
1149,43.3094,-2.0109,0.0157545376586837
1173,50.900317,5.986853,0.0167690524073444
1141,49.672507,9.001981,0.0174421856133158
1436,28.332226,-82.30564,0.0184604621034112
1360,40.107224,-74.882225,0.0188320575228816
1134,45.736694,21.250808,0.0203285494976495
1020,45.560556,11.539722,0.0209222847173641
965,45.59667,5.918611,0.0243386792337655
326,45.7319,126.685,0.0276211410533318
186,30.2981,109.4978,0.0319734263505112
41,35.0697,109.0697,0.0320076680652818
942,45.55879167,18.69876944,0.0321142979841429
1350,42.51831,-89.06347,0.033581349199455
530,31.2827,107.5277,0.0358265837821289
786,46.80138889,13.49388889,0.036533061495273
792,45.760833,11.736667,0.0396716611519487
1410,29.68639,-95.29472,0.0422644865485898
1040,53.060045,8.916966,0.0434362653065535
1183,51.303394,6.819887,0.048259504530529
1261,35.63348,-83.941605,0.0485978589748423
518,29.5844,103.7627,0.0487406303900258
450,37.197,122.038,0.0499357212472634
1275,41.55523,-81.57526,0.0509875647077295
1153,41.63528,-0.89361,0.0512444278696037
757,43.15333,-4.25306,0.051349273253218
187,32.4287,105.8628,0.0523382127354175
1222,49.23074,7.003174,0.053145825729651
123,34.5578,117.7276,0.0550759516464418
1299,63.7232,-148.9676,0.0553395445574752
524,29.9833,103.0111,0.0614931761921956
856,42.680558,23.296786,0.0615832199933594
596,33.965,118.283,0.0620240631128577
920,49.869422,9.171544,0.0625373341170517
1006,51.27399,1.098061,0.0631345612516261
1376,42.099697,-71.6194,0.0634106616293607
384,40.135,116.6636,0.0656463057649717
573,30.4663,106.6271,0.0660878943753537
1255,38.013332,-87.577225,0.0682214877034535
861,46.765425,23.550258,0.0685364620920136
949,50.81487387,3.322494319,0.0694246797569988
840,54.68611145,25.2108345,0.0696873579453918
1152,50.349608,18.236575,0.0722302891694774
1276,38.81194,-76.74417,0.0723926076904323
873,55.39638901,10.38917255,0.072505932646365
1252,42.416637,-83.90218,0.0728081862576911
594,34.6972,119.3581,0.0729031180001242
1305,46.0519,-89.654,0.0745412316449502
395,39.1082,117.237,0.0749955885961977
1431,40.73614,-73.82153,0.0750920776576492
515,26.8956,112.6211,0.0756229348126071
798,42.404687,12.857794,0.0758127376663748
1444,45.25928,-122.58815,0.0761532739957357
539,28.3169,109.7325,0.0777994115783599
720,47.3456,5.002377,0.0794492393327428
354,41.7653,123.4114,0.0839945412498252
990,42.697918,9.446417,0.0861305615838998
779,45.93766834,13.91156335,0.0861399246749807
288,30.2692,120.1903,0.0871068595992939
739,49.357861,6.73354,0.0885843903409263
459,31.656,120.734,0.0889083424174511
641,24.7791,113.6735,0.0896306003014089
1161,50.876983,18.416878,0.0919543538524287
876,44.99694,11.07083,0.0921877047559846
464,31.354,119.818,0.0926180025601523
631,27.8614,112.9433,0.0939844441987543
2,43.8306,126.555,0.0946354156826549
1264,35.10264,-85.16219,0.0952035675312757
933,46.401944,13.011111,0.0962132300750717
681,48.847917,10.096292,0.0986405262382326
1342,29.583048,-95.01554,0.0997379015907102
1044,53.064262,14.285139,0.1002296874933496
563,29.6038,115.9114,0.1005919585734382
1280,41.420883,-82.095726,0.1015940373675639
414,26.585,101.7169,0.1016328806688978
682,47.809892,7.764528,0.1019783508866143
342,32.1065,118.8086,0.1023382041303127
578,39.1067,117.1941,0.1032390227053197
1242,35.2318,-77.5669,0.1047841082920712
744,43.34639,-4.06417,0.1049897628494116
699,49.45165634,17.45415878,0.1092361455470382
239,46.6365,126.9785,0.1100725055507417
625,33.4022,120.118,0.1110217742901463
1240,53.371306,-2.239218,0.1128439404957545
554,22.5545,114.1063,0.1142635927892343
629,39.8261,109.9486,0.1157833319221662
1294,44.735977,-68.67075,0.1160650000620392
359,41.7406,123.505,0.1188010569970014
1417,41.705227,-76.512726,0.1215919348862632
24,41.2664,123.7992,0.1239722627090979
1279,39.9428,-81.3373,0.1253938628224049
714,53.134088,17.995712,0.1256792537301072
460,31.882,120.55,0.1262286227675831
1002,53.37287,-3.022722,0.1303440619318001
378,43.9166,125.3325,0.1320008342621943
901,48.68817,6.190431,0.1320978088952785
154,32.8605,115.8554,0.1324480030426539
1358,40.24699,-76.846985,0.1326321104594714
1338,38.48123,-77.3704,0.1333156769675981
389,38.0058,114.4586,0.1342493433889045
997,55.862281,-3.205782,0.1343657521859734
895,47.64892,-2.76399,0.1346576269085118
962,45.957778,12.618611,0.1370209833531982
847,41.97833,21.47,0.1377144373456856
1283,35.9359,-81.5306,0.1389669229372537
1297,48.5103,-113.99681,0.1402767337763024
1329,32.726658,-103.12292,0.1407413441841545
831,45.148333,9.940278,0.141680013639237
1058,46.064275,23.563517,0.1429781536803468
1250,44.18089,-85.73898,0.1432117071813392
1039,50.766815,7.973542,0.1433364162011448
107,37.8486,113.5819,0.1444511822863547
1322,40.816,-73.902,0.1480929775714023
899,40.540351,-3.645253,0.1503814923323684
1432,36.60843,-83.73694,0.1519215830758516
49,33.737,113.2919,0.1521552646449118
20,41.8611,124.0436,0.1522068177504485
214,46.0656,122.0392,0.1525419137551929
1421,39.46048,-76.633545,0.153151351552647
980,51.317905,12.297411,0.1549921805766365
750,43.2757,-5.596,0.1558486903552938
1073,48.507703,9.051178,0.1578605374463051
1396,34.015434,-84.60742,0.1579762810651709
1332,35.9138,-81.191,0.1597369309594432
127,36.7023,119.1437,0.1601956887757151
1036,51.360755,9.271233,0.1603784537449787
1311,40.712776,-81.598335,0.1616506892421676
921,48.773072,8.220214,0.1620190802106943
1099,57.810833,15.564736,0.1622286728156804
317,36.6734,117.1265,0.1662344497453078
1269,44.351696,-68.22698,0.1708433441454012
136,34.4045,115.6458,0.1713677279693202
1071,47.664361,9.169289,0.172339468865767
770,45.4512,7.878,0.1729235332856956
1374,42.19438,-72.555115,0.1744589111007525
467,29.334,120.04,0.1754530279169802
1214,45.297325,27.949461,0.1758445587550363
1386,41.81305,-88.07283,0.1767108970021487
1304,34.474525,-85.408844,0.1772348057585885
472,35.176,113.2467,0.1776749272173494
1260,32.82006,-96.860115,0.1781109892592083
566,28.0089,120.634,0.179526760226676
785,60.608299,15.6294,0.1795565184959475
612,24.6947,108.0497,0.1800982530074888
977,45.154075,26.818619,0.1821951656803419
1093,49.107502,6.122775,0.1836927677411579
59,30.8023,106.0789,0.1843874975905833
547,44.5782,129.6115,0.1859855214943202
221,35.4897,112.8676,0.1862384037917412
953,45.69802778,18.83463889,0.1862876300603268
1282,35.500103,-82.59986,0.1864505894548526
1267,35.85611,-78.574165,0.188151710193349
747,46.671307,5.556806,0.1904206580890885
1324,40.283092,-74.742615,0.1905999323500257
21,41.3094,123.7169,0.1909339868600788
964,49.300731,8.700103,0.1911483228420936
161,35.7511,114.2956,0.1923517061786998
849,47.676111,17.649736,0.1935677516963093
1274,41.53694,-81.45887,0.1935882165031513
473,26.6272,118.1756,0.1942583861403927
448,31.172,120.658,0.195180006590004
939,46.23451421,15.262476,0.1952749336059577
1100,50.85671305,4.425760659,0.1955822285368619
1293,35.614132,-97.47508,0.1958049528879589
1391,39.749027,-86.18627,0.1959892117851586
1287,36.109005,-79.802315,0.1960216943365814
299,34.80246,113.67526,0.1971493873172266
1449,27.946688,-82.731766,0.1987677698079913
227,37.7067,112.7249,0.1992217954979835
621,27.583,110.0394,0.1996059783847707
325,33.5981,119.036,0.1999206886469021
780,46.58967,11.43317,0.2017065437654726
1271,40.0877,-82.95977,0.202879163585666
138,30.2313,115.0601,0.2058621370363495
1382,38.06503,-84.49761,0.2069237424321056
206,42.0224,121.6717,0.2094131050621725
1010,53.56292,-1.510436,0.2099240487229895
774,47.40555556,15.36083333,0.2115273528981372
185,31.6908,113.3833,0.2137188463668005
225,37.6945,112.7532,0.214887171794962
1114,51.45258,0.070766,0.2150027799015444
941,47.04027778,14.330725,0.2153857851753521
583,41.7347,123.2444,0.2184985363991453
10,44.5462,129.6386,0.218945360148284
639,33.3942,120.156,0.2202052967965279
1025,40.67354965,22.89343834,0.2207086818092136
307,30.6189,114.282,0.222636243140758
159,30.6618,117.47,0.223676885123868
891,42.516944,1.56525,0.2238033542993348
358,41.6989,123.4231,0.2243873714998311
278,39.5111,116.6708,0.2256785382887101
1193,42.39197569,2.842138412,0.2277533743767903
244,46.8032,130.3648,0.2281380037680882
1455,38.23887,-82.9881,0.2281920831341464
148,33.5698,114.0261,0.2281983757173429
958,47.0495,6.97915,0.2299680425232067
1027,49.90167,2.304597,0.2305569795923593
709,52.407578,20.955928,0.2315804921548557
197,38.2839,109.7289,0.2315875434834896
1082,50.16443,9.399441,0.2320921799662612
1345,41.97639,-72.388054,0.2338122740532417
884,59.20243,9.4871,0.2338746289416476
992,47.538193,6.868361,0.2350328638243627
1162,45.96141,4.465711,0.2362105962073852
346,32.0309,118.8109,0.2369591413530328
496,26.5939,104.89,0.2371057048583511
6,47.2988,123.945,0.2385935298174543
815,49.028057,2.750278,0.239361933221557
1224,53.74878,-0.341222,0.2401163327497614
712,52.029194,23.149389,0.2407691372124429
1154,41.66638888,-4.715,0.2416615333645751
1042,53.924712,9.532635,0.243069485944312
1284,32.535294,-93.74704,0.2431623065780263
1393,33.578335,-86.77389,0.2436390205030342
12,46.586,125.153,0.2438843353218162
1395,33.545277,-86.549164,0.2451966414118048
51,30.7856,106.1064,0.2455744668259235
338,31.3708,120.641,0.2468775238515754
1323,43.14618,-77.54817,0.2470011425736292
1301,34.785217,-84.62643,0.2473421709199089
439,29.1217,110.5319,0.2481627795363428
329,31.3008,121.467,0.2494684293590683
481,27.8403,112.9118,0.2519744252298309
294,30.7478,120.726,0.2526134731187376
1296,43.4351,-89.67979,0.2544488381500094
1227,41.636078,25.379683,0.2551694431310535
141,30.2092,115.0307,0.2555443223624661
1210,47.068717,21.927233,0.2559782501261955
959,47.513333,21.624444,0.2590544902433436
1194,49.18742,6.910867,0.264018576357735
216,41.7325,125.9446,0.2666073255119544
113,35.4216,119.523,0.2687159779679636
183,31.7275,113.3583,0.2697913929749374
1031,45.226667,11.665833,0.2711428878815888
868,47.739919,26.658519,0.2716046318596895
1018,45.000278,9.009444,0.2728060974956791
52,30.3197,112.2494,0.2728375852874626
1086,50.13577,8.92157,0.2738964579045338
458,31.381,120.999,0.2740904199097524
374,43.8805,125.3297,0.2741352886284671
696,49.91351318,14.7826252,0.2743531862338104
1101,42.056383,25.59345,0.2750344036779992
1347,37.71325,-119.7062,0.2756606732308098
729,46.072224,5.820833,0.2765882968336509
1110,53.40337,-1.752006,0.2766257651305184
499,34.77172,113.73961,0.2772912259929143
60,41.0971,122.9642,0.2778746350930396
542,27.7569,111.9561,0.2780726264262171
1135,52.22174,-2.736665,0.2785931609137106
454,29.6963,118.2903,0.2796517545649375
1408,40.3663,-80.6158,0.2801591313829135
1187,43.285,13.42861,0.2802250279998271
829,46.143173,-0.396042,0.2810477366445713
634,36.6428,101.748,0.2827266739816842
663,31.6449,118.5024,0.2839736905097653
928,51.5645,14.3764,0.2850551652263092
553,24.8978,118.5972,0.2909632982929596
1399,32.362606,-88.27799,0.2928818155358858
579,30.0003,120.5483,0.2936357525450775
752,45.3189,8.4024,0.2936577189564502
632,22.5311,113.0219,0.295042898243934
689,43.25055555,-2.155,0.295694873390645
850,42.637192,23.243864,0.2958539711900762
1133,49.07655,8.40666,0.295869215673996
765,45.809998,2.06,0.2964493067156273
802,49.119442,6.180833,0.2979557853729045
1005,44.7037,8.0333,0.2991482918952763
437,27.9153,113.0048,0.3004421736734498
795,48.2702,16.2972,0.3012347905010495
1454,39.96528,-76.69945,0.3017252054410606
348,32.0551,118.7538,0.3022524553634637
421,27.8246,114.9231,0.3033275370966264
1097,51.05833172,3.729298172,0.3033901220187289
257,45.3039,130.9429,0.3042260942064869
337,31.3097,120.669,0.304513684743197
1124,45.690278,9.643889,0.3045646120887201
14,31.6837,118.5092,0.3065907828672358
600,26.5917,104.83,0.3082960758053526
64,40.6821,109.8538,0.3102145171616582
732,45.9225,6.87,0.310755783584027
670,28.687,115.8518,0.3109365726112097
814,45.79728,3.113833,0.312718430351261
837,44.73473,9.36693,0.3132760626631111
1312,32.364567,-88.73149,0.3135094896135642
866,50.979455,11.037924,0.3136681184293999
1107,50.6134125,5.570222814,0.3144293848774058
58,30.8064,106.056,0.3144809077781439
618,28.4436,117.9756,0.3179186862736463
280,40.9763,117.9392,0.3204080456272019
993,47.62,6.157611,0.3215098787613605
718,41.096667,-8.555833,0.3215186798966803
677,43.2561,-5.7759,0.3215236547295902
425,29.9572,121.713,0.324065580661238
854,42.666508,23.400164,0.3249995265825615
1397,33.331112,-87.00361,0.3271396319382321
149,33.5698,114.0055,0.3287345516735767
912,50.04613113,14.33141327,0.3310717421658722
84,30.6306,104.1122,0.3321274389458438
1108,40.3419,-3.8337,0.3342784566380823
558,29.7535,116.0721,0.335179852860077
1206,45.238642,19.835704,0.3355623407410847
620,27.7314,112.0194,0.3360460293965479
546,30.9285,113.9153,0.3362723346187393
438,27.8336,113.251,0.3364401970896476
1420,35.158688,-78.728035,0.3364851805663455
988,47.34414,0.653778,0.3367808304590591
152,32.2786,118.3244,0.3383817714717467
1170,43.5915,3.88681,0.3400652647210795
286,33.9528,118.293,0.3413193946878072
749,43.313,-7.6937,0.3448332848476963
382,39.9295,116.3392,0.346492113193633
33,34.3739,107.1186,0.3472760470200299
665,31.751,119.579,0.3476293173915961
1380,44.310555,-84.89187,0.3489567259629628
864,42.90056,13.33667,0.3494026687076334
17,41.0821,123.022,0.3502963726533667
368,45.5419,126.979,0.3504147488578511
1155,43.26444,-4.06278,0.3505793731322136
1446,43.670834,-110.59947,0.3511844359312439
1303,33.588547,-84.06961,0.3531035231413481
162,35.7306,114.2878,0.3553620090330214
862,51.921389,4.401389,0.3572508623701698
740,45.474156,28.034406,0.3573021571391075
1429,40.689255,-122.40219,0.3582613052733949
285,40.8033,111.6572,0.3583275200659919
911,50.11108017,14.50309563,0.3593033561511085
269,39.6973,106.8174,0.3597380824451112
1383,39.117218,-94.635605,0.3598761710833622
353,41.7867,123.4678,0.3600835350779678
727,47.651725,23.570508,0.3607879104550204
1223,47.0677,8.30068,0.360835943250085
662,35.4887,112.8508,0.361233431525148
839,48.247222,20.616403,0.3614061327591395
523,29.9775,102.9905,0.3622115609672877
207,41.1953,123.2,0.3629806760926931
1075,44.319639,28.610292,0.3630702833046613
1411,34.623238,-82.53206,0.3632936001639893
155,31.737,116.5079,0.3639837615660727
522,36.1758,117.1089,0.3651223508972847
1327,40.8679,-73.87809,0.365827498391145
587,31.9996,118.7356,0.3661403922874704
1365,41.61524,-71.72,0.3666355912749956
1004,51.52229,-0.125889,0.3668177708473579
680,44.9089,8.2055,0.3670136726575115
1116,51.34879529,4.339709947,0.3679775054312669
878,43.293137,5.574184,0.3684799997280952
1363,35.96497,-84.22317,0.3707083795533415
783,41.669172,13.674326,0.3713744733139606
971,49.438464,12.548869,0.3713827870543839
125,37.5639,121.2514,0.372219231271389
999,44.98375,26.015214,0.3734648508209786
1065,48.947611,13.420573,0.3737987617172381
1243,35.438557,-81.27675,0.3745304839499813
615,37.6828,112.7195,0.3748660147553168
99,40.0844,113.2711,0.377587160061107
300,34.81334,113.56746,0.3781618836727533
1371,27.189215,-81.34035,0.3784625865398134
369,45.8167,126.561,0.3802363203810366
1064,56.2904,8.4274,0.3806095100359603
1387,33.317142,-86.82575,0.3814565889780555
778,45.54301186,13.71352366,0.3814762044826977
293,37.7394,112.5583,0.3814970730469723
1452,40.27813,-105.54564,0.3838529105963096
72,40.1461,124.3933,0.3846394046838988
1156,43.40444,-3.84194,0.3847816519318201
756,43.16832,-2.63794,0.3862846128412847
1361,41.44278,-75.623055,0.3869281178231751
946,48.930932,21.913705,0.3878280041762301
462,31.955,119.18,0.3886969700602848
44,36.0681,114.361,0.3904843090349059
555,31.7231,118.5228,0.3906706516682137
275,38.2991,116.8842,0.3927866139385937
1319,39.866833,-88.92559,0.393390882253729
160,35.9019,114.17,0.3947569091610474
588,35.5934,104.6194,0.3960711828098326
1146,49.514959,8.402331,0.3980290128973437
312,31.3019,120.591,0.3989504798632352
1081,51.90158,10.48132,0.3992160825044901
728,49.442356,1.093789,0.3992437070656859
1245,33.81468,-80.781136,0.3997866302083174
1364,36.060894,-86.28629,0.4009011949170042
435,29.355,113.2117,0.4012166183054056
1016,42.42212,12.109196,0.4017433915826175
1292,35.320107,-97.4841,0.4026453155804432
1188,53.59617,8.09059,0.4047077788875384
153,32.8929,115.8277,0.4057081162911882
963,49.462229,11.0248,0.4059622694019308
1401,30.681719,-91.36625,0.4095780592210437
1306,44.70735,-89.77192,0.4111031612244418
343,32.1028,118.9125,0.4112569118311759
490,36.864,118.78,0.4118377722132915
1257,41.182465,-81.33048,0.4121016442617345
175,42.8328,93.4961,0.4124251787975119
617,39.0845,117.1589,0.4130319702057097
19,41.8822,123.9161,0.4136855856659849
108,37.8703,113.5614,0.4163105345723862
560,34.343,106.0055,0.4175510468991579
1409,43.54792,-96.70077,0.4186731574840298
790,46.835,14.84361111,0.4188654588962934
838,45.1391,7.0501,0.4192468995890414
707,43.230297,0.062339,0.4192995309141013
1067,51.651166,12.302866,0.4208506286599994
609,23.7256,109.2203,0.4212771983134532
1403,29.939613,-89.92388,0.4247479819460811
822,41.99917,21.44084,0.4258822225146142
360,40.7612,111.717,0.425891219476297
832,48.53111111,14.57472222,0.4267452855720738
1412,29.901035,-95.32613,0.4271673501948305
556,29.5698,115.9773,0.4275049139822101
507,27.2272,111.4328,0.4281802075470686
71,40.1503,124.4256,0.4287754179139123
157,31.7905,116.4996,0.4289584099455071
1390,38.65643,-90.19835,0.4291378473320601
258,47.3416,130.2537,0.429558209860228
533,30.5366,105.5861,0.4299567154242386
858,42.732292,23.310972,0.4302312005969599
501,26.2081,111.6217,0.4309038468162303
1231,46.34072,2.593945,0.430953235276545
1447,40.74529,-73.41919,0.4313930547986234
334,31.2284,121.533,0.4332499500487139
906,46.08253,10.95804,0.4333993976203114
1026,43.623608,1.438531,0.4373722862189645
571,25.0492,101.538,0.4382755488084615
916,48.397079,10.008293,0.4384616137252707
1028,44.39703,8.20604,0.4398387901022972
1340,29.723333,-95.63583,0.4399649386905613
426,37.3753,97.3731,0.4417316670568697
627,22.5978,114.297,0.443477590482651
1239,45.248889,10.299444,0.4445808215411882
180,36.1911,113.1569,0.4446616840372077
39,35.8735,120.0405,0.4455197555838229
264,47.4311,128.5159,0.4464142938902835
654,28.4586,119.93,0.4479610980339147
372,38.8661,121.5213,0.4487257938191514
263,46.5656,131.12,0.4495474534701508
1244,34.09396,-80.9623,0.4504682516711543
776,46.651838,16.196777,0.4508094661410207
970,51.698954,7.122684,0.4512242556045733
570,27.9939,120.6748,0.4523444837216968
83,34.3731,109.2186,0.4566199046830914
234,42.8845,125.1358,0.4605040027643526
886,53.246535,6.608937,0.4621453372071875
1047,51.862042,6.874469,0.4650189924285512
1348,34.454514,-94.143524,0.4663470407495661
1033,45.038333,9.669167,0.4666361512852079
26,41.0879,121.1115,0.4680026872524742
710,49.23290634,17.66717529,0.4686647915846695
1407,41.965195,-87.87627,0.4693552566253456
688,45.1828,5.7531,0.4694885272384732
298,34.77134,113.65724,0.470497515916837
961,50.79664963,4.358623958,0.4709258545722978
860,43.28334,5.511384,0.4715339111106614
751,49.259552,2.474397,0.4725870007332113
341,34.5885,119.176,0.4739277551844143
427,30.6465,111.3549,0.4748871856101845
1378,42.474644,-70.97082,0.4751672870300817
1076,47.3868,8.53981,0.4759527286002522
461,32.6524,117.0067,0.4771529856785877
409,27.7844,114.3956,0.4778348199095814
1406,41.644066,-83.54616,0.4788773747827121
1024,47.054443,-0.886111,0.4790949171165806
1169,45.84299,13.54308,0.4804428110680567
821,45.1758,7.5602,0.4805676570760126
471,29.7091,106.4522,0.4806850605918774
935,50.88369465,4.382977505,0.4813563518236892
87,34.2322,108.8922,0.4816970906235622
232,37.5211,111.1406,0.4828415830056403
291,37.8195,112.57,0.4828624198719259
1046,40.33639,-1.10667,0.4853247016027649
30,36.6106,109.5056,0.4875768767002297
1120,50.94535924,3.15240159,0.4882758938239914
1453,32.41281,-86.2634,0.4919383853710797
170,35.5461,106.6692,0.4926308843988501
848,46.62936,14.28931,0.4929194593810905
1428,30.260279,-81.45361,0.4931559854156568
1368,34.530716,-86.96754,0.4939919299060343
245,32.633,116.8281,0.4940846967965336
226,39.9289,116.4174,0.4950997817371018
1367,41.3014,-72.90287,0.4963387543762971
80,40.6532,109.8756,0.498064548796933
599,32.3153,118.3093,0.4986327851172509
717,43.404011,21.947746,0.4996722606224902
48,33.742,113.3257,0.5035573919731688
181,34.5538,105.8945,0.5048869801420972
827,45.193889,9.164722,0.5050593534642536
190,31.2124,107.4644,0.5057304209971358
347,32.0745,118.7794,0.5059960825762712
486,45.6094,84.895,0.5066499518525928
944,47.04472222,15.15277778,0.5069091550079974
1008,45.42009,4.395422,0.5078866949552938
3,47.3636,123.9305,0.5082083738383976
158,33.8518,115.7789,0.5108165753744031
1237,41.9356664,2.238568301,0.5127759968752955
15,43.8245,126.5052,0.5131396471914942
835,48.39167,13.67085,0.5155442988680569
731,45.0419,7.6259,0.5186857483496646
364,38.9511,121.565,0.5190562435310365
29,36.6028,109.4761,0.5194248020695056
445,27.6253,113.8493,0.5205421594932558
1128,45.371944,11.841944,0.5209025382093192
1314,30.085262,-93.76134,0.5236551143712066
956,44.9513,7.6362,0.5237842485308651
271,37.0851,114.5237,0.5240041973865723
1084,52.25534,8.05286,0.5240676899702835
242,32.8911,117.4185,0.5240747840562313
131,33.6128,114.6613,0.5247335439356677
241,32.9427,117.3605,0.5259924258486832
828,43.9275,12.224722,0.5267882315289198
660,36.1851,120.3905,0.5306813696436237
491,43.941,81.3364,0.5308752305165264
726,43.3069,-5.7057,0.5318993126614932
633,36.5819,101.834,0.5345076338392907
1196,44.938125,26.044994,0.534567405575671
926,52.644169,13.483079,0.5346920260415967
1263,36.019184,-83.87381,0.5348504056893797
1150,51.799722,16.3175,0.5372833553815007
283,33.6067,118.989,0.5373963624978145
734,43.310833,-0.391111,0.5375712196045929
548,28.9666,118.8709,0.5383313493862248
954,67.878588,21.062962,0.540284803652249
889,50.74823,2.25978,0.5410989507722362
345,34.2384,117.1918,0.5411812043101738
492,26.3108,117.7275,0.5433555996091505
543,29.315,110.4417,0.5449593634256101
1056,43.1788,-6.5527,0.5456407590627474
314,31.8707,117.2588,0.5460748943780501
769,41.47676936,2.088977264,0.5495537800675254
100,36.1989,113.1031,0.5517122427079483
651,23.1522,112.5544,0.5565501750077815
922,47.649258,26.249011,0.5569475153782462
1032,45.60222,9.27611,0.5585332844971312
328,31.1654,121.412,0.5591977673122008
606,27.3033,111.5239,0.5612985066886899
1138,52.401352,13.059945,0.5614622399235903
8,44.5963,129.5904,0.5628082756201864
657,29.8279,106.3787,0.5631381007788671
289,30.4183,120.3019,0.5637783483645045
139,30.2006,115.0817,0.5648547487907593
540,28.2558,109.6414,0.5687937630976803
915,44.4122,8.1695,0.5697738434361495
118,37.3803,118.0062,0.5702212843992217
950,50.46519216,3.939714326,0.5707031864667914
237,50.2341,127.5144,0.5716857670828694
444,25.2697,110.2819,0.5737511385255796
167,30.4742,114.9028,0.574204955483278
1121,50.85205095,4.347777506,0.5754194771320414
1451,33.9828,-111.79871,0.577900040481667
748,43.2941,-5.6796,0.5790653870682715
1254,34.002747,-89.79919,0.5795711914085887
664,34.6692,112.3628,0.5800268022855851
145,32.0564,112.1392,0.5821995046403217
1197,44.429489,24.351389,0.5846476480170791
859,43.305286,5.394716,0.5853866381659605
61,41.0931,123.011,0.5854518425371924
1423,35.43477,-83.44213,0.5862461136894132
907,49.40159607,15.6102457,0.590325573583107
196,38.2911,109.7456,0.5922261827888493
163,35.303,113.883,0.5929998323216588
755,51.259431,22.569133,0.594245227945166
470,26.2714,117.635,0.59427145022214
386,40.217,116.2296,0.5956808336491608
480,27.5002,114.0997,0.5958726165977315
1060,46.564369,26.910667,0.5982999081373377
610,30.8955,120.0875,0.5986937205839766
759,45.84083,9.34889,0.5997086775333861
211,41.5881,120.4318,0.5998581588213693
156,31.7643,116.4738,0.6008102649278942
1178,40.39472222,-3.73194444,0.6033634799042079
198,32.6939,109.0281,0.6041083207503282
36,34.493,109.4636,0.6068202331190278
1000,48.021657,12.538174,0.6068553816669566
896,43.1804,-2.2682,0.6073439970727624
1063,48.326013,10.903051,0.6133372128533692
322,36.6114,116.9862,0.613876743222403
135,32.9692,112.548,0.6140393164692934
63,41.1196,123.044,0.6151396157144645
284,33.5039,119.135,0.6176992763418552
252,45.1214,124.8006,0.6185860695871629
1366,42.86183,-71.878624,0.6195652264758723
703,50.02403641,15.76354885,0.6201792644041241
1229,47.3815,8.56592,0.620251733396119
1258,41.606663,-87.30494,0.6207960031473174
88,34.3474,108.935,0.6221309326276309
1265,35.233475,-85.18158,0.6225411431075325
1300,33.43395,-84.16181,0.6240193991592383
102,36.0783,111.5531,0.6248680889240253
843,43.223044,27.587239,0.6253134197741145
73,40.1092,124.3633,0.6254846402595554
112,37.4309,118.6614,0.6267022479778318
449,31.155,120.636,0.6268169706286149
645,36.7019,119.12,0.6295821946273644
277,39.5269,116.7244,0.630760886202142
561,29.6547,116.0172,0.6323162519074191
16,43.8358,126.5844,0.6329191868741793
318,31.8403,117.1318,0.634066254766204
1147,52.115725,21.237297,0.6371920951223318
1143,52.411563,-1.560228,0.6374387728994779
69,40.6655,122.167,0.6377827322569961
1442,32.52127,-84.94463,0.6380752648427654
350,31.7069,119.9468,0.6384326105509224
1288,30.229652,-90.96563,0.6406185200526279
151,30.9743,118.7385,0.6407335170206521
736,49.254344,6.867744,0.6408965034564249
483,38.5167,102.1692,0.6430448647774257
590,37.9844,106.2025,0.6457420480028864
1419,41.645382,-70.89751,0.6462836520707613
705,45.5588,8.0564,0.6466929486471532
1337,38.20087,-77.37742,0.648197442666128
1335,42.09142,-77.20978,0.6483670403298807
516,27.5342,109.9781,0.6512626914785583
120,36.8103,118.0414,0.6513389435951018
212,41.5646,120.4521,0.6537302787077142
38,36.6868,117.532,0.6545088117680955
268,30.6764,104.1419,0.6601752220886965
981,50.731478,13.75145,0.6602831567655136
210,42.2217,123.7153,0.6611093530473159
86,34.2173,108.9356,0.6641283436801593
1139,50.66109467,14.04306316,0.6642286455339048
262,46.6554,131.1524,0.665433907906279
81,43.831,87.6432,0.6678047901569926
1427,39.52508,-119.80772,0.6678427351934019
653,29.6277,106.6556,0.6684711604815781
1142,46.632142,27.730886,0.6702969543133727
261,46.6191,131.1652,0.6705363094980612
1030,50.5976,-3.71651,0.6709813271467114
114,37.4674,116.3032,0.6745176679418871
938,56.672901,12.8576,0.6746830934294445
1362,41.265556,-75.84639,0.6757056712748412
224,39.3197,112.4258,0.6773973055506255
1195,50.0075,20.259167,0.6819862627666627
1198,51.067439,19.448694,0.6827572779047374
857,47.430833,19.184175,0.6829972178077864
251,46.7975,130.3258,0.6852983257196305
742,45.871406,22.908594,0.6856445336917257
1074,43.5512,-5.9197,0.6862240228552229
31,34.3017,107.0708,0.6866517518886152
324,40.8369,111.7516,0.687052420206705
109,42.2816,118.9233,0.6920571500720945
1035,41.554167,14.674722,0.6945771741157755
945,48.27329,14.31479,0.6950479117055374
753,42.33611,-3.63611,0.6952039864568486
893,45.7789,4.9247,0.6956612464211028
1111,47.47706,11.05722,0.6986883909508665
715,43.6287,0.179069,0.6990384052185045
1088,42.05134069,0.729555647,0.7017483904918431
116,37.4451,116.2991,0.7020978735964354
646,36.6331,117.9592,0.7021153116592452
1402,43.656765,-70.629135,0.7023966881503098
404,24.8886,102.8204,0.7034081717687336
176,41.1551,80.2613,0.7034704424295488
1048,43.5589,-5.9275,0.7037761354902964
1213,50.676856,17.950278,0.7040424771344944
833,47.71611111,13.63222222,0.7070583792945211
124,35.4209,119.471,0.7082718075039568
818,45.772167,3.0875,0.7091224560953036
46,34.7965,114.2885,0.711262994800357
301,34.7525,113.64164,0.7120477725682887
306,39.9499,119.5897,0.7127958397304972
1182,51.839382,10.790143,0.7149600719222138
871,54.436985,12.721938,0.7151533701258516
1160,42.36831811,1.776783258,0.7153100943388224
465,31.737,119.579,0.7161581908160946
559,29.7046,115.9584,0.7165510488147323
1052,57.70902,11.970241,0.717008590294269
129,36.2017,117.0885,0.7202474866811928
311,36.6868,117.0624,0.7224649586467707
297,36.3083,120.3999,0.7237960850895732
68,40.6511,122.215,0.7252590679507873
1172,46.162556,-1.153603,0.7253217453039962
782,42.157856,11.908954,0.725459764342334
582,29.5462,103.7723,0.7299820127173048
469,30.8388,106.1087,0.7311201566652256
111,42.2554,118.8788,0.7327381833892007
400,27.0999,114.9658,0.7349810637575082
391,38.8394,117.457,0.735217025270948
202,41.2991,123.149,0.7355600624104346
169,37.9251,102.6201,0.7361338975568581
164,35.7636,115.0312,0.7374476634901294
229,35.0147,110.9956,0.7378824629029166
637,36.913,121.531,0.7409533056620119
406,30.1819,120.2697,0.7428483076640958
1118,50.65844442,5.627835291,0.7436260025408511
488,43.9174,81.2996,0.7479379888707898
336,31.2472,120.561,0.7496551720437774
581,42.0353,119.2658,0.7496897401615021
1085,46.541047,24.559642,0.7508262991263219
622,39.2474,117.7918,0.7523500684536323
468,47.8517,88.1264,0.753134354980345
1435,41.49212,-81.67845,0.7533969450701523
932,43.322554,21.919025,0.7536970402110261
106,37.8731,113.4894,0.7537470707542033
502,28.1322,113.0178,0.7547619179345129
1379,32.50996,-92.046196,0.7555958801752943
266,48.471,129.5029,0.7558667453331233
443,49.2261,119.7594,0.7565365956651094
1219,47.60472222,15.67305556,0.7578039923827495
613,30.7525,120.7846,0.7578839094839608
551,33.015,114.0114,0.7585135117082955
89,34.1978,108.985,0.7593990304350867
1083,40.314518,-3.716868,0.7594468859212212
104,36.0714,111.5028,0.7596167857723182
76,40.7514,120.8392,0.7605249825422015
564,29.8566,114.2936,0.7606092673647168
385,40.3275,116.6275,0.7613389406630278
399,29.4572,106.3754,0.7614894803922859
356,41.8411,123.5903,0.7615634813919107
455,36.885,120.515,0.7617637233098786
45,34.7781,114.3389,0.7627683024000889
1137,44.82112,20.459113,0.7627723540243374
1216,51.54052,5.85307,0.7641577610514022
43,36.1017,114.3551,0.7658102502480607
62,30.7236,103.9728,0.769107252625672
383,39.9611,116.2878,0.770006913572459
310,36.663,117.0495,0.7717171190373406
201,30.5119,117.0331,0.7732994403548024
203,43.9311,116.0781,0.7741715462970906
644,37.4658,118.5019,0.7742318821649271
355,41.8467,123.4264,0.7744382206558252
535,28.19,112.9394,0.7750760210394402
592,34.1781,117.1694,0.7757438680225529
1205,39.48963,16.3868,0.777250994396968
1394,33.553055,-86.815,0.7791012310823523
429,36.0022,106.2792,0.780433774156582
192,33.8715,109.9154,0.7805844950742366
1061,50.048397,10.232076,0.7815995541647993
494,25.7759,113.0348,0.7817149821238614
1203,40.71099,14.70244,0.7825395641037762
133,32.9917,112.5192,0.7827985209409067
1106,50.84971052,4.33410368,0.7859490088256851
50,34.7752,111.1922,0.7869498295250734
396,39.6506,118.1705,0.7897708497303233
1400,30.439722,-84.34639,0.7904168138186445
711,49.04781723,18.00782776,0.7907916866104415
228,37.6982,112.6991,0.7910995977742578
1298,64.84569,-147.72742,0.7917410111963641
1249,36.306965,-79.09197,0.7938608805447039
1233,47.30737,5.065881,0.7940561006165007
91,38.4975,106.2328,0.7943534835782108
303,36.5713,114.4918,0.794908419298983
405,28.7562,104.639,0.7951632982318461
290,37.9854,112.549,0.7977024989325163
692,47.660056,9.485675,0.7977612802344634
387,39.6334,118.1725,0.799604359725657
98,40.0917,113.3444,0.8017535241391492
713,53.028647,18.666103,0.8020472556212608
771,43.3583,-5.8664,0.8023679621671078
420,28.1136,116.9822,0.8038131093171245
643,37.4442,118.5857,0.8057072987285555
1151,51.939783,15.518861,0.8063524682233316
1430,38.85287,-77.63462,0.8068557864044767
1171,43.5166,-5.6707,0.8110893830366533
608,27.5444,109.9453,0.8112900663098211
484,35.546,112.8453,0.8113845605084397
1167,44.92008,2.441082,0.8160736088421285
1228,46.9631,7.46252,0.8189068786343588
453,26.567,101.7227,0.8210837823694541
485,31.0201,103.6202,0.822313257805779
1220,43.25811,-2.97344,0.8226269419249455
351,32.4639,119.888,0.8231750167712311
508,28.1308,112.8908,0.8241964960453708
557,32.6389,110.7258,0.8244640215064182
648,28.3611,112.9581,0.8248620215536386
254,45.1722,124.7965,0.8248843537372833
240,46.6528,126.964,0.8264518734180483
531,29.5822,105.0406,0.8267870569275493
673,49.419528,8.6767,0.8271060903016086
70,40.0625,124.3303,0.8271918619349278
253,47.3086,130.2684,0.8282199596824095
276,30.8669,120.0751,0.8292754106222647
589,41.0385,113.1076,0.8299371680116259
1164,43.675114,4.62921,0.8305126094361197
415,28.9634,105.4324,0.8313096693514428
265,47.7412,128.9102,0.8326084469724732
150,33.5699,114.051,0.8341411234074008
67,40.7094,122.2703,0.8342513924430492
1091,46.708333,14.891667,0.8349041724776296
119,37.393,117.9776,0.8364085978011225
1346,39.4125,-107.23056,0.8376575708538001
640,29.6815,115.9872,0.8377512961820749
724,43.32074,-3.11272,0.8378102659458495
457,36.253,120.014,0.839972607055165
656,36.0822,111.5169,0.842907818334376
614,32.1873,119.4424,0.8431323804625129
987,49.052284,8.253538,0.8450261908711386
1131,46.112775,24.22805,0.8473630384226624
669,29.4251,113.1493,0.8489699298239829
506,27.7344,109.1839,0.8513200131958304
249,30.97,117.8483,0.8558994850357761
567,26.0746,119.317,0.8560951288856006
137,32.9771,113.9976,0.8575555783142921
392,39.0343,117.707,0.8579652296476252
305,39.9041,119.5251,0.859712027342531
273,37.7541,115.6838,0.8602555630470867
1405,43.577602,-116.178154,0.8629176798791893
110,42.2728,118.9576,0.8636702945614609
647,36.8406,118.0253,0.8651827475531647
179,44.3075,86.0697,0.8676189637079867
327,31.1907,121.703,0.8697416715969603
213,43.1713,124.4002,0.8733513947740607
394,39.1661,117.1444,0.8743478773241955
191,31.8896,102.2502,0.8828515752477911
649,28.793,104.6055,0.8830701901866476
1448,34.264915,-88.76622,0.8831094081096789
630,27.9119,112.9074,0.8858276842307824
1450,43.34317,-87.92087,0.8883894445616343
1109,54.334944,-0.80855,0.889694135949192
105,37.8572,113.5758,0.8901436546116046
1215,53.694628,19.968892,0.8909121797908992
586,35.7668,115.0,0.8926603686528913
487,46.098,85.6979,0.8980335994272954
74,41.1489,122.0303,0.9006417288823011
585,31.2864,120.628,0.9014068936179565
366,45.7667,126.635,0.9058365536078674
56,31.1208,104.4239,0.909304117542756
1204,41.886019,12.541618,0.9094433862008666
659,36.0855,111.5018,0.9095700393679552
521,30.5944,114.3014,0.91290912778693
177,39.4467,76.0072,0.913009488330602
402,29.4906,106.6349,0.9149629459515568
1123,45.714444,11.368611,0.9154809140086668
517,27.5578,109.9972,0.9191881258660192
638,23.0822,114.4053,0.9205728161002168
1094,55.46333313,26.00416946,0.9268809457288502
463,31.909,120.237,0.9303726667636416
466,31.4,119.46,0.9339786661269222
1009,55.79216,-3.2429,0.9348853783384568
388,38.0178,114.5331,0.9348912980968744
259,47.3388,130.3114,0.9399597467945612
267,46.8028,130.2751,0.940005262354472
1212,42.36417,13.38306,0.9422501113893028
955,47.4067,9.39438,0.9453316789655228
1211,42.736572,11.87643,0.9527390601861102
431,29.8253,106.4213,0.9574335209660724
611,36.5482,104.1465,0.958171622063017
658,29.4875,106.4782,0.9603172058540952
146,32.1142,112.1825,0.9633718176116656
121,36.4847,117.8525,0.9721193394689792
1225,41.31347521,2.013824628,0.9802142596021952
624,35.878,120.005,0.9807278942833132
1200,43.89555,25.956575,0.9809082298936382
321,36.6133,114.484,0.9833208637410004
1218,51.028931,7.004976,0.988089261443006
1456,31.954287,-84.08101,0.9908175263886918
1235,40.3597,-3.5429,0.997923568029011
