,lat,lon,Date_Mid_Senescence_Phase_1_o3_r
1151,51.939783,15.518861,-0.9921955224831418
1450,43.34317,-87.92087,-0.9866058330325296
203,43.9311,116.0781,-0.960363483605825
1114,51.45258,0.070766,-0.955154953600135
388,38.0178,114.5331,-0.9500623292738396
502,28.1322,113.0178,-0.9427579500855164
1082,50.16443,9.399441,-0.9400389044038804
1209,50.912475,15.31219,-0.9333154730936304
364,38.9511,121.565,-0.9306403575006214
586,35.7668,115.0,-0.9246968272583168
201,30.5119,117.0331,-0.924642643825093
376,43.8463,125.2841,-0.9179325234376896
1210,47.068717,21.927233,-0.9160528246365028
305,39.9041,119.5251,-0.9153903779207486
70,40.0625,124.3303,-0.9152576918390464
394,39.1661,117.1444,-0.9113854344741208
271,37.0851,114.5237,-0.9088853798705864
1051,46.2311,6.07417,-0.8963896221420912
328,31.1654,121.412,-0.8918117472305522
660,36.1851,120.3905,-0.8905433174364173
1158,51.748103,18.04931,-0.8829825514732369
935,50.88369465,4.382977505,-0.8819725863393783
992,47.538193,6.868361,-0.8799112918238747
395,39.1082,117.237,-0.8789733875218516
115,34.7837,117.2852,-0.878697062864597
802,49.119442,6.180833,-0.8777446816148123
396,39.6506,118.1705,-0.8772817380702386
642,24.7733,113.5824,-0.8771174102086168
1279,39.9428,-81.3373,-0.8742930629461623
1205,39.48963,16.3868,-0.873934048849761
900,66.3217,29.40157,-0.8662571535269658
436,28.9703,111.6975,-0.8604493663563854
1436,28.332226,-82.30564,-0.8604187669893113
282,30.1808,120.0883,-0.8581013811302824
1162,45.96141,4.465711,-0.8567357192780293
47,35.2127,113.2269,-0.8565595194758829
764,45.869995,1.31,-0.854855977770477
630,27.9119,112.9074,-0.8487826073710157
198,32.6939,109.0281,-0.8458574643334488
393,39.0927,117.202,-0.8443437868748572
403,27.1312,114.99,-0.8434875532633445
101,36.2125,113.0886,-0.8388129995374107
1449,27.946688,-82.731766,-0.8367704609955637
591,36.61763,114.5129,-0.8358629453731726
496,26.5939,104.89,-0.8347814825786604
420,28.1136,116.9822,-0.8346865450333248
676,49.224167,4.020556,-0.8328889436312444
280,40.9763,117.9392,-0.8294733942134024
15,43.8245,126.5052,-0.8249645805581868
1109,54.334944,-0.80855,-0.8212232216696407
1347,37.71325,-119.7062,-0.8210787136491933
1100,50.85671305,4.425760659,-0.8200295185549237
1035,41.554167,14.674722,-0.8191511183756013
447,31.388,120.953,-0.8155576677326317
635,23.691,113.0426,-0.8115168687425095
434,29.4758,113.2621,-0.8054946232058712
1249,36.306965,-79.09197,-0.8035079588789633
159,30.6618,117.47,-0.7981814699373225
1167,44.92008,2.441082,-0.7974665830669205
1067,51.651166,12.302866,-0.7938594038471113
212,41.5646,120.4521,-0.7931725390840361
343,32.1028,118.9125,-0.7920508068550994
1195,50.0075,20.259167,-0.7876106224719709
580,30.4519,114.8858,-0.787232909791978
1451,33.9828,-111.79871,-0.7845281406344699
91,38.4975,106.2328,-0.7819535205470293
988,47.34414,0.653778,-0.7794981532252587
1008,45.42009,4.395422,-0.778250033372958
347,32.0745,118.7794,-0.77529984346252
375,43.8772,125.3716,-0.7750465910281444
103,37.4236,122.1214,-0.7677939470008626
1198,51.067439,19.448694,-0.7645619125716027
661,35.4828,112.8271,-0.7631743747595204
853,41.694342,24.738078,-0.7614212240845567
461,32.6524,117.0067,-0.7586019594134858
671,45.499167,12.262222,-0.7583541673978775
61,41.0931,123.011,-0.7497358824334956
315,31.8571,117.25,-0.749147851148238
631,27.8614,112.9433,-0.7476915082052791
438,27.8336,113.251,-0.746676561046025
92,38.5036,106.1358,-0.7421415206966542
1017,53.187222,-6.121667,-0.7421184255886011
1092,48.19223,14.51954,-0.738270923738373
67,40.7094,122.2703,-0.7381237021669239
83,34.3731,109.2186,-0.7378404251964028
545,36.0621,114.4839,-0.7378344918025497
470,26.2714,117.635,-0.7358367772266544
1230,49.28222,4.051111,-0.7353307108493837
119,37.393,117.9776,-0.7352317940875298
951,47.4387,8.57012,-0.7325037289879197
63,41.1196,123.044,-0.7322764028819172
1234,50.44914,2.9,-0.731028331344133
323,33.575,119.007,-0.7299012650583839
312,31.3019,120.591,-0.729082320599538
1023,47.44739,-0.550067,-0.7290487991827795
578,39.1067,117.1941,-0.7289640143962541
1139,50.66109467,14.04306316,-0.7276720218625269
1080,50.970024,9.80026,-0.7254022924367491
1400,30.439722,-84.34639,-0.7250476568718688
293,37.7394,112.5583,-0.7245225185518299
1435,41.49212,-81.67845,-0.7242066469740287
68,40.6511,122.215,-0.7212534677953251
384,40.135,116.6636,-0.7207967369907997
1355,39.80933,-80.26567,-0.7179515460913849
453,26.567,101.7227,-0.7176819447812627
157,31.7905,116.4996,-0.7166960845941969
433,32.0931,118.6414,-0.7166949820600936
942,45.55879167,18.69876944,-0.7150105079247558
560,34.343,106.0055,-0.714709306221073
118,37.3803,118.0062,-0.7137261980885641
1072,49.634841,9.657919,-0.712168248293951
313,31.7848,117.1959,-0.7113238022839857
1133,49.07655,8.40666,-0.709188069885634
589,41.0385,113.1076,-0.7090996783611522
1315,42.139996,-87.799225,-0.7089623829629456
503,26.2331,111.6236,-0.7072301375369536
189,31.1986,107.5082,-0.7068475327269381
1239,45.248889,10.299444,-0.7064475026131009
369,45.8167,126.561,-0.7057824770102029
628,34.5023,109.4259,-0.7052417358110636
640,29.6815,115.9872,-0.7041504555612866
408,27.0968,115.0093,-0.7012502282350278
1175,46.329586,-0.458889,-0.7004437095457294
306,39.9499,119.5897,-0.7002651336999001
1088,42.05134069,0.729555647,-0.7001809550154299
780,46.58967,11.43317,-0.6986131234596913
489,36.881,118.746,-0.6972077600504728
1453,32.41281,-86.2634,-0.6965555704759893
1103,47.4029,8.6134,-0.6950035104663195
1331,41.058617,-74.25555,-0.6940716517444045
1264,35.10264,-85.16219,-0.6927078273822145
1226,46.586918,0.358583,-0.6921543375527148
573,30.4663,106.6271,-0.691986866112116
45,34.7781,114.3389,-0.6915893166553102
39,35.8735,120.0405,-0.6910453923953588
246,33.9477,116.7856,-0.6908265538366438
916,48.397079,10.008293,-0.6894885120705653
659,36.0855,111.5018,-0.6893832144834132
106,37.8731,113.4894,-0.6887702043726169
1452,40.27813,-105.54564,-0.6887612193582099
725,49.02134,1.148319,-0.6867933758745373
757,43.15333,-4.25306,-0.686751183446912
17,41.0821,123.022,-0.68604659497553
1148,45.1619,5.7356,-0.6839709823113858
96,35.2464,115.4208,-0.681874242563422
1448,34.264915,-88.76622,-0.6796060373065063
911,50.11108017,14.50309563,-0.6757680793241934
297,36.3083,120.3999,-0.6749807593608852
1429,40.689255,-122.40219,-0.6739687807396085
177,39.4467,76.0072,-0.6723957227891276
1001,47.73344,12.891241,-0.6721056621738334
603,32.4535,105.8945,-0.671632800998996
105,37.8572,113.5758,-0.671613629287329
275,38.2991,116.8842,-0.6710160174056846
648,28.3611,112.9581,-0.6705400549412591
501,26.2081,111.6217,-0.6680153825233331
720,47.3456,5.002377,-0.6678524372784003
168,37.9956,106.1856,-0.6660732613331244
281,37.8873,112.5139,-0.665735297782594
551,33.015,114.0114,-0.6651821689735959
958,47.0495,6.97915,-0.662007673552495
1011,43.91611,11.00694,-0.6602364964055645
947,48.33472,16.729445,-0.6592032184798959
1192,42.40538,1.13,-0.6562461049858446
348,32.0551,118.7538,-0.655317678616148
893,45.7789,4.9247,-0.6501091947737005
463,31.909,120.237,-0.6496272086478693
76,40.7514,120.8392,-0.648584855512267
243,32.9673,117.3533,-0.6470235011007767
444,25.2697,110.2819,-0.646835922300272
161,35.7511,114.2956,-0.6462563594494779
117,36.4372,115.9848,-0.6435353653576185
890,47.2225,-1.5375,-0.6434752075478115
555,31.7231,118.5228,-0.6418880065209688
1395,33.545277,-86.549164,-0.6414638435624578
257,45.3039,130.9429,-0.6413330420001698
337,31.3097,120.669,-0.6412807016287677
267,46.8028,130.2751,-0.6382653257417944
58,30.8064,106.056,-0.6374150036447411
330,31.6219,120.275,-0.6369372819155988
884,59.20243,9.4871,-0.6308079052569215
1022,50.775482,3.12568,-0.6303374001613465
907,49.40159607,15.6102457,-0.6298409337138688
1231,46.34072,2.593945,-0.6290014772667435
1445,35.988277,-77.5843,-0.628785898744353
258,47.3416,130.2537,-0.6286754104016521
483,38.5167,102.1692,-0.6285500690240012
587,31.9996,118.7356,-0.6272523083042011
94,35.0888,118.3956,-0.6271934872121324
912,50.04613113,14.33141327,-0.6269910817555101
227,37.7067,112.7249,-0.6269294231546065
692,47.660056,9.485675,-0.6269121570800594
1119,45.623056,13.7875,-0.625518769770407
699,49.45165634,17.45415878,-0.6253846934067911
688,45.1828,5.7531,-0.6251975371710341
22,43.8622,126.54,-0.6248301128529756
354,41.7653,123.4114,-0.6225226839947087
539,28.3169,109.7325,-0.6214399211797239
976,45.56472,5.928333,-0.6200339232219707
993,47.62,6.157611,-0.6194789968642105
1439,39.310833,-76.47444,-0.6180792698453944
325,33.5981,119.036,-0.6145591018203341
667,26.6027,106.7109,-0.6134362007594828
943,47.05917,15.016667,-0.6132287614369688
419,30.3119,120.1197,-0.6099452566878159
391,38.8394,117.457,-0.6087893359320632
222,39.3522,112.4397,-0.6067806487233747
389,38.0058,114.4586,-0.6062680843307855
1430,38.85287,-77.63462,-0.6055163613942222
938,56.672901,12.8576,-0.6045287181582748
982,50.892377,14.822846,-0.6034059095770015
626,34.3497,107.2058,-0.6012357667684489
197,38.2839,109.7289,-0.5985279342617812
302,30.558,114.2529,-0.5983370681619782
1431,40.73614,-73.82153,-0.5968116950969773
452,24.5058,118.0936,-0.5961370366335851
533,30.5366,105.5861,-0.5951974505531413
1428,30.260279,-81.45361,-0.5943000323535422
77,40.7677,120.8695,-0.5941471550721988
128,36.1937,117.1437,-0.5937149897145515
1324,40.283092,-74.742615,-0.5937027921410013
429,36.0022,106.2792,-0.5901459875894465
1086,50.13577,8.92157,-0.5887797175635836
458,31.381,120.999,-0.5881004646240863
54,31.4535,104.7563,-0.5878442050797458
730,45.683333,9.466667,-0.5873196008122953
160,35.9019,114.17,-0.5858770851398428
269,39.6973,106.8174,-0.5853031771031361
963,49.462229,11.0248,-0.5852042293744449
1328,41.05192,-73.76366,-0.5850217953296059
435,29.355,113.2117,-0.584769956757782
1003,48.77586,5.162789,-0.5840966684803581
711,49.04781723,18.00782776,-0.5828839300624203
342,32.1065,118.8086,-0.5818343742663867
87,34.2322,108.8922,-0.5818247350809818
607,29.2956,117.2461,-0.5807442271653807
26,41.0879,121.1115,-0.5801231245895629
761,47.751475,23.605325,-0.5792245853529918
657,29.8279,106.3787,-0.5784483232028417
339,32.0005,120.86,-0.5766615673914949
448,31.172,120.658,-0.5753248955630191
1073,48.507703,9.051178,-0.5746470378002358
1116,51.34879529,4.339709947,-0.5738405727658994
1378,42.474644,-70.97082,-0.5736366500476043
351,32.4639,119.888,-0.5728514165385673
230,35.0303,110.9686,-0.5702587844066441
387,39.6334,118.1725,-0.5657952171358115
1062,51.321364,12.032141,-0.5650682557853042
830,48.733256,19.115268,-0.5642075596727582
693,43.30277777,-1.98444444,-0.5636847657615018
143,32.6494,110.78,-0.5630008674223839
228,37.6982,112.6991,-0.5624973820999525
664,34.6692,112.3628,-0.5624842202157742
75,40.7136,120.9092,-0.5622739055758481
901,48.68817,6.190431,-0.5614785937080651
180,36.1911,113.1569,-0.5609823526807881
621,27.583,110.0394,-0.5592059204640906
666,26.5424,106.674,-0.5586441033327875
1093,49.107502,6.122775,-0.5576991676030714
694,54.124819,22.038056,-0.5573955782276369
754,49.744886,21.454617,-0.5562244936695431
1416,39.28102,-78.08157,-0.5547915880536188
261,46.6191,131.1652,-0.5546383038344638
1289,35.379166,-82.7925,-0.554028141245842
192,33.8715,109.9154,-0.5536328712760843
194,33.0706,107.0154,-0.553183194009887
708,43.09625,-0.040497,-0.5520095345055201
914,52.146264,14.638166,-0.5499955730939343
1161,50.876983,18.416878,-0.5496962063887039
1110,53.40337,-1.752006,-0.5494938113948178
1038,45.696736,27.211622,-0.548156967052869
449,31.155,120.636,-0.5465885913602322
504,26.4364,111.5992,-0.5463735344193905
1054,40.62984,-3.17159,-0.5447366324772601
915,44.4122,8.1695,-0.5402775498226614
549,28.9398,118.8692,-0.5400692422579509
352,32.1875,119.6707,-0.5383710112901806
19,41.8822,123.9161,-0.5382281678326502
164,35.7636,115.0312,-0.5375065551132818
122,36.8194,118.3092,-0.5373875492716751
78,36.229,117.6795,-0.5354944157806978
944,47.04472222,15.15277778,-0.5351830568785256
204,38.8411,105.6985,-0.5351191818843278
446,27.6434,113.8385,-0.5300184441080069
422,32.0023,118.7752,-0.5292567768963147
614,32.1873,119.4424,-0.5277516045766678
1024,47.054443,-0.886111,-0.5258270317655408
796,48.1061111,15.91944444,-0.5226560806736851
892,44.926111,10.370833,-0.5224066393196408
113,35.4216,119.523,-0.5223630826621455
171,35.5307,106.7021,-0.5203939194212864
611,36.5482,104.1465,-0.5202984419076823
287,33.9592,118.2442,-0.5190173839345492
142,32.395,111.0419,-0.5189628676575655
165,35.7609,115.0574,-0.5181349081451225
239,46.6365,126.9785,-0.5179389037502026
606,27.3033,111.5239,-0.5178415977894077
1360,40.107224,-74.882225,-0.5178042615490251
923,51.054558,12.141322,-0.5170958780860196
156,31.7643,116.4738,-0.5168699374338253
682,47.809892,7.764528,-0.5163788855808689
1089,48.12027778,14.878333,-0.5150579095948192
221,35.4897,112.8676,-0.5115746775566422
1309,45.56498,-88.80859,-0.5115601212319144
437,27.9153,113.0048,-0.5109687820119535
488,43.9174,81.2996,-0.5108611025042005
744,43.34639,-4.06417,-0.5101473236806183
158,33.8518,115.7789,-0.5091523748274703
346,32.0309,118.8109,-0.5089271644969037
372,38.8661,121.5213,-0.5087911647568042
926,52.644169,13.483079,-0.5085561987247111
74,41.1489,122.0303,-0.5085321244039368
535,28.19,112.9394,-0.5078253690984552
733,48.051117,7.011114,-0.506208879912762
625,33.4022,120.118,-0.5059009106696503
163,35.303,113.883,-0.5048144560044995
416,28.2264,117.0222,-0.5045089987029703
869,47.913256,7.908035,-0.5044176480894331
712,52.029194,23.149389,-0.5028786181272326
450,37.197,122.038,-0.5026935335053245
409,27.7844,114.3956,-0.5012914921335039
383,39.9611,116.2878,-0.4997792346070734
929,51.897598,14.057064,-0.4996623111769681
1144,42.58194,12.62361,-0.4984294826764869
1190,49.784339,22.756239,-0.4980739520271498
675,48.962223,4.36,-0.4964978461473117
946,48.930932,21.913705,-0.4954050697981386
336,31.2472,120.561,-0.4944929403238993
1387,33.317142,-86.82575,-0.4942013398225648
245,32.633,116.8281,-0.4921194379241235
1105,59.399355,18.077416,-0.4908121573504372
1166,41.04,21.3564,-0.4898734916536635
464,31.354,119.818,-0.489865144446615
309,36.0658,120.4134,-0.4854386112035212
590,37.9844,106.2025,-0.4836131454916004
44,36.0681,114.361,-0.481700520716573
913,50.08148193,14.4426918,-0.4814505762877508
350,31.7069,119.9468,-0.4807679048403108
125,37.5639,121.2514,-0.4805133493271875
107,37.8486,113.5819,-0.4783442664800093
210,42.2217,123.7153,-0.4777533712853896
1362,41.265556,-75.84639,-0.477730686778764
517,27.5578,109.9972,-0.4768615389032112
556,29.5698,115.9773,-0.4761270860140985
903,50.37658691,13.32762241,-0.4745898355523298
215,40.761,107.4212,-0.4736241381942936
681,48.847917,10.096292,-0.4727080721755363
887,52.039023,4.359376,-0.4724173318867275
34,34.3622,107.2386,-0.4719224828963897
1085,46.541047,24.559642,-0.4711508616360975
1159,49.851334,3.284,-0.4697393528906054
674,50.007629,18.455548,-0.4690478021592925
568,38.8959,115.5213,-0.4673753092672265
600,26.5917,104.83,-0.4659898336970719
224,39.3197,112.4258,-0.4650691585717226
1002,53.37287,-3.022722,-0.4646192054232781
722,49.40619,1.15515,-0.4644746924583852
583,41.7347,123.2444,-0.4641915893291717
776,46.651838,16.196777,-0.4639133351794117
37,41.7166,86.1972,-0.4636848475371115
1444,45.25928,-122.58815,-0.4630293334092101
321,36.6133,114.484,-0.4622454768733355
411,31.2071,121.577,-0.4615912179838435
462,31.955,119.18,-0.4607657126976205
1338,38.48123,-77.3704,-0.4601780413162777
46,34.7965,114.2885,-0.4597880875167265
90,36.1031,103.631,-0.4593126776646914
1348,34.454514,-94.143524,-0.4579051353308121
700,43.610497,2.23015,-0.45588262077844
89,34.1978,108.985,-0.4558026873631158
1281,35.76541,-82.264946,-0.4548569053303624
511,26.8919,112.6006,-0.4542086634783825
322,36.6114,116.9862,-0.4534381727102489
1012,46.137222,9.385,-0.4534016433972871
1342,29.583048,-95.01554,-0.4533401477985094
1077,43.21291,-3.1344,-0.4514512858395068
469,30.8388,106.1087,-0.4514074621720292
850,42.637192,23.243864,-0.4509015980546765
471,29.7091,106.4522,-0.4508859104285471
200,30.6145,116.9896,-0.4495645339738827
1221,43.4015,-5.8028,-0.4493781512738627
298,34.77134,113.65724,-0.4482552673906599
769,41.47676936,2.088977264,-0.4480372570666696
1177,43.3665,-5.833,-0.4465175121420546
311,36.6868,117.0624,-0.4444365251739642
809,45.83611,8.80417,-0.4441171866245121
1225,41.31347521,2.013824628,-0.4433838063636608
964,49.300731,8.700103,-0.4416232218470539
857,47.430833,19.184175,-0.4410523399876503
385,40.3275,116.6275,-0.4404296171348147
368,45.5419,126.979,-0.440164670988092
262,46.6554,131.1524,-0.4394561464504335
359,41.7406,123.505,-0.4393653091928405
497,28.2597,112.9792,-0.4362740981141069
473,26.6272,118.1756,-0.4357089226671749
801,45.463333,10.480833,-0.4348507779004122
40,32.1059,114.1099,-0.4337477208300039
516,27.5342,109.9781,-0.4336506219031207
641,24.7791,113.6735,-0.4330536478670067
217,39.3278,112.4072,-0.4314404508183713
340,32.02,120.87,-0.4306433500770795
264,47.4311,128.5159,-0.4292661192893391
20,41.8611,124.0436,-0.4291779197551954
1332,35.9138,-81.191,-0.4288006336375102
370,43.8325,125.1761,-0.4277276068133804
1401,30.681719,-91.36625,-0.4247770384914192
100,36.1989,113.1031,-0.4246190162346433
548,28.9666,118.8709,-0.4242843822286249
27,40.8434,121.0533,-0.4240434161625917
176,41.1551,80.2613,-0.4233114904891074
1232,49.15167,-0.352778,-0.4227807699225187
1397,33.331112,-87.00361,-0.4205611657019936
66,39.8129,110.0023,-0.4202287566532504
981,50.731478,13.75145,-0.4192485923892945
592,34.1781,117.1694,-0.4186485740791909
234,42.8845,125.1358,-0.4183801403919127
1041,51.462734,13.526796,-0.4167946268785718
820,48.753179,21.245046,-0.4164581802251192
1373,38.45934,-82.64041,-0.4150962013979338
104,36.0714,111.5028,-0.413101385470845
1398,27.939747,-82.000084,-0.4126062973445467
1260,32.82006,-96.860115,-0.4119891696669249
765,45.809998,2.06,-0.4114307330081542
112,37.4309,118.6614,-0.4105724689942948
185,31.6908,113.3833,-0.4103756157334782
284,33.5039,119.135,-0.4101735498124942
585,31.2864,120.628,-0.4088336216468464
601,27.0803,114.9754,-0.4076416305521708
1269,44.351696,-68.22698,-0.4057988267607234
43,36.1017,114.3551,-0.4042768619665827
558,29.7535,116.0721,-0.4038081761557635
345,34.2384,117.1918,-0.4037663123931795
1137,44.82112,20.459113,-0.4023911523288797
373,43.79,125.4605,-0.402248046211759
86,34.2173,108.9356,-0.4022379864337779
296,40.8336,114.8883,-0.4020321987845137
594,34.6972,119.3581,-0.4017375648639594
876,44.99694,11.07083,-0.4012955532992948
1019,52.437165,-1.829999,-0.3983629515828077
123,34.5578,117.7276,-0.3965711389701882
169,37.9251,102.6201,-0.3962629391864561
491,43.941,81.3364,-0.3948897711249423
726,43.3069,-5.7057,-0.3947127541911771
334,31.2284,121.533,-0.3927079012384139
1182,51.839382,10.790143,-0.3924420677211093
410,27.9831,116.3544,-0.392355477407275
713,53.028647,18.666103,-0.3917198234929069
599,32.3153,118.3093,-0.3914084809485445
718,41.096667,-8.555833,-0.3892995104283148
1386,41.81305,-88.07283,-0.3889090407226284
390,39.9136,116.184,-0.3873637013262475
124,35.4209,119.471,-0.3856762403776237
363,40.8062,111.7276,-0.3853716640113051
805,46.05184,11.45389,-0.3826565756195367
465,31.737,119.579,-0.3820791321505527
697,49.66958237,12.6778841,-0.3809176169815157
897,60.22393,25.10244,-0.3788196075995448
439,29.1217,110.5319,-0.3788160795435893
1050,46.522,6.63963,-0.3778728785351157
1200,43.89555,25.956575,-0.3766231388783433
930,51.746848,14.33447,-0.3755560105615789
202,41.2991,123.149,-0.37355998279769
656,36.0822,111.5169,-0.3719006201186907
132,33.6347,114.6758,-0.3716609164535884
778,45.54301186,13.71352366,-0.3714175472465103
836,44.79361,10.33167,-0.371230703807981
715,43.6287,0.179069,-0.37085987966701
468,47.8517,88.1264,-0.3704335941291611
755,51.259431,22.569133,-0.3703923565652482
1211,42.736572,11.87643,-0.3701451293804452
1216,51.54052,5.85307,-0.3692037781231118
149,33.5698,114.0055,-0.3678706339086201
1076,47.3868,8.53981,-0.3677395139776196
906,46.08253,10.95804,-0.3668449490495037
28,34.6886,112.494,-0.3666529825988025
1095,47.86194444,15.32194444,-0.366120141787233
1406,41.644066,-83.54616,-0.3660731400544924
1059,48.18169,11.46445,-0.3656635086857389
1368,34.530716,-86.96754,-0.3639842540086881
1242,35.2318,-77.5669,-0.3606144628786184
678,50.836389,19.130111,-0.359665092301671
1171,43.5166,-5.6707,-0.3581980700917567
1214,45.297325,27.949461,-0.3579915553298181
1363,35.96497,-84.22317,-0.3570478453611601
69,40.6655,122.167,-0.3542454358135479
772,45.515278,10.219444,-0.3538807128177854
658,29.4875,106.4782,-0.3521088897208694
1441,31.188932,-85.423096,-0.3517180244510868
110,42.2728,118.9576,-0.3495798773414996
532,27.725,111.9975,-0.3494090064647182
542,27.7569,111.9561,-0.3483717054357294
721,45.916943,6.135556,-0.3476578196958514
1099,57.810833,15.564736,-0.3472526987624016
236,32.8977,117.3145,-0.346673077934053
414,26.585,101.7169,-0.3465270765158626
1274,41.53694,-81.45887,-0.3458106291716285
486,45.6094,84.895,-0.3457099617638998
1229,47.3815,8.56592,-0.3449791932672473
605,27.2442,111.5283,-0.3405403358557688
1191,48.445553,0.110833,-0.3401846244256593
148,33.5698,114.0261,-0.3400442723582935
508,28.1308,112.8908,-0.3379615136093127
823,45.1763,7.7116,-0.3377932645432501
1364,36.060894,-86.28629,-0.3374891616998952
1197,44.429489,24.351389,-0.3352752349145389
191,31.8896,102.2502,-0.3352184223133514
818,45.772167,3.0875,-0.3342580534912814
1381,38.548138,-82.73116,-0.3340382317845559
173,42.9559,89.1673,-0.3335043083169149
481,27.8403,112.9118,-0.3318294453008432
140,30.2019,114.8988,-0.3316424725673181
1358,40.24699,-76.846985,-0.3314701110437962
1316,29.632057,-98.56493,-0.3313739720194472
852,42.432356,25.637389,-0.331286201279694
1399,32.362606,-88.27799,-0.3299435705386542
278,39.5111,116.6708,-0.3292079208794973
920,49.869422,9.171544,-0.3291988018282223
357,32.1328,119.4303,-0.3287770884866509
188,30.5232,105.5582,-0.3284897274189123
259,47.3388,130.3114,-0.3284886770701058
241,32.9427,117.3605,-0.3282943246621876
114,37.4674,116.3032,-0.3272090889942741
760,47.594257,1.302667,-0.3262231525511349
1010,53.56292,-1.510436,-0.3229713452739789
1276,38.81194,-76.74417,-0.3228980825046701
1353,40.56333,-78.919975,-0.3222170392157135
1268,40.026035,-82.433,-0.3219714457122438
1385,38.11515,-86.60325,-0.3217889505005919
130,32.1195,114.0775,-0.3180400491672432
879,41.53583,20.6989,-0.3176942946683695
860,43.28334,5.511384,-0.3174549716260581
990,42.697918,9.446417,-0.3161781358107918
541,27.7044,111.9892,-0.315243520150006
740,45.474156,28.034406,-0.3145416526323704
220,35.4936,112.8318,-0.314338355643605
457,36.253,120.014,-0.3121993603762655
225,37.6945,112.7532,-0.3121794548110555
1021,45.89,0.9,-0.311654619835102
978,44.865555,-0.939444,-0.3112983141508298
1351,29.733727,-95.25759,-0.3107992921865216
1111,47.47706,11.05722,-0.3080098504447058
1000,48.021657,12.538174,-0.307942695077464
1367,41.3014,-72.90287,-0.3073423924274027
1258,41.606663,-87.30494,-0.3057885980875022
1127,45.5966,7.76643,-0.3043390989066036
1178,40.39472222,-3.73194444,-0.3035117565312638
1256,39.48599,-87.40131,-0.3033144018037095
888,46.58389,0.345556,-0.3028811539666704
1,41.1442,123.0485,-0.3019382932181716
445,27.6253,113.8493,-0.3014282546451805
966,51.406846,6.965589,-0.300500562406668
1213,50.676856,17.950278,-0.2996979883405549
35,34.3617,108.7233,-0.298518901196811
1043,45.411864,28.005967,-0.2979637605254633
786,46.80138889,13.49388889,-0.2971372260664993
1228,46.9631,7.46252,-0.2934567874545949
977,45.154075,26.818619,-0.293332556405889
1254,34.002747,-89.79919,-0.2927483597902953
729,46.072224,5.820833,-0.2927094832403814
1186,44.564972,27.366081,-0.2920013560701802
643,37.4442,118.5857,-0.2907045704826523
1181,50.30886,2.807369,-0.2899541800728916
102,36.0783,111.5531,-0.2896643548402349
834,48.257474,13.03923,-0.2879777679518995
219,35.5051,112.85,-0.2871616517712468
871,54.436985,12.721938,-0.2868847108687694
1113,54.97825,-1.610528,-0.2832398205168528
1058,46.064275,23.563517,-0.2813334740236169
1123,45.714444,11.368611,-0.2812066238217031
919,48.376576,10.88837,-0.2801433640998667
1272,40.084515,-82.81558,-0.2791994145847413
1052,57.70902,11.970241,-0.2788682608943264
704,45.569,8.1876,-0.2775454246579942
1371,27.189215,-81.34035,-0.2772517418519336
31,34.3017,107.0708,-0.2769641669190812
242,32.8911,117.4185,-0.2760269940605221
1055,49.73244858,13.40228081,-0.2757417447846665
1170,43.5915,3.88681,-0.2753385879882954
1150,51.799722,16.3175,-0.275162523006898
831,45.148333,9.940278,-0.2751395972192432
181,34.5538,105.8945,-0.2749616681661029
244,46.8032,130.3648,-0.27288670700919
968,50.889871,6.985074,-0.2689470444390082
451,26.4365,106.6555,-0.2682090436922033
1277,39.42689,-84.20077,-0.26743766524712
151,30.9743,118.7385,-0.2670286245566681
153,32.8929,115.8277,-0.2670188135852075
546,30.9285,113.9153,-0.2668867007446988
145,32.0564,112.1392,-0.2664346164103853
88,34.3474,108.935,-0.2655087154828955
14,31.6837,118.5092,-0.2649568061137518
910,49.20272446,16.61628723,-0.2645334643900687
1174,52.077148,4.289185,-0.2645098154230413
379,30.6319,114.135,-0.2624713552008277
231,38.4519,112.7383,-0.2616957847865214
162,35.7306,114.2878,-0.260781329387646
79,35.0532,118.3429,-0.2595884799113657
427,30.6465,111.3549,-0.2595614991159338
519,30.1383,104.6295,-0.2566156016920435
490,36.864,118.78,-0.2558780490472376
291,37.8195,112.57,-0.2545545756234806
1016,42.42212,12.109196,-0.254106876418777
205,41.998,121.6094,-0.2511967867137722
1141,49.672507,9.001981,-0.2499854344201613
1068,47.145014,23.877389,-0.2496436273121377
1047,51.862042,6.874469,-0.2495362610237917
965,45.59667,5.918611,-0.2491757015856586
431,29.8253,106.4213,-0.24909989877877
1311,40.712776,-81.598335,-0.2485057534670838
412,25.8333,114.9322,-0.2478262717003483
141,30.2092,115.0307,-0.2466992544370724
1183,51.303394,6.819887,-0.2462188904919236
1063,48.326013,10.903051,-0.246166899262007
619,30.9413,117.7807,-0.2447227975064018
423,32.0754,118.7997,-0.2444147144421065
933,46.401944,13.011111,-0.2441644591557829
16,43.8358,126.5844,-0.2439610330832836
137,32.9771,113.9976,-0.2430264280831562
1412,29.901035,-95.32613,-0.242568608019461
1270,41.515053,-81.24991,-0.2425610465360495
484,35.546,112.8453,-0.2423959545993605
134,32.9735,112.5003,-0.2421045092028051
1408,40.3663,-80.6158,-0.2419287356255716
1065,48.947611,13.420573,-0.2418785401743134
377,43.9027,125.2863,-0.2414257519476401
649,28.793,104.6055,-0.2404718860462257
30,36.6106,109.5056,-0.2395474446700371
1314,30.085262,-93.76134,-0.2376659523393814
477,29.2617,117.1547,-0.2372827459284729
1341,29.625557,-95.26722,-0.2370573365291167
1419,41.645382,-70.89751,-0.237052804852109
743,58.370556,26.734722,-0.2370119630428694
1079,41.91614,0.191101,-0.2362599294844596
815,49.028057,2.750278,-0.2353931446195128
331,31.5475,120.354,-0.2329073204101359
1112,44.92467,10.5172,-0.2311778998932239
1298,64.84569,-147.72742,-0.2305317331214911
824,44.5,11.286111,-0.2259668141487342
146,32.1142,112.1825,-0.2251341502824121
650,28.7728,104.6201,-0.22391207256852
466,31.4,119.46,-0.2235084082217245
32,34.3672,107.1906,-0.2216939971918478
811,43.39873,6.075611,-0.2211002141813997
18,41.8491,123.7977,-0.2200754900236271
928,51.5645,14.3764,-0.2193993831086163
984,54.09323,10.240596,-0.2188823783535432
1219,47.60472222,15.67305556,-0.2188606423847257
959,47.513333,21.624444,-0.2185578366367484
196,38.2911,109.7456,-0.2185406418387891
544,39.7443,98.5061,-0.2179969070854493
997,55.862281,-3.205782,-0.2148096017162278
880,45.0028,7.8375,-0.2146827203413728
727,47.651725,23.570508,-0.2125844593749603
1456,31.954287,-84.08101,-0.2116587332227996
582,29.5462,103.7723,-0.2115312704899649
1257,41.182465,-81.33048,-0.2115096791013487
273,37.7541,115.6838,-0.210133421064847
49,33.737,113.2919,-0.2084485003351022
1271,40.0877,-82.95977,-0.2070016288400966
791,56.00833511,21.88694763,-0.205441642506734
170,35.5461,106.6692,-0.2050178900564724
1377,43.97462,-70.12461,-0.2047951509213404
1440,47.5525,-122.06472,-0.204681955185503
717,43.404011,21.947746,-0.2045385771491017
899,40.540351,-3.645253,-0.2041056892912914
690,44.3818,7.5382,-0.2031042807725109
1004,51.52229,-0.125889,-0.2019906608418423
286,33.9528,118.293,-0.200957481399184
1352,31.893913,-106.42583,-0.2002416998607813
152,32.2786,118.3244,-0.1990802965583449
1275,41.55523,-81.57526,-0.1990524071849031
634,36.6428,101.748,-0.1986159344040002
777,46.13111418,14.99611517,-0.1970733907318556
1029,42.53417,12.52194,-0.1968181806707169
1410,29.68639,-95.29472,-0.1963980243495159
1433,40.56252,-80.503944,-0.1954824702763714
294,30.7478,120.726,-0.1941050072693776
209,42.3022,123.8139,-0.1937843090904465
537,23.7233,114.6892,-0.1912653535764902
822,41.99917,21.44084,-0.19103736497494
891,42.516944,1.56525,-0.1864207513798551
1291,39.9878,-79.2515,-0.1859731114578194
550,30.3714,114.8989,-0.1850817865619749
240,46.6528,126.964,-0.1832760577893527
775,46.06554495,14.51272032,-0.183032560769997
1299,63.7232,-148.9676,-0.1828919755372338
637,36.913,121.531,-0.1826251916896079
756,43.16832,-2.63794,-0.1810698632323686
581,42.0353,119.2658,-0.1801565747675646
353,41.7867,123.4678,-0.179267288225046
1317,42.060284,-87.86323,-0.1786220609646659
948,46.6775,12.972,-0.1777915533368256
1422,44.616943,-86.109406,-0.1775995970557507
574,38.497,106.1015,-0.1773193090316043
127,36.7023,119.1437,-0.1766647041063001
1280,41.420883,-82.095726,-0.1756246889803535
663,31.6449,118.5024,-0.1749441436828405
799,47.09436111,15.41511111,-0.1734256769221802
1188,53.59617,8.09059,-0.1730731054648022
1034,43.66028,11.90167,-0.1728052363221731
554,22.5545,114.1063,-0.1723866135711528
936,50.85780611,4.288706017,-0.1723680948442879
1372,46.81826,-92.08936,-0.1718129619370502
1122,43.867496,18.423061,-0.1717425025908217
849,47.676111,17.649736,-0.1710883957351312
1374,42.19438,-72.555115,-0.170734869319111
1204,41.886019,12.541618,-0.170595993232627
540,28.2558,109.6414,-0.1694370736940518
832,48.53111111,14.57472222,-0.1689295106074883
1295,41.6175,-87.199165,-0.1688220822296359
344,34.2761,117.179,-0.1680247564721213
1319,39.866833,-88.92559,-0.1664661319577422
1084,52.25534,8.05286,-0.1660381754010127
1336,40.82799,-73.05754,-0.1650626438294691
303,36.5713,114.4918,-0.1647736889515492
65,40.6288,109.8642,-0.1638152504522176
742,45.871406,22.908594,-0.1637095417487505
1135,52.22174,-2.736665,-0.1633894595839748
1266,36.0388,-85.7331,-0.1624180102805939
1414,40.046665,-76.28333,-0.1622696337236656
570,27.9939,120.6748,-0.1621207832147234
304,36.6116,114.5302,-0.161714416236288
167,30.4742,114.9028,-0.1610762578645778
362,40.7866,111.5512,-0.1605249756605186
843,43.223044,27.587239,-0.1587409345731513
456,29.7178,118.327,-0.1587397808582112
135,32.9692,112.548,-0.1584101990948795
276,30.8669,120.0751,-0.1582080434346235
48,33.742,113.3257,-0.1579641582794223
260,47.3382,130.1097,-0.1576629890925304
1282,35.500103,-82.59986,-0.1576374529272426
1081,51.90158,10.48132,-0.1575228614513451
1340,29.723333,-95.63583,-0.1573468596733623
1443,39.399837,-119.73961,-0.1561654182424254
206,42.0224,121.6717,-0.1533080262272622
604,25.8481,114.9461,-0.1499323373928389
509,27.3125,105.2864,-0.1497420046788162
1330,40.92458,-75.06782,-0.1492769741188268
1389,39.40745,-94.26537,-0.1488510164743159
751,49.259552,2.474397,-0.1486724397984405
800,45.655,10.20083,-0.1484812938937397
1343,41.78472,-72.63167,-0.1474834881362508
627,22.5978,114.297,-0.1453244433805317
1287,36.109005,-79.802315,-0.1449438060362827
1297,48.5103,-113.99681,-0.1438586797856632
986,46.802376,4.417486,-0.1436014049421158
56,31.1208,104.4239,-0.1431149648950568
1235,40.3597,-3.5429,-0.141145516628396
969,51.453459,6.86505,-0.1398821679052562
1248,41.4271,-80.1451,-0.1386063497758774
12,46.586,125.153,-0.1376688594323991
392,39.0343,117.707,-0.1370306204970131
1173,50.900317,5.986853,-0.136804004131002
1098,51.15013609,3.80873543,-0.1365606527444333
576,38.4842,106.2757,-0.1337276992586403
175,42.8328,93.4961,-0.1326310136552194
292,37.8692,112.5369,-0.1301643915435471
295,40.762,114.8902,-0.1296058743320041
1163,45.5476,9.16698,-0.128775337527254
1380,44.310555,-84.89187,-0.1282279073425404
404,24.8886,102.8204,-0.127911935867646
1140,50.68352509,14.04119492,-0.1276035635831253
622,39.2474,117.7918,-0.1273984391413002
579,30.0003,120.5483,-0.1262795415493552
788,47.541944,19.146122,-0.1258675227348527
279,41.0026,117.9268,-0.125691669121001
909,49.41123199,14.67638874,-0.1219542810276751
833,47.71611111,13.63222222,-0.1214248615141426
624,35.878,120.005,-0.1207387311399165
476,46.7432,82.9994,-0.1207000966439339
863,52.602056,11.850274,-0.1197299416470651
878,43.293137,5.574184,-0.1190993972744964
1273,39.70595,-79.012,-0.1174647827994454
25,41.3472,123.8142,-0.1173011132846852
858,42.732292,23.310972,-0.1166377427093273
474,30.2111,120.2072,-0.1132408673759522
428,30.7819,111.3275,-0.1117813526595212
283,33.6067,118.989,-0.1103766571048597
314,31.8707,117.2588,-0.1089720812729293
254,45.1722,124.7965,-0.1085070825192676
1383,39.117218,-94.635605,-0.1076464954708719
1240,53.371306,-2.239218,-0.1065446792474085
60,41.0971,122.9642,-0.105465191348093
647,36.8406,118.0253,-0.105158266951451
121,36.4847,117.8525,-0.1050858657016141
402,29.4906,106.6349,-0.1049951455574559
908,49.73508453,16.03419685,-0.1044059932898064
211,41.5881,120.4318,-0.1036438425025513
737,49.233464,6.987601,-0.1027769212471202
401,28.793,104.563,-0.1024403769804917
417,28.2475,117.0311,-0.1011687848151805
584,41.7173,125.9358,-0.1011254744227717
38,36.6868,117.532,-0.1011003618845173
80,40.6532,109.8756,-0.1007756747214265
510,26.9056,112.5664,-0.1006279547529714
1125,47.565439,14.244676,-0.1000279158854607
608,27.5444,109.9453,-0.0994351599921534
563,29.6038,115.9114,-0.0992901278442415
684,50.010575,19.949189,-0.0988526488623306
248,30.8792,117.7439,-0.0972816850160676
564,29.8566,114.2936,-0.0966379899546055
1146,49.514959,8.402331,-0.0961951284320105
136,34.4045,115.6458,-0.0951089245461897
536,23.4835,111.2711,-0.0949682218036303
1104,51.75816,10.61248,-0.0943941033617893
735,45.475327,4.515003,-0.0937133145094438
1250,44.18089,-85.73898,-0.0936911220466803
716,49.94498825,17.90953064,-0.0933393073415228
386,40.217,116.2296,-0.0930763090210258
1290,35.587143,-83.07416,-0.0923398269848872
1028,44.39703,8.20604,-0.0920050926957015
166,31.0386,112.2213,-0.0913558810180023
1365,41.61524,-71.72,-0.0912806025930624
1392,38.71085,-90.47606,-0.0895520885014261
3,47.3636,123.9305,-0.0883021495198528
1396,34.015434,-84.60742,-0.0882618679719613
207,41.1953,123.2,-0.0876874766000268
1376,42.099697,-71.6194,-0.0873344408341886
1356,39.96111,-77.475555,-0.0849978257445302
632,22.5311,113.0219,-0.0844065710940005
985,49.351124,8.423,-0.0839539031360787
1359,40.46542,-79.960754,-0.0832902339465828
1393,33.578335,-86.77389,-0.0801804464021664
308,30.6217,114.3646,-0.0793482526550632
543,29.315,110.4417,-0.0774531337245657
407,31.4741,104.7778,-0.0772367479675063
1045,41.932892,12.506947,-0.075649055086254
795,48.2702,16.2972,-0.0747591474776928
1152,50.349608,18.236575,-0.074396399898766
1259,29.767998,-95.22058,-0.0737378809753147
807,47.410164,9.653713,-0.0727008336360021
1018,45.000278,9.009444,-0.0720447268340636
577,30.6558,104.0219,-0.0710843422736297
859,43.305286,5.394716,-0.0709706285395121
97,35.2375,115.4747,-0.0708604415828812
768,50.429014,21.277367,-0.0695090635631459
565,26.1028,119.2984,-0.0691148879658204
250,50.2524,127.4833,-0.068309287537423
1267,35.85611,-78.574165,-0.0677179873243019
426,37.3753,97.3731,-0.0653110452350642
662,35.4887,112.8508,-0.0650937252162657
1049,50.877923,12.0749,-0.0644661630617885
289,30.4183,120.3019,-0.0640267733635167
1283,35.9359,-81.5306,-0.063807922991861
358,41.6989,123.4231,-0.063392215055525
736,49.254344,6.867744,-0.0633912316986699
1382,38.06503,-84.49761,-0.0633514352753125
779,45.93766834,13.91156335,-0.0633379716269761
187,32.4287,105.8628,-0.0604197494012672
1455,38.23887,-82.9881,-0.0585218866422006
492,26.3108,117.7275,-0.0582784403752842
979,51.396095,12.234054,-0.0582573165477008
826,45.1546,7.658,-0.0572638085474411
825,48.04944444,14.44277778,-0.0570840799766319
738,45.431539,28.054742,-0.0550046249681699
85,34.2629,108.993,-0.0537537283905948
64,40.6821,109.8538,-0.0532447268269971
378,43.9166,125.3325,-0.0529927312005911
493,31.9037,102.224,-0.0525072169360026
193,30.0475,101.9603,-0.0507684596847388
895,47.64892,-2.76399,-0.0498034137804125
256,45.3001,130.9762,-0.0496656910262142
793,47.06701111,15.49368889,-0.0496299947750834
1379,32.50996,-92.046196,-0.0492156237279625
953,45.69802778,18.83463889,-0.0490014972997323
673,49.419528,8.6767,-0.0482203322310873
507,27.2272,111.4328,-0.0464317705779633
1263,36.019184,-83.87381,-0.0455541515591996
841,47.557222,18.420836,-0.0450518808773426
126,37.5433,121.3719,-0.0433308950494288
1310,45.2384,-86.994,-0.0427202224268458
1261,35.63348,-83.941605,-0.042396913395575
1405,43.577602,-116.178154,-0.0413793817876405
1090,50.221941,8.446079,-0.0395862454372504
526,27.8851,102.2685,-0.0389417818130935
1357,42.14175,-80.03861,-0.038746035425291
1157,47.594913,7.568175,-0.0387131188869887
808,48.782852,20.987197,-0.0387025359023291
1265,35.233475,-85.18158,-0.0383348295718621
1120,50.94535924,3.15240159,-0.0373888091551618
1078,41.03028,21.33667,-0.0369082561361527
1015,48.17278,6.452811,-0.0367042416591016
651,23.1522,112.5544,-0.0361153034387629
1037,49.83918762,18.26368904,-0.0356043896930785
272,37.0886,114.4704,-0.0325317677045197
1334,43.05235,-76.05921,-0.0309977630375621
400,27.0999,114.9658,-0.0309100945759946
868,47.739919,26.658519,-0.0294283076296765
1129,51.49633,-0.460861,-0.0273869369571212
870,52.800773,10.756733,-0.0255739288621821
1102,50.010325,8.451527,-0.0253089816928646
828,43.9275,12.224722,-0.0249845110941761
813,47.04735,16.07905,-0.0243645661955969
939,46.23451421,15.262476,-0.0241578719798289
1208,44.386558,23.733658,-0.0215700128978557
552,28.6542,121.419,-0.0208724314570412
1048,43.5589,-5.9275,-0.0208678964182562
1322,40.816,-73.902,-0.0178304950391013
133,32.9917,112.5192,-0.0157349695187759
571,25.0492,101.538,-0.0151240760047632
1447,40.74529,-73.41919,-0.0150745475216374
1391,39.749027,-86.18627,-0.0128093690216295
108,37.8703,113.5614,-0.0125587164718274
949,50.81487387,3.322494319,-0.0117136044019066
332,45.6842,126.6206,-0.0103343643028932
881,51.468662,5.47235,-0.0093798879434279
4,47.3386,123.9488,-0.0079423813512666
455,36.885,120.515,-0.0075765318044358
1350,42.51831,-89.06347,-0.0061205038675975
567,26.0746,119.317,-0.0055671797489584
139,30.2006,115.0817,-0.0048841102207841
1071,47.664361,9.169289,-0.0048409945954291
1155,43.26444,-4.06278,-0.0039993233058024
233,37.5136,111.1297,-0.0012283983450535
406,30.1819,120.2697,-0.0005772190523499
1262,36.085506,-83.76481,0.0018700451901261
418,28.2642,117.0564,0.0034781598948423
1321,40.72099,-74.192894,0.0036147851844019
1432,36.60843,-83.73694,0.0039961319179478
329,31.3008,121.467,0.004250250842028
1066,45.263142,27.969506,0.0043777183380235
216,41.7325,125.9446,0.0053112079894296
36,34.493,109.4636,0.0057189269278786
1070,48.889039,8.665536,0.0065796799641507
184,30.1256,104.6296,0.0069145679372057
174,42.8172,93.5128,0.0076085174487323
707,43.230297,0.062339,0.0078116807766717
1301,34.785217,-84.62643,0.0083852881789243
33,34.3739,107.1186,0.00945624716155
702,60.37288,11.07407,0.0097832261372586
989,53.63074,10.110595,0.0103984182590441
620,27.7314,112.0194,0.0108064636507156
1326,42.68075,-73.75733,0.0111665874269252
1454,39.96528,-76.69945,0.0138669139710019
781,48.167961,17.106244,0.0147304438043162
598,26.4214,111.6156,0.0167912418777381
324,40.8369,111.7516,0.018843280979615
842,47.091111,17.901122,0.0190816020341189
270,37.7124,112.469,0.0191462690636327
1053,50.125332,8.746343,0.0198051757197541
1194,49.18742,6.910867,0.0205287050383761
1306,44.70735,-89.77192,0.0205349877064639
1025,40.67354965,22.89343834,0.0220672594744361
1046,40.33639,-1.10667,0.0231063894945575
804,48.124711,17.125496,0.0248085226047763
917,47.72514,10.306561,0.025512789611219
705,45.5588,8.0564,0.0256226397008708
1069,52.398406,13.368103,0.02674985325157
443,49.2261,119.7594,0.0283058105550436
706,42.09791019,1.848237224,0.0283447494133035
572,38.4418,106.2266,0.0294003751954464
846,47.105278,17.556667,0.0315222204763037
1421,39.46048,-76.633545,0.0323333565314697
561,29.6547,116.0172,0.0329629068924871
1302,37.1655,-78.3069,0.0340416095521314
1312,32.364567,-88.73149,0.0363567690848645
995,53.56414,9.967882,0.0368737992282707
534,28.2053,113.0792,0.0388581408587804
524,29.9833,103.0111,0.0389610526893173
1136,42.45639,14.23472,0.0392909184017751
1411,34.623238,-82.53206,0.0397932438181352
816,49.211447,18.771215,0.04086211068754
1056,43.1788,-6.5527,0.0410889730031591
1404,39.99139,-75.08083,0.0413540975053519
73,40.1092,124.3633,0.0415213156747751
1384,42.334984,-89.03777,0.0429684725858691
1409,43.54792,-96.70077,0.0446143112473834
894,50.159406,19.477464,0.0480983832113577
803,48.16206944,16.52561389,0.0491983678596461
11,46.408,124.902,0.0493234533040616
654,28.4586,119.93,0.050290562826238
1106,50.84971052,4.33410368,0.0504203156391036
111,42.2554,118.8788,0.0513147491586447
1245,33.81468,-80.781136,0.0513953539911906
812,47.27129,11.4169445,0.0514593248446214
921,48.773072,8.220214,0.0519175016159449
645,36.7019,119.12,0.0532584162612034
924,49.544078,8.465281,0.0542407571859493
144,32.5714,110.8839,0.055578358191797
1251,35.59095,-78.4622,0.0556703240114598
1145,50.42864609,14.91385937,0.0574297020231042
1126,49.079012,19.3025249,0.0577127389323638
150,33.5699,114.051,0.0584146829820064
1394,33.553055,-86.815,0.0594877573247186
1027,49.90167,2.304597,0.0599383051416087
732,45.9225,6.87,0.0603851136216945
1424,42.27807,-85.54189,0.0617162537730585
440,29.3547,110.5594,0.0620261433240002
683,45.6725,12.238611,0.0632569187551913
8,44.5963,129.5904,0.0637590241469756
1423,35.43477,-83.44213,0.0643704643915088
155,31.737,116.5079,0.0647439423920946
288,30.2692,120.1903,0.0662804632633186
962,45.957778,12.618611,0.0662994420031009
1164,43.675114,4.62921,0.0679828374224059
1253,48.41252,-92.82922,0.0688317973023754
827,45.193889,9.164722,0.0690743566610195
557,32.6389,110.7258,0.069898323383541
952,46.951,7.44087,0.0702598510705722
349,45.7258,126.6411,0.0733045083951511
381,39.8863,116.4072,0.0748072974986026
367,45.7733,126.689,0.0783281695881581
839,48.247222,20.616403,0.0789549261772998
1075,44.319639,28.610292,0.0790101366011313
300,34.81334,113.56746,0.0792776176911847
223,39.3617,112.4575,0.0833939478286904
957,47.0674,8.46333,0.0847438714278755
1390,38.65643,-90.19835,0.0853437691625791
23,41.2864,123.7669,0.0854963212203724
299,34.80246,113.67526,0.0861714128612261
338,31.3708,120.641,0.0862167368287232
341,34.5885,119.176,0.0872405159274546
848,46.62936,14.28931,0.088166578626541
138,30.2313,115.0601,0.0883137298115637
415,28.9634,105.4324,0.0902495270694513
442,36.7729,119.1936,0.0913623424032979
817,47.8055556,13.043333,0.0943110963831788
1107,50.6134125,5.570222814,0.0963900019658871
980,51.317905,12.297411,0.0968933918191933
531,29.5822,105.0406,0.0971050369710672
709,52.407578,20.955928,0.0978072491980697
889,50.74823,2.25978,0.0995756098728788
1233,47.30737,5.065881,0.0998899089859216
602,44.0114,87.2997,0.0999575677784582
685,48.85731,7.314175,0.1013812022628788
1215,53.694628,19.968892,0.1016139777121045
1169,45.84299,13.54308,0.1019697659589616
844,64.244226,19.767238,0.102421285616842
480,27.5002,114.0997,0.1026233914968462
1176,44.825,11.649722,0.1031338640610466
752,45.3189,8.4024,0.1041789297079639
653,29.6277,106.6556,0.1048007534461915
1026,43.623608,1.438531,0.1049420094946851
961,50.79664963,4.358623958,0.1050243926925088
593,33.3663,120.1544,0.1059200024551191
865,50.978292,10.317236,0.1069129358084941
1278,41.24045,-80.66272,0.1074527722131297
610,30.8955,120.0875,0.1087918521799157
885,51.407365,5.393328,0.1093787179189189
1005,44.7037,8.0333,0.1101750744913861
421,27.8246,114.9231,0.1102541002348997
1296,43.4351,-89.67979,0.11065136059528
2,43.8306,126.555,0.1130686280244278
763,46.17,1.87,0.1136997674033032
785,60.608299,15.6294,0.114128769390594
883,50.736389,15.739722,0.115243777937213
424,33.774,113.182,0.1154528533148531
528,26.5892,104.8,0.1160969541944185
131,33.6128,114.6613,0.1161753557795604
1318,42.04915,-88.273026,0.1164318143705822
1222,49.23074,7.003174,0.1170587095491912
686,48.610363,7.781631,0.118969082569023
1238,40.6646,-3.7739,0.119604427658278
596,33.965,118.283,0.1221725142594968
855,42.142889,24.765239,0.1224419245764795
987,49.052284,8.253538,0.1241967676069409
374,43.8805,125.3297,0.1248418833695168
1425,40.304695,-79.50567,0.1249425538279011
597,25.0441,101.5482,0.1265130404807998
514,28.6842,115.9314,0.1271044924166994
249,30.97,117.8483,0.1276498606683576
1255,38.013332,-87.577225,0.1296038250330354
1185,51.536893,7.457409,0.1298937474661029
1091,46.708333,14.891667,0.1308199802626257
1237,41.9356664,2.238568301,0.1311038366749457
723,46.19583,6.240556,0.1321006589012942
1143,52.411563,-1.560228,0.1328287119977508
71,40.1503,124.4256,0.1353518504879395
459,31.656,120.734,0.138268386617791
52,30.3197,112.2494,0.1389703782796623
922,47.649258,26.249011,0.1393661931614603
896,43.1804,-2.2682,0.13969005745147
1244,34.09396,-80.9623,0.140415093562929
1217,53.24696,10.4565,0.1404642672845377
934,47.5292,9.9267,0.1418152745535781
53,30.3544,112.2008,0.1424205266952706
687,45.183611,11.311389,0.1427249499984972
1320,40.136337,-111.6605,0.1434508099220591
762,45.158745,1.537222,0.1456274505375877
1154,41.66638888,-4.715,0.145746496107259
1218,51.028931,7.004976,0.1464391363257643
629,39.8261,109.9486,0.1494163156904553
974,49.841221,7.866222,0.1494918890162649
0,39.8784,116.3621,0.1496038309204608
506,27.7344,109.1839,0.153413892226764
116,37.4451,116.2991,0.1545281344844015
677,43.2561,-5.7759,0.1545863965286079
1402,43.656765,-70.629135,0.15593191195885
971,49.438464,12.548869,0.1587526029346675
774,47.40555556,15.36083333,0.1600951185081794
301,34.7525,113.64164,0.1604589532821046
695,49.50260925,18.53856087,0.1608587701346433
1346,39.4125,-107.23056,0.1608598351828024
232,37.5211,111.1406,0.1611082377647575
655,30.5767,104.0594,0.1626415140127611
1006,51.27399,1.098061,0.163767800603717
1039,50.766815,7.973542,0.164699191818297
1165,43.0819,-1.9127,0.1648864918141866
652,37.374,120.399,0.1653433026437838
179,44.3075,86.0697,0.1697148609259985
882,51.60308,4.781016,0.1703646299831985
794,65.04338,25.4979,0.1711823715267676
1149,43.3094,-2.0109,0.173538131397932
326,45.7319,126.685,0.1739305070196013
616,38.0378,114.5481,0.1759736173906411
432,29.7228,106.6263,0.176598478788089
898,47.737415,7.309075,0.1793315279391231
1329,32.726658,-103.12292,0.1810923343566382
759,45.84083,9.34889,0.1811545514748323
1369,43.176674,-85.41661,0.1837011686871628
129,36.2017,117.0885,0.1854555777062834
856,42.680558,23.296786,0.1863157153811758
998,48.173194,11.648036,0.1876090341310743
1354,40.814182,-79.56475,0.1881117595137642
475,29.3867,117.3102,0.1881775193714493
746,42.14326062,2.510206967,0.1882875174914888
522,36.1758,117.1089,0.1895400195289779
940,48.248993,16.357079,0.1922438870735229
405,28.7562,104.639,0.1930158238724498
7,44.561,129.61,0.1934100821933453
798,42.404687,12.857794,0.1937395717585012
767,44.013056,12.42,0.1955946098470179
999,44.98375,26.015214,0.1959007961478556
527,27.8914,102.237,0.1967129689254284
991,47.2474,6.015419,0.1996017266110331
668,26.5161,106.694,0.2005790990627353
739,49.357861,6.73354,0.2007319105092256
703,50.02403641,15.76354885,0.2007977543037472
691,48.001511,7.832122,0.2020515175121098
1370,42.51334,-83.005974,0.203193667153732
290,37.9854,112.549,0.204596363486128
1057,52.349703,13.424304,0.2048517610968698
838,45.1391,7.0501,0.2049966660085232
398,29.7166,106.6205,0.2051416599425078
1131,46.112775,24.22805,0.2057326352657923
317,36.6734,117.1265,0.2086062826369762
1434,43.68578,-74.98538,0.2114214902622935
382,39.9295,116.3392,0.2121857927501809
862,51.921389,4.401389,0.2144458453566221
190,31.2124,107.4644,0.215747894244353
698,49.77012634,13.36822128,0.2163074453841608
750,43.2757,-5.596,0.2229607111342212
356,41.8411,123.5903,0.2233563812183649
1032,45.60222,9.27611,0.224421350026344
425,29.9572,121.713,0.2248015134713952
154,32.8605,115.8554,0.2264051646970495
918,48.904228,11.948795,0.2269005261546921
1335,42.09142,-77.20978,0.2269647508887226
1241,35.507225,-82.96362,0.2270815110486887
1036,51.360755,9.271233,0.2272358448153579
1293,35.614132,-97.47508,0.2281046828203271
787,49.50504,5.97694,0.2296892455180263
875,40.641111,-8.100556,0.2301585053877018
633,36.5819,101.834,0.2310743068420054
238,50.2472,127.5291,0.2317584178899326
680,44.9089,8.2055,0.2356029427535435
595,34.4285,115.6702,0.2371663815364788
1007,48.9964,1.7033,0.2384176987681818
1344,41.84046,-72.01037,0.2430937271567693
521,30.5944,114.3014,0.2440101503992249
51,30.7856,106.1064,0.245694480979081
960,51.25210341,4.491362028,0.2471321671837855
307,30.6189,114.282,0.24731552829179
1294,44.735977,-68.67075,0.2510574730056011
93,34.9976,118.2794,0.2520280226027615
285,40.8033,111.6572,0.2520824057058372
1426,30.848612,-85.60389,0.2535735860927368
770,45.4512,7.878,0.2544721242474851
1227,41.636078,25.379683,0.2560021898217909
1427,39.52508,-119.80772,0.2571831647239515
1121,50.85205095,4.347777506,0.2592587289814788
1345,41.97639,-72.388054,0.2594238055790029
182,36.5446,104.1724,0.2602783176097682
1339,38.8577,-77.05922,0.2603791744425197
1040,53.060045,8.916966,0.2621970230623296
973,49.446,7.7673,0.2633153415512265
1333,40.06483,-74.44405,0.2641963229400755
319,38.9108,115.4713,0.2650496330674516
237,50.2341,127.5144,0.2651213740256523
719,47.27476,4.099476,0.2688475401863486
790,46.835,14.84361111,0.2689090855625253
266,48.471,129.5029,0.2691711399122
861,46.765425,23.550258,0.2714045293782229
734,43.310833,-0.391111,0.2722297336182963
773,48.40861,15.619166,0.2722770786251958
1303,33.588547,-84.06961,0.272570317790286
927,54.88361,-1.406878,0.2727687116442639
1083,40.314518,-3.716868,0.2727817573303376
1375,42.298492,-72.334076,0.2731242993046694
1307,43.7775,-91.2269,0.2738367500155454
996,49.32273,11.02792,0.2761870069616488
797,46.7675,15.956111,0.2777485845966259
1189,46.1625,12.360833,0.2812992734141457
1206,45.238642,19.835704,0.2821399474326606
525,37.5072,122.1067,0.2823325270326295
399,29.4572,106.3754,0.2842361888804246
494,25.7759,113.0348,0.2858150939558715
1349,43.1818,-87.901,0.2858946738611184
950,50.46519216,3.939714326,0.2874008575517538
120,36.8103,118.0414,0.2874370603102057
782,42.157856,11.908954,0.2890415623786993
749,43.313,-7.6937,0.2942404755750966
1042,53.924712,9.532635,0.2954654790873553
95,36.1856,113.0844,0.2964888642664319
59,30.8023,106.0789,0.2966264210052601
806,47.128863,10.034324,0.2974095185014435
784,55.072222,24.283894,0.2980956301063573
1223,47.0677,8.30068,0.3001013285424284
874,45.60822,5.270872,0.3007676989961387
758,45.47833,9.23583,0.3016972695386682
612,24.6947,108.0497,0.3017191169649564
1153,41.63528,-0.89361,0.3023804676078137
1323,43.14618,-77.54817,0.3046174004109515
1286,36.02661,-80.341965,0.3049502939297106
748,43.2941,-5.6796,0.30526349679149
575,30.4576,106.6303,0.3058914275605153
745,40.41666666,-0.24916666,0.3059246668964601
613,30.7525,120.7846,0.3066040539668775
252,45.1214,124.8006,0.3077458589739026
1061,50.048397,10.232076,0.3092885575350533
972,46.934128,26.38925,0.3094361054472228
854,42.666508,23.400164,0.3095832847394279
1420,35.158688,-78.728035,0.3098316370434172
1138,52.401352,13.059945,0.3108920894189083
1168,43.79306,11.09778,0.3139345911669617
955,47.4067,9.39438,0.3148594748876614
967,53.480927,9.857223,0.3149571457453434
1064,56.2904,8.4274,0.3161767830850607
617,39.0845,117.1589,0.3183685941440143
829,46.143173,-0.396042,0.3186063725529755
24,41.2664,123.7992,0.3191406458770736
994,49.872303,8.664619,0.3207062915859802
235,41.9419,126.4077,0.3223833358737605
701,46.13167,9.56639,0.3250704709700713
1180,56.15976,10.19364,0.3269866313705
413,28.7199,104.5742,0.3274570731355694
792,45.760833,11.736667,0.3284533386023181
1147,52.115725,21.237297,0.3287798529246968
1142,46.632142,27.730886,0.3288611649438657
1033,45.038333,9.669167,0.3300065663769869
109,42.2816,118.9233,0.334580397679569
1407,41.965195,-87.87627,0.335610518520918
99,40.0844,113.2711,0.3360949699252307
316,31.7964,117.3027,0.3363248007361505
365,43.7783,125.245,0.3364205736069316
1437,29.823318,-94.98379,0.3385498354174553
1187,43.285,13.42861,0.3387914176142962
472,35.176,113.2467,0.3393782217030755
847,41.97833,21.47,0.3422763730324282
366,45.7667,126.635,0.3423677358037618
1044,53.064262,14.285139,0.3432960879577996
1124,45.690278,9.643889,0.3436057261040097
1172,46.162556,-1.153603,0.345971838599629
741,59.4944458,25.9305687,0.3462809986030058
1304,34.474525,-85.408844,0.3503529176893389
1020,45.560556,11.539722,0.3516041493226816
747,46.671307,5.556806,0.3541317106597832
689,43.25055555,-2.155,0.3573965383213618
1252,42.416637,-83.90218,0.3583328446948363
498,34.7178,113.7329,0.3585160966140824
1220,43.25811,-2.97344,0.3589681320720642
1438,35.206112,-111.65278,0.3594605444189413
1009,55.79216,-3.2429,0.3602929977193928
42,34.6258,112.4267,0.3609459712496329
1134,45.736694,21.250808,0.3631753697500751
1361,41.44278,-75.623055,0.3632967507074991
904,50.78944397,14.08679867,0.3638415908878524
710,49.23290634,17.66717529,0.3639456468374581
218,33.6406,114.6369,0.3643162660783047
1300,33.43395,-84.16181,0.3666124508525032
441,29.5102,106.5777,0.3686077746204328
851,43.126475,25.691211,0.3711396116178092
361,32.4625,119.9189,0.3720106042976018
1442,32.52127,-84.94463,0.3733697577345513
183,31.7275,113.3583,0.3749094202405769
82,43.8711,87.5525,0.3769678403005715
679,48.899233,9.172792,0.3781015090014481
274,38.3254,116.8584,0.3791546166014813
178,44.2967,86.0497,0.3808819182321272
1418,45.49664,-122.602875,0.3830419695129104
837,44.73473,9.36693,0.3831994579245245
226,39.9289,116.4174,0.383303758746397
553,24.8978,118.5972,0.3834934214453147
460,31.882,120.55,0.3842299347512816
523,29.9775,102.9905,0.384308844694699
518,29.5844,103.7627,0.3857924118707868
98,40.0917,113.3444,0.3865733175837266
62,30.7236,103.9728,0.386892514808376
970,51.698954,7.122684,0.3910619322057466
623,33.5828,114.0138,0.3920448217207457
835,48.39167,13.67085,0.392253675392398
1128,45.371944,11.841944,0.3957446037650465
646,36.6331,117.9592,0.3960968960144355
9,44.6075,129.6364,0.399772577698827
5,47.3227,123.9483,0.4011823115559218
840,54.68611145,25.2108345,0.4012891977752191
454,29.6963,118.2903,0.4020401349155652
1247,35.0608,-83.4306,0.4031826132105037
1074,43.5512,-5.9197,0.4066825375881297
905,45.873889,10.1775,0.4076558885489235
263,46.5656,131.12,0.4077396037267111
13,46.6215,124.9042,0.4086124023241256
1193,42.39197569,2.842138412,0.4118129168318482
819,45.6642,8.1598,0.4136050984400204
1415,30.419806,-91.182014,0.4140057780715532
255,45.6077,122.7911,0.4182846038105817
371,43.8447,125.3863,0.4188498825235469
864,42.90056,13.33667,0.421520402883114
902,45.038831,24.298631,0.425917367898226
609,23.7256,109.2203,0.427393483046084
696,49.91351318,14.7826252,0.4321791488374027
1118,50.65844442,5.627835291,0.4328852988372337
485,31.0201,103.6202,0.4332042256526257
1199,43.650722,25.363583,0.4350659992194368
562,22.2281,113.299,0.4353746866720863
644,37.4658,118.5019,0.4396450488429562
229,35.0147,110.9956,0.4410487412906801
1030,50.5976,-3.71651,0.4441858406029995
1413,41.094967,-85.101814,0.4452276642579578
199,30.2756,118.1371,0.4461626867867244
1108,40.3419,-3.8337,0.4465091136175296
873,55.39638901,10.38917255,0.4513006638313813
335,34.2778,117.2933,0.4546845577437753
867,51.207944,10.450997,0.4552414674211539
1308,42.5956,-87.88576,0.4558272701294905
186,30.2981,109.4978,0.4607408687519843
467,29.334,120.04,0.4609403078039016
320,38.8632,115.493,0.4630740757402479
783,41.669172,13.674326,0.4644230279933358
208,41.2495,123.1683,0.4664358655643053
1246,33.342224,-81.788734,0.4681502896366339
10,44.5462,129.6386,0.4686305645444422
639,33.3942,120.156,0.4718727600768735
1130,51.47707,0.317969,0.4724191576622862
538,28.2675,109.6958,0.4747415751761771
814,45.79728,3.113833,0.4781998512842478
513,25.0992,104.8811,0.4795048111506144
724,43.32074,-3.11272,0.4833030595422656
57,31.1317,104.3826,0.4840214954509811
932,43.322554,21.919025,0.4851621684393144
499,34.77172,113.73961,0.4858671479567388
333,45.7478,126.593,0.4860194218446995
55,31.4668,104.6697,0.4908273460102844
886,53.246535,6.608937,0.4911514969880198
931,50.12218857,14.46757793,0.4935212837753342
1313,38.86067,-90.10585,0.4953393918342773
360,40.7612,111.717,0.4961742259899652
714,53.134088,17.995712,0.4990803993033964
588,35.5934,104.6194,0.5018695923396127
530,31.2827,107.5277,0.5037796764210989
29,36.6028,109.4761,0.5039915795937738
214,46.0656,122.0392,0.5056366996051617
569,26.8906,100.2203,0.5069316940042229
1196,44.938125,26.044994,0.5110711705987442
1014,50.32276,3.39593,0.511186327779493
268,30.6764,104.1419,0.5116059888046689
669,29.4251,113.1493,0.5123141593570809
1325,44.08747,-75.97316,0.5145217286566273
672,52.420319,16.877289,0.5162996228125986
1292,35.320107,-97.4841,0.518158024016275
21,41.3094,123.7169,0.5182978120961302
1236,42.44,-2.239,0.5220135414578034
1132,49.165508,9.224786,0.5253642296352721
482,31.5031,120.242,0.5267952358060415
251,46.7975,130.3258,0.5293305816977782
1060,46.564369,26.910667,0.5301745933516963
559,29.7046,115.9584,0.5304557488045982
956,44.9513,7.6362,0.5346934845603558
983,41.947654,12.533667,0.5356157605543768
172,42.9418,89.1904,0.5369760574741009
147,30.9891,112.1969,0.5389042149655866
566,28.0089,120.634,0.542745524097832
479,27.7019,106.9242,0.5433007547197282
247,30.9412,117.8177,0.5439820848969603
1094,55.46333313,26.00416946,0.5461698539352926
1288,30.229652,-90.96563,0.5480414104759821
547,44.5782,129.6115,0.5485663488214338
1115,59.316007,18.057807,0.550491406406963
1117,51.0612777,3.77526239,0.5531582959434397
731,45.0419,7.6259,0.5572905159127358
766,45.848333,11.569167,0.5640608921663314
515,26.8956,112.6211,0.564497482246095
618,28.4436,117.9756,0.5648049097277037
665,31.751,119.579,0.5670460745624475
1202,42.284,21.2738,0.5700754452927946
1403,29.939613,-89.92388,0.5752614015187402
975,49.628771,8.364779,0.575397848160089
728,49.442356,1.093789,0.5770531594576471
1087,50.383217,8.060998,0.5771647440472951
1101,42.056383,25.59345,0.5797449258650605
636,23.4714,116.7519,0.5824039299366527
310,36.663,117.0495,0.5835260878617964
753,42.33611,-3.63611,0.5854207642291431
81,43.831,87.6432,0.5864325186576947
41,35.0697,109.0697,0.5877556639682892
1156,43.40444,-3.84194,0.5919714432799861
1224,53.74878,-0.341222,0.6019483306747939
512,25.0925,104.9022,0.6041743784905367
1305,46.0519,-89.654,0.6042653910939546
866,50.979455,11.037924,0.6053723371598632
615,37.6828,112.7195,0.6058444934742837
430,29.3578,113.1094,0.6078302814528875
872,50.654066,10.769534,0.612833350508061
1285,30.700895,-91.05607,0.627080662193442
954,67.878588,21.062962,0.6286896354555893
670,28.687,115.8518,0.629274008482253
1366,42.86183,-71.878624,0.6313749134641361
529,31.2132,107.4988,0.6318263315716245
771,43.3583,-5.8664,0.6322907223723943
213,43.1713,124.4002,0.6347207379082678
84,30.6306,104.1122,0.6403657057317917
277,39.5269,116.7244,0.6441160202247709
1031,45.226667,11.665833,0.6465416802235158
1417,41.705227,-76.512726,0.6507107968190118
941,47.04027778,14.330725,0.6526593654481402
1243,35.438557,-81.27675,0.6563328775227656
1284,32.535294,-93.74704,0.661813091365258
253,47.3086,130.2684,0.6622354240617655
318,31.8403,117.1318,0.6629767927679082
789,45.0249,7.6491,0.6706851233384722
397,26.3003,106.805,0.6716772879945864
925,52.99875,11.73846,0.6772122196355804
72,40.1461,124.3933,0.6788713043377016
845,47.561944,18.960008,0.6832789707694756
937,57.8634,11.9216,0.6838480910018091
1388,37.70097,-94.03474,0.6845808000011088
810,47.4885583,12.066633,0.6878722352408925
1201,41.15604,15.09675,0.6895462515737648
1179,46.555842,26.926942,0.6990656613675867
1013,49.276386,2.482167,0.7004648279637451
520,30.1506,104.6356,0.7021914402252907
487,46.098,85.6979,0.7041136497173399
1096,51.838221,5.856938,0.7085512334985499
1327,40.8679,-73.87809,0.7098528704902062
1160,42.36831811,1.776783258,0.7118114011527991
1446,43.670834,-110.59947,0.7175041667719063
1203,40.71099,14.70244,0.7206473863648106
877,46.256617,26.792892,0.7314629773086851
495,28.1944,113.0014,0.7361568006079496
50,34.7752,111.1922,0.7371643549225695
638,23.0822,114.4053,0.7499231206468665
6,47.2988,123.945,0.7823283691085471
1097,51.05833172,3.729298172,0.784195240020955
821,45.1758,7.5602,0.7975854247853477
380,38.8639,115.5086,0.8042811778044108
478,27.72,106.9178,0.8073354967392974
945,48.27329,14.31479,0.8115240662536799
327,31.1907,121.703,0.8238295386636729
1184,51.525955,6.97688,0.8513571591714616
1212,42.36417,13.38306,0.8525103343600307
355,41.8467,123.4264,0.8635604117151592
265,47.7412,128.9102,0.8637098848707179
1337,38.20087,-77.37742,0.8672369147361968
195,33.1138,107.0089,0.9230100893597436
1207,38.748611,-9.148889,0.9243302186042378
505,27.5721,109.5981,0.9314925099597168
500,30.2798,109.4707,0.9505274454980586
