,lat,lon,Date_Mid_Greenup_Phase_1_o3_r
250,50.2524,127.4833,-0.885252446867857
613,30.7525,120.7846,-0.8848895771398626
1408,40.3663,-80.6158,-0.8836720555995325
105,37.8572,113.5758,-0.8796615744851967
507,27.2272,111.4328,-0.8734996436956848
1414,40.046665,-76.28333,-0.8595364845937525
865,50.978292,10.317236,-0.8592938015745124
650,28.7728,104.6201,-0.8574910703793076
579,30.0003,120.5483,-0.8432603426684036
558,29.7535,116.0721,-0.8397851486566296
505,27.5721,109.5981,-0.8349534082987878
1131,46.112775,24.22805,-0.8321403782972817
89,34.1978,108.985,-0.8193851562289518
974,49.841221,7.866222,-0.8158949575685062
1049,50.877923,12.0749,-0.8023173814875116
1181,50.30886,2.807369,-0.800960365745885
138,30.2313,115.0601,-0.7981686387658566
591,36.61763,114.5129,-0.7973610071956453
453,26.567,101.7227,-0.7919472841067713
165,35.7609,115.0574,-0.7912229323320012
468,47.8517,88.1264,-0.7769553548166395
389,38.0058,114.4586,-0.7767510053070414
72,40.1461,124.3933,-0.7766687779894133
427,30.6465,111.3549,-0.7720606793998326
605,27.2442,111.5283,-0.7707993610003434
1206,45.238642,19.835704,-0.7578628246857542
949,50.81487387,3.322494319,-0.7548466603959592
1226,46.586918,0.358583,-0.7504984737510267
598,26.4214,111.6156,-0.7501367002452125
190,31.2124,107.4644,-0.7471317142672329
31,34.3017,107.0708,-0.743955305503296
967,53.480927,9.857223,-0.7425191600515956
853,41.694342,24.738078,-0.7406266760382832
448,31.172,120.658,-0.7370238295966811
989,53.63074,10.110595,-0.7210626473715062
379,30.6319,114.135,-0.7163630713777319
601,27.0803,114.9754,-0.7156832544775555
42,34.6258,112.4267,-0.710742325679956
476,46.7432,82.9994,-0.7094583492954067
603,32.4535,105.8945,-0.7060920914744198
405,28.7562,104.639,-0.704734006521785
1431,40.73614,-73.82153,-0.6896741005063977
976,45.56472,5.928333,-0.6872205906122645
292,37.8692,112.5369,-0.6839977172700762
1428,30.260279,-81.45361,-0.6767287927192489
937,57.8634,11.9216,-0.6766714752062977
549,28.9398,118.8692,-0.6758646375553014
113,35.4216,119.523,-0.6750877772489636
669,29.4251,113.1493,-0.6711940084899864
1427,39.52508,-119.80772,-0.6669017785842026
158,33.8518,115.7789,-0.649320904441268
432,29.7228,106.6263,-0.6447570263999457
354,41.7653,123.4114,-0.6425042661911473
1353,40.56333,-78.919975,-0.6424688980716505
969,51.453459,6.86505,-0.6397031856485136
166,31.0386,112.2213,-0.6394054246864347
527,27.8914,102.237,-0.636624012382683
878,43.293137,5.574184,-0.6355923063213315
675,48.962223,4.36,-0.6355646072959285
1013,49.276386,2.482167,-0.633625723513198
499,34.77172,113.73961,-0.6314002333692336
1220,43.25811,-2.97344,-0.6307783818820935
40,32.1059,114.1099,-0.6292261493678156
1300,33.43395,-84.16181,-0.6265919622220986
698,49.77012634,13.36822128,-0.6076471117466327
139,30.2006,115.0817,-0.6053460054832795
392,39.0343,117.707,-0.6049994834076511
1269,44.351696,-68.22698,-0.6045681140617571
1406,41.644066,-83.54616,-0.6039157600907791
502,28.1322,113.0178,-0.6027796624634345
541,27.7044,111.9892,-0.6022196066791716
991,47.2474,6.015419,-0.6004608604460254
1391,39.749027,-86.18627,-0.5993486300191968
1070,48.889039,8.665536,-0.5972451055045697
925,52.99875,11.73846,-0.5964611372417027
731,45.0419,7.6259,-0.5944619599844142
329,31.3008,121.467,-0.5937564484983898
1033,45.038333,9.669167,-0.5920443225218592
933,46.401944,13.011111,-0.5918861859796658
413,28.7199,104.5742,-0.5908336577967582
904,50.78944397,14.08679867,-0.5894686686420517
1213,50.676856,17.950278,-0.5878264939458615
608,27.5444,109.9453,-0.5858353382449702
1309,45.56498,-88.80859,-0.5851906253035773
508,28.1308,112.8908,-0.5829443398771723
438,27.8336,113.251,-0.5823331610762461
307,30.6189,114.282,-0.5810475838842901
55,31.4668,104.6697,-0.5803135030610636
931,50.12218857,14.46757793,-0.5766168110695313
408,27.0968,115.0093,-0.5749182912040429
2,43.8306,126.555,-0.5739361040077937
985,49.351124,8.423,-0.5690769742122004
32,34.3672,107.1906,-0.5680368394110153
684,50.010575,19.949189,-0.5673872005685233
1419,41.645382,-70.89751,-0.5660689111968876
333,45.7478,126.593,-0.561292121848054
14,31.6837,118.5092,-0.5590874700819385
84,30.6306,104.1122,-0.5585798218051125
815,49.028057,2.750278,-0.5577404215483903
421,27.8246,114.9231,-0.557484435447468
284,33.5039,119.135,-0.5542916686274996
995,53.56414,9.967882,-0.5538724417402929
533,30.5366,105.5861,-0.5476339874761004
720,47.3456,5.002377,-0.5473811975690388
131,33.6128,114.6613,-0.5462691720703032
466,31.4,119.46,-0.5444894038874427
1057,52.349703,13.424304,-0.5425164752255619
1322,40.816,-73.902,-0.5397786412581829
1228,46.9631,7.46252,-0.5362825995896185
739,49.357861,6.73354,-0.5358120797646121
992,47.538193,6.868361,-0.5341864237531828
51,30.7856,106.1064,-0.5328071179742898
1285,30.700895,-91.05607,-0.5322428100129815
296,40.8336,114.8883,-0.5309485129881613
191,31.8896,102.2502,-0.5305419590778665
300,34.81334,113.56746,-0.5296683182197661
695,49.50260925,18.53856087,-0.5291144670526707
994,49.872303,8.664619,-0.5276386067953434
490,36.864,118.78,-0.5276324741397637
226,39.9289,116.4174,-0.5267937087337969
465,31.737,119.579,-0.5256016645629402
232,37.5211,111.1406,-0.5238780917988146
321,36.6133,114.484,-0.5238720957941412
686,48.610363,7.781631,-0.5212694102604961
1331,41.058617,-74.25555,-0.5189269284532231
799,47.09436111,15.41511111,-0.5170118860648287
609,23.7256,109.2203,-0.515769975444122
1241,35.507225,-82.96362,-0.5154997260395976
1306,44.70735,-89.77192,-0.513936349242498
283,33.6067,118.989,-0.5115583485944477
414,26.585,101.7169,-0.5112459121521176
894,50.159406,19.477464,-0.5097507902352479
1029,42.53417,12.52194,-0.5092182776527188
332,45.6842,126.6206,-0.5090344963387426
491,43.941,81.3364,-0.5060708548696542
340,32.02,120.87,-0.5044545879165341
133,32.9917,112.5192,-0.5029801579202371
1006,51.27399,1.098061,-0.5011171523431164
86,34.2173,108.9356,-0.5009726214628651
1027,49.90167,2.304597,-0.5002058104907082
154,32.8605,115.8554,-0.4990623643661342
751,49.259552,2.474397,-0.4988774808012781
253,47.3086,130.2684,-0.4986752873795748
8,44.5963,129.5904,-0.497059070408776
362,40.7866,111.5512,-0.4962878166479743
860,43.28334,5.511384,-0.4883312011711137
401,28.793,104.563,-0.4878793621908017
694,54.124819,22.038056,-0.4857950841187201
580,30.4519,114.8858,-0.4831400009245865
265,47.7412,128.9102,-0.4811239576314238
87,34.2322,108.8922,-0.4792799631257227
1452,40.27813,-105.54564,-0.478880112447352
1404,39.99139,-75.08083,-0.4783229210460833
512,25.0925,104.9022,-0.4771827081219709
1149,43.3094,-2.0109,-0.4739978579566629
1091,46.708333,14.891667,-0.4718471572478336
1221,43.4015,-5.8028,-0.4716600927782721
93,34.9976,118.2794,-0.4714242357251947
923,51.054558,12.141322,-0.4688955383216088
279,41.0026,117.9268,-0.4681233079414227
1050,46.522,6.63963,-0.468037921229926
419,30.3119,120.1197,-0.4669464871527904
983,41.947654,12.533667,-0.4664341035721255
1136,42.45639,14.23472,-0.4657704933159456
1103,47.4029,8.6134,-0.4655303122159823
1054,40.62984,-3.17159,-0.4641446795730184
1173,50.900317,5.986853,-0.4625241310978243
1312,32.364567,-88.73149,-0.461610328263951
1434,43.68578,-74.98538,-0.4612166409207852
797,46.7675,15.956111,-0.4608493337221144
463,31.909,120.237,-0.4607954136925518
1374,42.19438,-72.555115,-0.4607401727791586
244,46.8032,130.3648,-0.4606046556420078
522,36.1758,117.1089,-0.4600694410746223
23,41.2864,123.7669,-0.4593215854659025
973,49.446,7.7673,-0.4589177209417851
589,41.0385,113.1076,-0.4582651429782101
840,54.68611145,25.2108345,-0.4563710903146959
584,41.7173,125.9358,-0.4563007835219072
1405,43.577602,-116.178154,-0.4550920273907667
64,40.6821,109.8538,-0.4524809340798276
709,52.407578,20.955928,-0.451402474128277
387,39.6334,118.1725,-0.4490788385140249
966,51.406846,6.965589,-0.4483236146534386
433,32.0931,118.6414,-0.4482666177794265
679,48.899233,9.172792,-0.4467958092028753
874,45.60822,5.270872,-0.4465657803778181
820,48.753179,21.245046,-0.4440735267475407
74,41.1489,122.0303,-0.438355391861887
382,39.9295,116.3392,-0.4364108153840961
1126,49.079012,19.3025249,-0.4361677614173671
1399,32.362606,-88.27799,-0.4350714172976773
1291,39.9878,-79.2515,-0.4347370979880846
519,30.1383,104.6295,-0.4342730144582649
546,30.9285,113.9153,-0.434055190934384
344,34.2761,117.179,-0.4305274792342399
1443,39.399837,-119.73961,-0.4280508956656191
195,33.1138,107.0089,-0.4273091698385016
979,51.396095,12.234054,-0.4268964982552599
215,40.761,107.4212,-0.4262458469711843
1055,49.73244858,13.40228081,-0.4238569029698723
930,51.746848,14.33447,-0.4233270769235365
835,48.39167,13.67085,-0.4217265533971514
838,45.1391,7.0501,-0.421381994722657
1159,49.851334,3.284,-0.4196675805256025
754,49.744886,21.454617,-0.4193514564230093
916,48.397079,10.008293,-0.4163586036327082
302,30.558,114.2529,-0.4157697862128876
83,34.3731,109.2186,-0.4153290778276723
47,35.2127,113.2269,-0.4152767046296162
1090,50.221941,8.446079,-0.4146002202119389
511,26.8919,112.6006,-0.4115987629232081
125,37.5639,121.2514,-0.4114404431506143
469,30.8388,106.1087,-0.4105311076386436
473,26.6272,118.1756,-0.4090064626352434
391,38.8394,117.457,-0.408457584242732
789,45.0249,7.6491,-0.407099265251867
1019,52.437165,-1.829999,-0.405517068466971
79,35.0532,118.3429,-0.4054999329010295
415,28.9634,105.4324,-0.4052418869351312
956,44.9513,7.6362,-0.4027516139143989
587,31.9996,118.7356,-0.402144866617513
1086,50.13577,8.92157,-0.397605280477542
828,43.9275,12.224722,-0.3975962107072945
455,36.885,120.515,-0.3960981433500924
313,31.7848,117.1959,-0.3956097791011997
81,43.831,87.6432,-0.3945401823139156
276,30.8669,120.0751,-0.3944960786048588
663,31.6449,118.5024,-0.3923692533944937
172,42.9418,89.1904,-0.3918676208929358
793,47.06701111,15.49368889,-0.3904145046062751
868,47.739919,26.658519,-0.3897412397608255
1151,51.939783,15.518861,-0.3896308666227877
872,50.654066,10.769534,-0.386817056342251
1170,43.5915,3.88681,-0.3862219154498906
526,27.8851,102.2685,-0.3857539136892466
617,39.0845,117.1589,-0.3828150355852248
1380,44.310555,-84.89187,-0.381571298032578
1100,50.85671305,4.425760659,-0.3814009577247695
622,39.2474,117.7918,-0.3788381977703505
1139,50.66109467,14.04306316,-0.3784862598953986
987,49.052284,8.253538,-0.3766378192199285
1145,50.42864609,14.91385937,-0.3747054519124077
826,45.1546,7.658,-0.3746679552827608
411,31.2071,121.577,-0.3692576007135525
21,41.3094,123.7169,-0.36808797438809
743,58.370556,26.734722,-0.367166585418555
655,30.5767,104.0594,-0.3659177775909172
984,54.09323,10.240596,-0.3645941745872514
85,34.2629,108.993,-0.3645441536404385
298,34.77134,113.65724,-0.3644044886759607
630,27.9119,112.9074,-0.3628966424299988
1325,44.08747,-75.97316,-0.3626989558154577
722,49.40619,1.15515,-0.3606498022453634
462,31.955,119.18,-0.360260205816453
1121,50.85205095,4.347777506,-0.3583414163117925
458,31.381,120.999,-0.3568233182576614
928,51.5645,14.3764,-0.3543832774644563
1402,43.656765,-70.629135,-0.3532187952719732
1036,51.360755,9.271233,-0.3524847406447672
685,48.85731,7.314175,-0.3513821530995999
437,27.9153,113.0048,-0.3493914529876387
282,30.1808,120.0883,-0.3476227183616446
814,45.79728,3.113833,-0.3470847335313411
808,48.782852,20.987197,-0.3449993769378398
425,29.9572,121.713,-0.3434598996883131
883,50.736389,15.739722,-0.3399820834322982
5,47.3227,123.9483,-0.3390865433559775
364,38.9511,121.565,-0.3365005390596122
628,34.5023,109.4259,-0.3349253294265666
115,34.7837,117.2852,-0.3345262519515584
1328,41.05192,-73.76366,-0.3339757381042602
295,40.762,114.8902,-0.3321223546586471
88,34.3474,108.935,-0.3320632333385858
440,29.3547,110.5594,-0.3316724527028435
324,40.8369,111.7516,-0.3311950698679243
228,37.6982,112.6991,-0.3307294950476679
1262,36.085506,-83.76481,-0.3293139300970102
480,27.5002,114.0997,-0.3275326109628573
1208,44.386558,23.733658,-0.3273277730337786
915,44.4122,8.1695,-0.3266793090037013
1161,50.876983,18.416878,-0.3258805876056617
993,47.62,6.157611,-0.3256864929533395
728,49.442356,1.093789,-0.3245000172783335
221,35.4897,112.8676,-0.3241699481917813
380,38.8639,115.5086,-0.3238334209029794
947,48.33472,16.729445,-0.3232751137695769
821,45.1758,7.5602,-0.3221649045036575
712,52.029194,23.149389,-0.3220315257415791
869,47.913256,7.908035,-0.3193055577279475
390,39.9136,116.184,-0.3191711777289273
1417,41.705227,-76.512726,-0.3190614347893482
1369,43.176674,-85.41661,-0.3174849645210921
1071,47.664361,9.169289,-0.3167524363272155
521,30.5944,114.3014,-0.3163126653845275
1001,47.73344,12.891241,-0.3146988089037635
7,44.561,129.61,-0.312930095699837
547,44.5782,129.6115,-0.3103185166510513
1175,46.329586,-0.458889,-0.3101369339751335
444,25.2697,110.2819,-0.308718280564356
693,43.30277777,-1.98444444,-0.3080386573270642
562,22.2281,113.299,-0.3073592963768123
975,49.628771,8.364779,-0.3064473746482266
752,45.3189,8.4024,-0.3046390500173478
193,30.0475,101.9603,-0.3042799590014767
1106,50.84971052,4.33410368,-0.3020019905060122
1016,42.42212,12.109196,-0.3016710237594923
1289,35.379166,-82.7925,-0.3014025706142942
1255,38.013332,-87.577225,-0.2997229335201339
1366,42.86183,-71.878624,-0.2996594310589349
327,31.1907,121.703,-0.297737637740287
259,47.3388,130.3114,-0.2975093321642469
954,67.878588,21.062962,-0.2974753943341151
1188,53.59617,8.09059,-0.2960359000997705
807,47.410164,9.653713,-0.295961565458137
1290,35.587143,-83.07416,-0.2927001706452105
707,43.230297,0.062339,-0.2918439471859344
197,38.2839,109.7289,-0.291050690250274
1186,44.564972,27.366081,-0.2908618347419139
273,37.7541,115.6838,-0.2897564432152412
169,37.9251,102.6201,-0.2895731168739848
376,43.8463,125.2841,-0.2891575331924946
1301,34.785217,-84.62643,-0.2890913091678341
308,30.6217,114.3646,-0.2878448939688574
689,43.25055555,-2.155,-0.2856896142248236
1278,41.24045,-80.66272,-0.2854739539035859
530,31.2827,107.5277,-0.2853013173746008
426,37.3753,97.3731,-0.2851793088484953
1111,47.47706,11.05722,-0.2851646425707766
1214,45.297325,27.949461,-0.2819740391782261
1350,42.51831,-89.06347,-0.2807997659349308
0,39.8784,116.3621,-0.2784489202521083
1425,40.304695,-79.50567,-0.2770216237592797
1232,49.15167,-0.352778,-0.2768448034366728
906,46.08253,10.95804,-0.2743436610106377
1393,33.578335,-86.77389,-0.273624534105333
749,43.313,-7.6937,-0.2729703302079846
461,32.6524,117.0067,-0.2727942617298015
475,29.3867,117.3102,-0.2698100426921523
367,45.7733,126.689,-0.2694282386307069
948,46.6775,12.972,-0.2692265040087337
1367,41.3014,-72.90287,-0.2687258074438206
714,53.134088,17.995712,-0.2686293826327316
500,30.2798,109.4707,-0.2655369107307935
524,29.9833,103.0111,-0.2649596145803357
369,45.8167,126.561,-0.2633133740612881
1265,35.233475,-85.18158,-0.2618916279104851
175,42.8328,93.4961,-0.2614024200789424
159,30.6618,117.47,-0.2609837155210674
386,40.217,116.2296,-0.2608950666168972
1203,40.71099,14.70244,-0.2600957792095634
958,47.0495,6.97915,-0.259822726277128
393,39.0927,117.202,-0.2580549118951735
238,50.2472,127.5291,-0.2565214186772945
1065,48.947611,13.420573,-0.2560757023680919
418,28.2642,117.0564,-0.254673802686151
1155,43.26444,-4.06278,-0.2542591744055662
600,26.5917,104.83,-0.2532754527819761
802,49.119442,6.180833,-0.2532316322365995
711,49.04781723,18.00782776,-0.2531057779159728
304,36.6116,114.5302,-0.2527619864188593
1364,36.060894,-86.28629,-0.2517915256893362
661,35.4828,112.8271,-0.2515197545869339
1007,48.9964,1.7033,-0.2502207575631791
243,32.9673,117.3533,-0.2474807525795606
1407,41.965195,-87.87627,-0.2460122296130596
1073,48.507703,9.051178,-0.2455539073922809
890,47.2225,-1.5375,-0.2442859715345591
506,27.7344,109.1839,-0.2440420606242989
375,43.8772,125.3716,-0.2439204772610461
336,31.2472,120.561,-0.2429418392491789
1075,44.319639,28.610292,-0.2427068601700633
857,47.430833,19.184175,-0.2417945298901262
805,46.05184,11.45389,-0.2373641585422684
796,48.1061111,15.91944444,-0.2353096744826673
656,36.0822,111.5169,-0.234513456169831
368,45.5419,126.979,-0.2334703583158295
109,42.2816,118.9233,-0.2330258812434621
459,31.656,120.734,-0.2320774180249608
1302,37.1655,-78.3069,-0.2307833253166717
783,41.669172,13.674326,-0.2294585311685052
445,27.6253,113.8493,-0.2292451129832684
1442,32.52127,-84.94463,-0.2290254794055938
824,44.5,11.286111,-0.2275669921243617
50,34.7752,111.1922,-0.2273728250618104
852,42.432356,25.637389,-0.2272363714437869
566,28.0089,120.634,-0.2266625566659518
901,48.68817,6.190431,-0.2259281916570975
1453,32.41281,-86.2634,-0.2250108341903219
795,48.2702,16.2972,-0.2247599897752292
1212,42.36417,13.38306,-0.2243243449013009
216,41.7325,125.9446,-0.2222994680499808
900,66.3217,29.40157,-0.2216892262569279
1319,39.866833,-88.92559,-0.2208356722193088
394,39.1661,117.1444,-0.2207800645602137
198,32.6939,109.0281,-0.2204024622127318
183,31.7275,113.3583,-0.2190085253868971
1451,33.9828,-111.79871,-0.2175703762191425
45,34.7781,114.3389,-0.2168333415979886
606,27.3033,111.5239,-0.2163418191673194
827,45.193889,9.164722,-0.2117493615954563
1361,41.44278,-75.623055,-0.2113584295942933
750,43.2757,-5.596,-0.2106174868494103
249,30.97,117.8483,-0.2078908681500562
1162,45.96141,4.465711,-0.2075213835931774
1140,50.68352509,14.04119492,-0.2065358809796798
532,27.725,111.9975,-0.2053310313618448
174,42.8172,93.5128,-0.2046272716485091
548,28.9666,118.8709,-0.2043537311049481
887,52.039023,4.359376,-0.2038311305794026
1211,42.736572,11.87643,-0.2033975721954487
1128,45.371944,11.841944,-0.2019178574173264
439,29.1217,110.5319,-0.2017247526015626
1184,51.525955,6.97688,-0.2001138128159185
875,40.641111,-8.100556,-0.2000470345862275
1355,39.80933,-80.26567,-0.2000237130793496
1277,39.42689,-84.20077,-0.1999985813160538
472,35.176,113.2467,-0.1988469813002024
1102,50.010325,8.451527,-0.1987932170605472
54,31.4535,104.7563,-0.1984240432514679
1081,51.90158,10.48132,-0.1983510177398223
755,51.259431,22.569133,-0.1981297616591487
708,43.09625,-0.040497,-0.1969745607836647
1097,51.05833172,3.729298172,-0.1956262889981213
1022,50.775482,3.12568,-0.1953925103179678
963,49.462229,11.0248,-0.1934076500312709
619,30.9413,117.7807,-0.1923403758529164
953,45.69802778,18.83463889,-0.1919324072639207
1047,51.862042,6.874469,-0.1918888493324058
1189,46.1625,12.360833,-0.1917326414551772
299,34.80246,113.67526,-0.1903426369675513
1381,38.548138,-82.73116,-0.1901484519917803
4,47.3386,123.9488,-0.1882167708789541
239,46.6365,126.9785,-0.1868747960961259
312,31.3019,120.591,-0.1848470329293014
1330,40.92458,-75.06782,-0.1841238858401384
706,42.09791019,1.848237224,-0.1839638955606137
1183,51.303394,6.819887,-0.1836359500292858
756,43.16832,-2.63794,-0.1825713214575637
1118,50.65844442,5.627835291,-0.1814365398747435
542,27.7569,111.9561,-0.1812512975917662
135,32.9692,112.548,-0.1765452177637984
732,45.9225,6.87,-0.1760189323131188
487,46.098,85.6979,-0.1750572804634681
1156,43.40444,-3.84194,-0.1744438407165884
319,38.9108,115.4713,-0.1729423677571803
771,43.3583,-5.8664,-0.1709435331860016
876,44.99694,11.07083,-0.1682846108030552
988,47.34414,0.653778,-0.1668291520043302
551,33.015,114.0114,-0.1652205740722598
136,34.4045,115.6458,-0.1649374036081855
514,28.6842,115.9314,-0.1639718030619097
59,30.8023,106.0789,-0.1639490565653072
256,45.3001,130.9762,-0.1603575928575126
1274,41.53694,-81.45887,-0.160126606022259
1223,47.0677,8.30068,-0.1596175517026797
1165,43.0819,-1.9127,-0.1588477124807636
181,34.5538,105.8945,-0.1580496433584574
567,26.0746,119.317,-0.1579065596837876
534,28.2053,113.0792,-0.157674187741261
1077,43.21291,-3.1344,-0.1575498623109456
53,30.3544,112.2008,-0.1571007024806917
234,42.8845,125.1358,-0.1554602038622093
929,51.897598,14.057064,-0.1536136217262757
287,33.9592,118.2442,-0.1520575971556756
1234,50.44914,2.9,-0.1510909861401624
970,51.698954,7.122684,-0.1500770444776795
435,29.355,113.2117,-0.1495942874410487
803,48.16206944,16.52561389,-0.1484478411412373
1089,48.12027778,14.878333,-0.147758613052615
703,50.02403641,15.76354885,-0.1474360626990311
1429,40.689255,-122.40219,-0.1450611488437899
643,37.4442,118.5857,-0.1440064023667977
1096,51.838221,5.856938,-0.1435231902048143
1345,41.97639,-72.388054,-0.1434538148819044
1020,45.560556,11.539722,-0.1420966573685248
766,45.848333,11.569167,-0.141544201193483
412,25.8333,114.9322,-0.1406272920265302
921,48.773072,8.220214,-0.1382183018928773
713,53.028647,18.666103,-0.1370688389612887
1028,44.39703,8.20604,-0.1337763449002338
37,41.7166,86.1972,-0.1337231178571101
702,60.37288,11.07407,-0.1337005119444465
1250,44.18089,-85.73898,-0.1331954480179306
1362,41.265556,-75.84639,-0.132728365454997
1247,35.0608,-83.4306,-0.1308386130064187
1324,40.283092,-74.742615,-0.1291883858451532
939,46.23451421,15.262476,-0.1266352315997646
1014,50.32276,3.39593,-0.1263349273018215
825,48.04944444,14.44277778,-0.1252495259456926
34,34.3622,107.2386,-0.1237876411850648
899,40.540351,-3.645253,-0.1230595154947992
781,48.167961,17.106244,-0.1202689700530914
428,30.7819,111.3275,-0.1196538451463229
889,50.74823,2.25978,-0.1175337198850485
6,47.2988,123.945,-0.117504513592195
1023,47.44739,-0.550067,-0.1165312650398337
760,47.594257,1.302667,-0.1141029699142044
1296,43.4351,-89.67979,-0.1140588333825569
1060,46.564369,26.910667,-0.110875020120724
1101,42.056383,25.59345,-0.1098101963582363
879,41.53583,20.6989,-0.1092538227843163
1040,53.060045,8.916966,-0.108810562290185
1010,53.56292,-1.510436,-0.1075601321489353
1129,51.49633,-0.460861,-0.1067578692162663
436,28.9703,111.6975,-0.1031712946992367
1119,45.623056,13.7875,-0.1029594258658567
1182,51.839382,10.790143,-0.1018896798366072
247,30.9412,117.8177,-0.1018479875710386
278,39.5111,116.6708,-0.1012248180737435
211,41.5881,120.4318,-0.1010528143264632
1099,57.810833,15.564736,-0.0990839050178633
1344,41.84046,-72.01037,-0.0973897355809583
871,54.436985,12.721938,-0.0972001274839752
1157,47.594913,7.568175,-0.0962160416989689
194,33.0706,107.0154,-0.0943378107159533
774,47.40555556,15.36083333,-0.0940588393150866
262,46.6554,131.1524,-0.0939404429991452
403,27.1312,114.99,-0.0935064805183382
610,30.8955,120.0875,-0.0929714754787841
119,37.393,117.9776,-0.0928170208594586
633,36.5819,101.834,-0.0920500205670711
145,32.0564,112.1392,-0.0904119146327215
395,39.1082,117.237,-0.0900833260055036
778,45.54301186,13.71352366,-0.0891486034784924
935,50.88369465,4.382977505,-0.0880507223542936
859,43.305286,5.394716,-0.0855416146511989
1337,38.20087,-77.37742,-0.0840029524408123
143,32.6494,110.78,-0.0812293739368984
631,27.8614,112.9433,-0.0792820197037283
1437,29.823318,-94.98379,-0.0772507967043418
1423,35.43477,-83.44213,-0.0770777740488977
1377,43.97462,-70.12461,-0.0765088476875857
486,45.6094,84.895,-0.0755697737117678
1454,39.96528,-76.69945,-0.0745803557511845
1037,49.83918762,18.26368904,-0.0728543355759721
557,32.6389,110.7258,-0.0726830189468155
1030,50.5976,-3.71651,-0.0718670102484926
1166,41.04,21.3564,-0.0718038949678333
1026,43.623608,1.438531,-0.0715309995448733
1039,50.766815,7.973542,-0.0711397890060966
1134,45.736694,21.250808,-0.0709664389046083
1197,44.429489,24.351389,-0.0703433474414813
11,46.408,124.902,-0.0695587554537319
342,32.1065,118.8086,-0.0683972229860471
124,35.4209,119.471,-0.0676937609995319
1282,35.500103,-82.59986,-0.0672022626127229
1455,38.23887,-82.9881,-0.0671320453612908
1053,50.125332,8.746343,-0.0670987717386764
492,26.3108,117.7275,-0.0663545401236939
1217,53.24696,10.4565,-0.0652583580962954
744,43.34639,-4.06417,-0.0651802574708453
623,33.5828,114.0138,-0.0649636881681323
91,38.4975,106.2328,-0.0645976402336258
1059,48.18169,11.46445,-0.064324075513695
1042,53.924712,9.532635,-0.0600526453257763
1160,42.36831811,1.776783258,-0.0598487249297944
810,47.4885583,12.066633,-0.0587400166268861
271,37.0851,114.5237,-0.0586620178654261
164,35.7636,115.0312,-0.0573696363655809
844,64.244226,19.767238,-0.0571416359244371
377,43.9027,125.2863,-0.055301168641204
347,32.0745,118.7794,-0.0551336174756441
99,40.0844,113.2711,-0.0519242901403905
1017,53.187222,-6.121667,-0.0512450520294968
604,25.8481,114.9461,-0.0508792576623624
1044,53.064262,14.285139,-0.0493972316839977
184,30.1256,104.6296,-0.0485672160894161
784,55.072222,24.283894,-0.0473729452639182
186,30.2981,109.4978,-0.0471444795850899
504,26.4364,111.5992,-0.0468717759749516
467,29.334,120.04,-0.0434580693846191
98,40.0917,113.3444,-0.0421731213984907
1273,39.70595,-79.012,-0.0416607751248069
489,36.881,118.746,-0.0416177003716605
897,60.22393,25.10244,-0.0411850942361805
634,36.6428,101.748,-0.0398956112258351
595,34.4285,115.6702,-0.0397346429277088
776,46.651838,16.196777,-0.0369421360459419
1094,55.46333313,26.00416946,-0.0315660412230508
908,49.73508453,16.03419685,-0.0308908249731898
582,29.5462,103.7723,-0.030380892196337
171,35.5307,106.7021,-0.0298560631446149
111,42.2554,118.8788,-0.0298242008091883
117,36.4372,115.9848,-0.0294241889818473
420,28.1136,116.9822,-0.0289171792077441
867,51.207944,10.450997,-0.0267614393633349
1177,43.3665,-5.833,-0.0254447286715535
1252,42.416637,-83.90218,-0.0223786452937203
1110,53.40337,-1.752006,-0.0201940932698463
495,28.1944,113.0014,-0.0195601550989867
1321,40.72099,-74.192894,-0.0182958434451333
536,23.4835,111.2711,-0.0169496804509314
1083,40.314518,-3.716868,-0.0157451626091052
611,36.5482,104.1465,-0.0154035317325392
639,33.3942,120.156,-0.0147288185001852
306,39.9499,119.5897,-0.0139815950339532
1087,50.383217,8.060998,-0.0126706753850663
1266,36.0388,-85.7331,-0.0108523875591284
550,30.3714,114.8989,-0.0106858650026181
888,46.58389,0.345556,-0.0106395216162748
1015,48.17278,6.452811,-0.0100621529987379
1343,41.78472,-72.63167,-0.0093645791404197
349,45.7258,126.6411,-0.0090721505972212
952,46.951,7.44087,-0.0080385038949035
977,45.154075,26.818619,-0.0076741419553157
515,26.8956,112.6211,-0.0056744558387545
782,42.157856,11.908954,-0.0056496463714857
659,36.0855,111.5018,-0.0043361434013835
680,44.9089,8.2055,-0.0033508435567927
26,41.0879,121.1115,-0.0026808820867456
629,39.8261,109.9486,-0.0005679570891276
13,46.6215,124.9042,-0.0002429530949391
1018,45.000278,9.009444,0.0001779631384763
1375,42.298492,-72.334076,0.0011032195679512
173,42.9559,89.1673,0.0015384005733264
123,34.5578,117.7276,0.0027058725477719
1409,43.54792,-96.70077,0.0039331673014062
806,47.128863,10.034324,0.0046557614715699
406,30.1819,120.2697,0.0049423037442599
509,27.3125,105.2864,0.005128487009968
290,37.9854,112.549,0.005216977872006
618,28.4436,117.9756,0.005741723488074
775,46.06554495,14.51272032,0.0062728582742345
1420,35.158688,-78.728035,0.0063264284958987
961,50.79664963,4.358623958,0.0077398728029959
918,48.904228,11.948795,0.008429705576233
715,43.6287,0.179069,0.0095264600117203
1307,43.7775,-91.2269,0.0103415924364709
769,41.47676936,2.088977264,0.0128709670785239
615,37.6828,112.7195,0.0131530919078035
697,49.66958237,12.6778841,0.0143357290872658
701,46.13167,9.56639,0.0154881852897738
434,29.4758,113.2621,0.0179624364443234
704,45.569,8.1876,0.0181668794106151
257,45.3039,130.9429,0.0191687371560372
1142,46.632142,27.730886,0.0224200547746207
1258,41.606663,-87.30494,0.0236914611358257
559,29.7046,115.9584,0.0237312360847508
667,26.6027,106.7109,0.0238139841958074
981,50.731478,13.75145,0.0274165152202207
1067,51.651166,12.302866,0.0274272934856823
817,47.8055556,13.043333,0.027610000974059
272,37.0886,114.4704,0.028197817174769
148,33.5698,114.0261,0.0285854394731855
359,41.7406,123.505,0.0289018085125707
277,39.5269,116.7244,0.0291147739312288
20,41.8611,124.0436,0.0295430962637317
850,42.637192,23.243864,0.0299215381245905
1295,41.6175,-87.199165,0.0301267459149201
22,43.8622,126.54,0.030395892228691
891,42.516944,1.56525,0.0304668803550772
791,56.00833511,21.88694763,0.0309716265845603
46,34.7965,114.2885,0.0314093199487694
910,49.20272446,16.61628723,0.0321594662314142
206,42.0224,121.6717,0.0326264511766434
1327,40.8679,-73.87809,0.0332865841886341
1341,29.625557,-95.26722,0.0360297903525113
1385,38.11515,-86.60325,0.0382779954618183
1444,45.25928,-122.58815,0.0386001770021174
1450,43.34317,-87.92087,0.0393348502493664
205,41.998,121.6094,0.0399608677666555
1270,41.515053,-81.24991,0.0402960915719284
1024,47.054443,-0.886111,0.0407899799986761
920,49.869422,9.171544,0.0409277679730623
674,50.007629,18.455548,0.0414775330824398
1284,32.535294,-93.74704,0.0423752380613649
446,27.6434,113.8385,0.0426434521445252
1348,34.454514,-94.143524,0.0437329742732739
997,55.862281,-3.205782,0.0442160040514177
1038,45.696736,27.211622,0.0444970254157114
1352,31.893913,-106.42583,0.0446079326578298
248,30.8792,117.7439,0.0457336632038096
483,38.5167,102.1692,0.0469786630932189
676,49.224167,4.020556,0.0483109919055005
965,45.59667,5.918611,0.0486266995471766
804,48.124711,17.125496,0.0499800446123638
1035,41.554167,14.674722,0.0523930976728819
58,30.8064,106.056,0.0541870999505772
691,48.001511,7.832122,0.0544195670400554
1227,41.636078,25.379683,0.0548126522329899
430,29.3578,113.1094,0.0561439319577127
724,43.32074,-3.11272,0.0562933278293016
640,29.6815,115.9872,0.0566988839331482
384,40.135,116.6636,0.057621316415861
672,52.420319,16.877289,0.0579091665495107
28,34.6886,112.494,0.0581587442527275
1261,35.63348,-83.941605,0.0590913578150455
1272,40.084515,-82.81558,0.0595183403614407
258,47.3416,130.2537,0.0596105707228972
941,47.04027778,14.330725,0.0606642041733143
1003,48.77586,5.162789,0.0610531851862465
1176,44.825,11.649722,0.0620567232411826
798,42.404687,12.857794,0.0622436733312929
696,49.91351318,14.7826252,0.0640638636516951
17,41.0821,123.022,0.0665064234331993
1204,41.886019,12.541618,0.0692413269535299
635,23.691,113.0426,0.0698647588359305
167,30.4742,114.9028,0.0705195415366162
553,24.8978,118.5972,0.0710722484565594
1304,34.474525,-85.408844,0.0714127629096708
700,43.610497,2.23015,0.0717430706050059
1180,56.15976,10.19364,0.0724485675756318
652,37.374,120.399,0.0732750631493261
1109,54.334944,-0.80855,0.07427723957933
431,29.8253,106.4213,0.0752743775665873
809,45.83611,8.80417,0.0767506722161373
325,33.5981,119.036,0.0771074324089978
1095,47.86194444,15.32194444,0.0788018738024685
163,35.303,113.883,0.0788633454646793
692,47.660056,9.485675,0.0795124662240044
848,46.62936,14.28931,0.0799105268254267
1074,43.5512,-5.9197,0.0805477694574405
1052,57.70902,11.970241,0.0812299218608324
648,28.3611,112.9581,0.0817889679123456
705,45.5588,8.0564,0.0821778307333552
1448,34.264915,-88.76622,0.0824902954960456
856,42.680558,23.296786,0.0829609403137896
1421,39.46048,-76.633545,0.0859895176447196
909,49.41123199,14.67638874,0.0865365250173853
510,26.9056,112.5664,0.0882984793243933
1011,43.91611,11.00694,0.0894276803387463
1080,50.970024,9.80026,0.0897238731536401
895,47.64892,-2.76399,0.0907438513305495
1251,35.59095,-78.4622,0.091021351203495
718,41.096667,-8.555833,0.091783266635907
269,39.6973,106.8174,0.0919862300394915
330,31.6219,120.275,0.0942426234116783
1198,51.067439,19.448694,0.0942954426508497
716,49.94498825,17.90953064,0.0947731624906944
597,25.0441,101.5482,0.0953805331612953
914,52.146264,14.638166,0.0980562934099693
1297,48.5103,-113.99681,0.0981535338548159
943,47.05917,15.016667,0.0982562854515632
27,40.8434,121.0533,0.0986144123723219
151,30.9743,118.7385,0.0993275794739481
699,49.45165634,17.45415878,0.0995382551258157
736,49.254344,6.867744,0.1001894931045297
668,26.5161,106.694,0.1008448438955299
361,32.4625,119.9189,0.1012662931715908
36,34.493,109.4636,0.1016039959590403
241,32.9427,117.3605,0.1019539041787472
116,37.4451,116.2991,0.1030302979001066
1329,32.726658,-103.12292,0.1037580234188373
1076,47.3868,8.53981,0.1039399180184607
470,26.2714,117.635,0.1048801862644468
968,50.889871,6.985074,0.1053841576175121
503,26.2331,111.6236,0.1066448752015852
1356,39.96111,-77.475555,0.1078872685379282
1275,41.55523,-81.57526,0.1090132175762449
240,46.6528,126.964,0.1103470842614703
690,44.3818,7.5382,0.1105082435731168
765,45.809998,2.06,0.1119947235338353
1174,52.077148,4.289185,0.1121038372375205
443,49.2261,119.7594,0.1126037819178517
73,40.1092,124.3633,0.1141028820235763
29,36.6028,109.4761,0.1141529618042287
990,42.697918,9.446417,0.1146977338374924
1411,34.623238,-82.53206,0.1168005765886136
585,31.2864,120.628,0.1171317878777875
1045,41.932892,12.506947,0.1188700634661184
1148,45.1619,5.7356,0.1190196285207784
1146,49.514959,8.402331,0.1201913002428455
202,41.2991,123.149,0.1207302815672684
919,48.376576,10.88837,0.1210747099823138
1294,44.735977,-68.67075,0.1213553268117326
366,45.7667,126.635,0.1213889405349998
1132,49.165508,9.224786,0.1230711606332322
719,47.27476,4.099476,0.1232584192024174
209,42.3022,123.8139,0.1256900652438167
19,41.8822,123.9161,0.1272089830332819
1225,41.31347521,2.013824628,0.1272211438387163
1387,33.317142,-86.82575,0.1281205442901868
746,42.14326062,2.510206967,0.1284927086019434
851,43.126475,25.691211,0.1290784793708513
1082,50.16443,9.399441,0.1311056740930442
456,29.7178,118.327,0.1315861973572284
60,41.0971,122.9642,0.1319541315535488
741,59.4944458,25.9305687,0.1321337382403433
725,49.02134,1.148319,0.1321696940086573
182,36.5446,104.1724,0.1327874332150796
293,37.7394,112.5583,0.1340105242347131
478,27.72,106.9178,0.1345959926755618
1254,34.002747,-89.79919,0.1346106035459196
998,48.173194,11.648036,0.135414392476879
1196,44.938125,26.044994,0.1371646564156034
555,31.7231,118.5228,0.1374191730155453
245,32.633,116.8281,0.1387660908032877
1298,64.84569,-147.72742,0.1398314735796558
1240,53.371306,-2.239218,0.1403579928450979
233,37.5136,111.1297,0.1407161658408872
670,28.687,115.8518,0.1419369341357829
1141,49.672507,9.001981,0.1428889070185327
62,30.7236,103.9728,0.1431837759678595
218,33.6406,114.6369,0.1431989734244848
945,48.27329,14.31479,0.1432547223952321
140,30.2019,114.8988,0.1434472872808566
632,22.5311,113.0219,0.1442756930965108
451,26.4365,106.6555,0.1444201203450809
978,44.865555,-0.939444,0.1465692872715768
726,43.3069,-5.7057,0.146884421401159
471,29.7091,106.4522,0.1481268837691658
1260,32.82006,-96.860115,0.1481934372711795
200,30.6145,116.9896,0.1487307680217638
960,51.25210341,4.491362028,0.1490215748091442
777,46.13111418,14.99611517,0.1533577202874102
926,52.644169,13.483079,0.1536924006512979
1435,41.49212,-81.67845,0.1557095541885129
1144,42.58194,12.62361,0.1561090121919614
971,49.438464,12.548869,0.1562138097357625
67,40.7094,122.2703,0.1563341094950887
229,35.0147,110.9956,0.1581754554483557
417,28.2475,117.0311,0.1589834087198159
621,27.583,110.0394,0.1592090619474094
516,27.5342,109.9781,0.1594029076195897
481,27.8403,112.9118,0.1600460315171948
281,37.8873,112.5139,0.1629800329121638
314,31.8707,117.2588,0.1638310809767514
217,39.3278,112.4072,0.1644411031550572
350,31.7069,119.9468,0.1649436151066746
170,35.5461,106.6692,0.1654036022694374
1333,40.06483,-74.44405,0.1657673546493715
885,51.407365,5.393328,0.1673385411065152
671,45.499167,12.262222,0.168589571905465
785,60.608299,15.6294,0.1690952767010175
1357,42.14175,-80.03861,0.1694632436134256
573,30.4663,106.6271,0.1697368108207635
1446,43.670834,-110.59947,0.169812765694497
1354,40.814182,-79.56475,0.1700964594819871
208,41.2495,123.1683,0.170126943390428
311,36.6868,117.0624,0.1708051377644965
764,45.869995,1.31,0.1713775503463812
1000,48.021657,12.538174,0.172564415885731
846,47.105278,17.556667,0.1730192182628633
1310,45.2384,-86.994,0.1737547349719606
80,40.6532,109.8756,0.1746022555074685
1365,41.61524,-71.72,0.1760163086488406
946,48.930932,21.913705,0.1771183403235403
3,47.3636,123.9305,0.1778776620700071
790,46.835,14.84361111,0.1780357979039782
1085,46.541047,24.559642,0.1794395573545638
479,27.7019,106.9242,0.179484714851618
56,31.1208,104.4239,0.1803091830500551
1009,55.79216,-3.2429,0.1815147221852312
94,35.0888,118.3956,0.1819475890241078
721,45.916943,6.135556,0.1824687229196811
758,45.47833,9.23583,0.1827251073612786
862,51.921389,4.401389,0.1850013800428779
263,46.5656,131.12,0.1852376793733658
780,46.58967,11.43317,0.185394576918961
441,29.5102,106.5777,0.1856857969382928
1210,47.068717,21.927233,0.1868469021499952
849,47.676111,17.649736,0.1882306614814548
951,47.4387,8.57012,0.188650844558448
1412,29.901035,-95.32613,0.1892342618030715
1384,42.334984,-89.03777,0.1910715899914675
986,46.802376,4.417486,0.1924967894181909
733,48.051117,7.011114,0.193372576591958
254,45.1722,124.7965,0.1936834223420343
77,40.7677,120.8695,0.1939655441298972
854,42.666508,23.400164,0.1959759268579058
666,26.5424,106.674,0.1965522260481438
896,43.1804,-2.2682,0.1966334763243632
252,45.1214,124.8006,0.1981998158090478
513,25.0992,104.8811,0.1985414181506504
1395,33.545277,-86.549164,0.1985486098358607
1193,42.39197569,2.842138412,0.1989486085517797
779,45.93766834,13.91156335,0.1990541858453423
230,35.0303,110.9686,0.2003907077096435
1372,46.81826,-92.08936,0.2012357747979272
607,29.2956,117.2461,0.2012577457820131
146,32.1142,112.1825,0.201802997145084
531,29.5822,105.0406,0.2029871010649141
1172,46.162556,-1.153603,0.203059253493552
337,31.3097,120.669,0.2044333133854426
450,37.197,122.038,0.2046972507579949
305,39.9041,119.5251,0.2051492779236167
768,50.429014,21.277367,0.2053841629122139
1056,43.1788,-6.5527,0.207330415484945
592,34.1781,117.1694,0.2089106140109285
156,31.7643,116.4738,0.2106205050864136
540,28.2558,109.6414,0.2113574143515369
1127,45.5966,7.76643,0.2114738072574263
1190,49.784339,22.756239,0.2123450722306198
982,50.892377,14.822846,0.2140006693820904
289,30.4183,120.3019,0.2144521800839886
1398,27.939747,-82.000084,0.2150150803234878
129,36.2017,117.0885,0.2151516421159773
922,47.649258,26.249011,0.2155584500506622
66,39.8129,110.0023,0.2175188721156933
255,45.6077,122.7911,0.2178801343929829
866,50.979455,11.037924,0.2184894356540141
577,30.6558,104.0219,0.2190858996185064
144,32.5714,110.8839,0.2206846517733187
201,30.5119,117.0331,0.2207748182071196
1342,29.583048,-95.01554,0.2214207669902143
1046,40.33639,-1.10667,0.2216353527570909
1335,42.09142,-77.20978,0.2227245532395564
823,45.1763,7.7116,0.2231135954868521
1079,41.91614,0.191101,0.2233713342972924
134,32.9735,112.5003,0.2236714551801066
1104,51.75816,10.61248,0.2246199523529704
168,37.9956,106.1856,0.2260433198801808
485,31.0201,103.6202,0.2261449162894713
1158,51.748103,18.04931,0.2290411402726576
1246,33.342224,-81.788734,0.2303247916758534
1320,40.136337,-111.6605,0.2308200667252628
1031,45.226667,11.665833,0.2310310848673045
1422,44.616943,-86.109406,0.2323613105127446
1359,40.46542,-79.960754,0.2328149183173106
1084,52.25534,8.05286,0.2328365195202087
1386,41.81305,-88.07283,0.2330969756008429
761,47.751475,23.605325,0.2341768364871661
15,43.8245,126.5052,0.2348556851928994
261,46.6191,131.1652,0.2351307380713155
400,27.0999,114.9658,0.2354358807416612
315,31.8571,117.25,0.2373125114123432
657,29.8279,106.3787,0.2376277105240948
219,35.5051,112.85,0.2380838457376098
681,48.847917,10.096292,0.2386183740350192
938,56.672901,12.8576,0.2393796278954204
1078,41.03028,21.33667,0.2405918115957114
236,32.8977,117.3145,0.2407418794759667
682,47.809892,7.764528,0.2410650248380642
1191,48.445553,0.110833,0.2412087348861658
662,35.4887,112.8508,0.2426785864405495
688,45.1828,5.7531,0.2435700220983802
501,26.2081,111.6217,0.244560289791341
1105,59.399355,18.077416,0.2462417556616916
892,44.926111,10.370833,0.2485909001604773
812,47.27129,11.4169445,0.2511381685878349
237,50.2341,127.5144,0.2512611271085704
242,32.8911,117.4185,0.2521149604090167
912,50.04613113,14.33141327,0.2527424833024308
529,31.2132,107.4988,0.2558059291061101
334,31.2284,121.533,0.2568957416640787
235,41.9419,126.4077,0.2575395716259814
834,48.257474,13.03923,0.2576382739020195
360,40.7612,111.717,0.2577975472724448
913,50.08148193,14.4426918,0.258212810191167
264,47.4311,128.5159,0.2582794759390916
1280,41.420883,-82.095726,0.2593029172728606
735,45.475327,4.515003,0.2608579422876758
147,30.9891,112.1969,0.2608758389966841
1439,39.310833,-76.47444,0.2610583466416421
959,47.513333,21.624444,0.2617369961607879
1253,48.41252,-92.82922,0.2629629569534741
1410,29.68639,-95.29472,0.2633931799127061
747,46.671307,5.556806,0.2639117227924336
429,36.0022,106.2792,0.2640155332796925
1125,47.565439,14.244676,0.264555736769529
717,43.404011,21.947746,0.2646012890108414
378,43.9166,125.3325,0.2649530264693647
95,36.1856,113.0844,0.2659104910801403
962,45.957778,12.618611,0.2661939785446033
564,29.8566,114.2936,0.2663151648757658
452,24.5058,118.0936,0.2666513192513779
126,37.5433,121.3719,0.2672924230131168
326,45.7319,126.685,0.2688005743459333
1209,50.912475,15.31219,0.2697107120938661
381,39.8863,116.4072,0.2697771332160437
199,30.2756,118.1371,0.2706275767809548
927,54.88361,-1.406878,0.2707455961580266
917,47.72514,10.306561,0.2711730648215048
270,37.7124,112.469,0.2716046897000002
1305,46.0519,-89.654,0.2719100341981723
106,37.8731,113.4894,0.2727119531674749
402,29.4906,106.6349,0.2734166195485299
130,32.1195,114.0775,0.2753487979757652
626,34.3497,107.2058,0.2759694000256166
161,35.7511,114.2956,0.2766536621070485
642,24.7733,113.5824,0.2771889777596193
474,30.2111,120.2072,0.2797290901012618
1286,36.02661,-80.341965,0.279866647740943
1340,29.723333,-95.63583,0.2811841369527837
1088,42.05134069,0.729555647,0.2824596221965401
388,38.0178,114.5331,0.2828283587815695
537,23.7233,114.6892,0.2834045806550123
1299,63.7232,-148.9676,0.2861405504250107
203,43.9311,116.0781,0.286440547752536
831,45.148333,9.940278,0.2890608692076601
811,43.39873,6.075611,0.2890908757832917
352,32.1875,119.6707,0.2903335571161718
727,47.651725,23.570508,0.2906678608489084
214,46.0656,122.0392,0.2909498833696621
82,43.8711,87.5525,0.2914875838306776
44,36.0681,114.361,0.29193824889717
576,38.4842,106.2757,0.2927558232926069
847,41.97833,21.47,0.2939537733652389
142,32.395,111.0419,0.2962771377592634
964,49.300731,8.700103,0.2963394500559276
1259,29.767998,-95.22058,0.2972203940239188
1,41.1442,123.0485,0.2981624186509852
385,40.3275,116.6275,0.2987861652428097
149,33.5698,114.0055,0.2994262796863564
855,42.142889,24.765239,0.3008902839823846
1092,48.19223,14.51954,0.3010445767556716
110,42.2728,118.9576,0.3011194143868102
383,39.9611,116.2878,0.3014262937116426
972,46.934128,26.38925,0.3022719617893106
535,28.19,112.9394,0.3025985745220281
1069,52.398406,13.368103,0.3040384837053749
801,45.463333,10.480833,0.3048717239986351
616,38.0378,114.5481,0.3049997824987355
1113,54.97825,-1.610528,0.3052004062418413
882,51.60308,4.781016,0.3052348202067801
335,34.2778,117.2933,0.3052764483644653
677,43.2561,-5.7759,0.3054476840586648
1231,46.34072,2.593945,0.3066997888629007
572,38.4418,106.2266,0.3073054822390699
196,38.2911,109.7456,0.3084771218778676
1218,51.028931,7.004976,0.3106109506128009
893,45.7789,4.9247,0.3106439178417791
1358,40.24699,-76.846985,0.3114165935555384
128,36.1937,117.1437,0.3121583799947085
683,45.6725,12.238611,0.3127934819082361
1249,36.306965,-79.09197,0.3129778719898566
75,40.7136,120.9092,0.3134933899159859
1351,29.733727,-95.25759,0.3151439528918476
409,27.7844,114.3956,0.3156802133726287
1195,50.0075,20.259167,0.3175667632589245
729,46.072224,5.820833,0.317673672908104
30,36.6106,109.5056,0.3186043143139339
1318,42.04915,-88.273026,0.3191215986588893
1326,42.68075,-73.75733,0.3210543286426542
318,31.8403,117.1318,0.3222150431601173
770,45.4512,7.878,0.3257513871934024
1382,38.06503,-84.49761,0.3272042395688823
1389,39.40745,-94.26537,0.3272417120247973
653,29.6277,106.6556,0.3275748551616171
1243,35.438557,-81.27675,0.3283520130769441
845,47.561944,18.960008,0.3299056951424954
1314,30.085262,-93.76134,0.3299268593428088
48,33.742,113.3257,0.3310926167648635
285,40.8033,111.6572,0.3327075939172497
1202,42.284,21.2738,0.3331912190016075
1313,38.86067,-90.10585,0.3341538791488898
371,43.8447,125.3863,0.3346471575772579
955,47.4067,9.39438,0.3352481656611564
678,50.836389,19.130111,0.3388056317651375
1267,35.85611,-78.574165,0.3391951578583623
1400,30.439722,-84.34639,0.3406133433399482
863,52.602056,11.850274,0.3407505016305799
999,44.98375,26.015214,0.3410487755744897
980,51.317905,12.297411,0.3422443186253795
742,45.871406,22.908594,0.3432066581486672
1238,40.6646,-3.7739,0.3461973981137526
1283,35.9359,-81.5306,0.346508347541492
687,45.183611,11.311389,0.3478276365386354
528,26.5892,104.8,0.3479786532297392
829,46.143173,-0.396042,0.3485889826920991
1236,42.44,-2.239,0.3492106314557465
841,47.557222,18.420836,0.3509899508222794
940,48.248993,16.357079,0.351070979700645
410,27.9831,116.3544,0.3540357541979044
213,43.1713,124.4002,0.3583926750143492
317,36.6734,117.1265,0.3586925559031514
155,31.737,116.5079,0.3589486802168765
204,38.8411,105.6985,0.3616344117709603
18,41.8491,123.7977,0.361874972674612
1008,45.42009,4.395422,0.3626017429318378
1390,38.65643,-90.19835,0.3655027548010949
1137,44.82112,20.459113,0.3663707268580682
1107,50.6134125,5.570222814,0.3664400959338399
1256,39.48599,-87.40131,0.3676297643023304
870,52.800773,10.756733,0.3676580019632241
723,46.19583,6.240556,0.3685606315805442
624,35.878,120.005,0.3693309840406236
477,29.2617,117.1547,0.3703707621983657
772,45.515278,10.219444,0.370371879346595
1424,42.27807,-85.54189,0.3713347647195059
748,43.2941,-5.6796,0.3731607059554835
794,65.04338,25.4979,0.3744989750734359
160,35.9019,114.17,0.3745408728920463
1317,42.060284,-87.86323,0.3767216218937456
745,40.41666666,-0.24916666,0.3773490031239263
544,39.7443,98.5061,0.3794078516623963
1244,34.09396,-80.9623,0.3802103025263036
763,46.17,1.87,0.3812628086283665
1257,41.182465,-81.33048,0.3815084871518836
355,41.8467,123.4264,0.3835222923901503
1108,40.3419,-3.8337,0.3835309816352994
1379,32.50996,-92.046196,0.383542666821613
1394,33.553055,-86.815,0.3837787150872026
49,33.737,113.2919,0.3846980631360117
1440,47.5525,-122.06472,0.3855905536380779
1122,43.867496,18.423061,0.385627535380148
649,28.793,104.6055,0.3857818124682383
365,43.7783,125.245,0.3886725884354466
351,32.4639,119.888,0.3891655829011913
346,32.0309,118.8109,0.3908616606416956
673,49.419528,8.6767,0.3918838957486668
52,30.3197,112.2494,0.3927775540433407
884,59.20243,9.4871,0.3930067201818255
523,29.9775,102.9905,0.3933842646342864
1207,38.748611,-9.148889,0.3944289343257491
565,26.1028,119.2984,0.3951218160640817
1311,40.712776,-81.598335,0.3955854848989837
767,44.013056,12.42,0.3962464123829317
1233,47.30737,5.065881,0.3963496451019938
153,32.8929,115.8277,0.3967975066998647
65,40.6288,109.8642,0.3982101499871424
830,48.733256,19.115268,0.3985607960418507
422,32.0023,118.7752,0.4004280966704231
16,43.8358,126.5844,0.4029266764391284
328,31.1654,121.412,0.4047780267192194
341,34.5885,119.176,0.4060654860850675
179,44.3075,86.0697,0.4061932946385872
220,35.4936,112.8318,0.4070856655496842
762,45.158745,1.537222,0.4086152770465318
839,48.247222,20.616403,0.4093229318305142
730,45.683333,9.466667,0.4093798850819849
35,34.3617,108.7233,0.4116769555021904
275,38.2991,116.8842,0.4117165511060352
1432,36.60843,-83.73694,0.4122413961117464
92,38.5036,106.1358,0.4122442794110978
568,38.8959,115.5213,0.4132989847077862
1034,43.66028,11.90167,0.4133237006363235
157,31.7905,116.4996,0.4145101946180086
71,40.1503,124.4256,0.4145847495083698
1430,38.85287,-77.63462,0.4151906839302644
1338,38.48123,-77.3704,0.4161872312126055
180,36.1911,113.1569,0.4163972307000368
1433,40.56252,-80.503944,0.4171813682014514
1066,45.263142,27.969506,0.4177446089589366
404,24.8886,102.8204,0.4188031541740498
301,34.7525,113.64164,0.4217797994416088
9,44.6075,129.6364,0.4242128433099424
787,49.50504,5.97694,0.4296451251143849
1168,43.79306,11.09778,0.4298767686458564
497,28.2597,112.9792,0.4303387968531923
482,31.5031,120.242,0.4307833221028627
773,48.40861,15.619166,0.4314705660792213
836,44.79361,10.33167,0.4315451550750167
1025,40.67354965,22.89343834,0.4323340706067609
518,29.5844,103.7627,0.4323425712206251
1032,45.60222,9.27611,0.4326930548730313
1445,35.988277,-77.5843,0.4333371227576412
737,49.233464,6.987601,0.4337055920361807
70,40.0625,124.3303,0.4344800976158101
833,47.71611111,13.63222222,0.4346503774731217
614,32.1873,119.4424,0.4366596935190494
331,31.5475,120.354,0.4375422609105449
288,30.2692,120.1903,0.4384119214614506
1368,34.530716,-86.96754,0.4397735503608939
1062,51.321364,12.032141,0.4398739283472694
150,33.5699,114.051,0.4410644542230552
957,47.0674,8.46333,0.4421874686154088
1093,49.107502,6.122775,0.444701249439745
1063,48.326013,10.903051,0.4454420340166654
303,36.5713,114.4918,0.4461160254522698
1150,51.799722,16.3175,0.4463662544348508
1179,46.555842,26.926942,0.446979568743355
1334,43.05235,-76.05921,0.447275414140268
1397,33.331112,-87.00361,0.4485282423058396
1163,45.5476,9.16698,0.4490159274160329
177,39.4467,76.0072,0.4523248031074051
822,41.99917,21.44084,0.4528970647978936
1222,49.23074,7.003174,0.4537316327974415
1268,40.026035,-82.433,0.4540616905347345
127,36.7023,119.1437,0.454116620392908
1130,51.47707,0.317969,0.4568941195350904
185,31.6908,113.3833,0.4574922784666549
575,30.4576,106.6303,0.4594078826547566
102,36.0783,111.5531,0.4604096603905668
753,42.33611,-3.63611,0.4615749137296463
1413,41.094967,-85.101814,0.4624923225437436
372,38.8661,121.5213,0.4626538140837863
1147,52.115725,21.237297,0.4628288521191233
488,43.9174,81.2996,0.4647284567105363
1403,29.939613,-89.92388,0.4648958991535298
212,41.5646,120.4521,0.4648962896867583
647,36.8406,118.0253,0.4655540389411767
1224,53.74878,-0.341222,0.4662147992199272
76,40.7514,120.8392,0.4677078636362582
1323,43.14618,-77.54817,0.4706270634267372
1388,37.70097,-94.03474,0.4729320493864371
78,36.229,117.6795,0.4729432619453849
1200,43.89555,25.956575,0.4746101541064791
1426,30.848612,-85.60389,0.4753781237001785
886,53.246535,6.608937,0.4757126967974694
1378,42.474644,-70.97082,0.4769314585925516
1438,35.206112,-111.65278,0.4781397472239531
903,50.37658691,13.32762241,0.4807254977459256
12,46.586,125.153,0.4814724907737743
1112,44.92467,10.5172,0.4830962095989113
120,36.8103,118.0414,0.4834602488349502
1263,36.019184,-83.87381,0.4835115664760506
358,41.6989,123.4231,0.4863791463411163
494,25.7759,113.0348,0.4873194880256821
1068,47.145014,23.877389,0.4881740593530037
1051,46.2311,6.07417,0.4904782367562768
41,35.0697,109.0697,0.490690194252697
936,50.85780611,4.288706017,0.492376950061557
225,37.6945,112.7532,0.4934510078450774
38,36.6868,117.532,0.493591477412139
108,37.8703,113.5614,0.4946984511121154
1120,50.94535924,3.15240159,0.4962857498286142
738,45.431539,28.054742,0.4965424786728835
873,55.39638901,10.38917255,0.4994592138267936
832,48.53111111,14.57472222,0.5010434479269327
786,46.80138889,13.49388889,0.5010759815997902
1271,40.0877,-82.95977,0.5021412601795946
757,43.15333,-4.25306,0.5026402420504938
178,44.2967,86.0497,0.5030100034467253
665,31.751,119.579,0.5041755854633695
1346,39.4125,-107.23056,0.5064730871256611
348,32.0551,118.7538,0.5099997135513404
816,49.211447,18.771215,0.5107836386860639
363,40.8062,111.7276,0.5110912643083712
1242,35.2318,-77.5669,0.5121866258437753
1336,40.82799,-73.05754,0.5122495283523255
538,28.2675,109.6958,0.5125622785546666
189,31.1986,107.5082,0.5131074155673153
1061,50.048397,10.232076,0.5151800619910222
942,45.55879167,18.69876944,0.5178391293519066
710,49.23290634,17.66717529,0.518073864554872
1281,35.76541,-82.264946,0.5186526307182197
1135,52.22174,-2.736665,0.5188763372845356
944,47.04472222,15.15277778,0.5191364088670839
187,32.4287,105.8628,0.5192873923564625
449,31.155,120.636,0.5199512147666125
57,31.1317,104.3826,0.5223255468090647
1373,38.45934,-82.64041,0.522547521298053
162,35.7306,114.2878,0.5248817424485579
33,34.3739,107.1186,0.5248985899622112
861,46.765425,23.550258,0.5276754806477137
423,32.0754,118.7997,0.528454276486923
294,30.7478,120.726,0.5294875141985277
1171,43.5166,-5.6707,0.5300091889219855
1216,51.54052,5.85307,0.5307554592579001
1276,38.81194,-76.74417,0.5322198716437263
654,28.4586,119.93,0.5332691110775507
323,33.575,119.007,0.5351214576548825
1315,42.139996,-87.799225,0.5361244066912237
569,26.8906,100.2203,0.5414632412349806
399,29.4572,106.3754,0.5420355721313255
493,31.9037,102.224,0.5425852979777046
1287,36.109005,-79.802315,0.5433091133243263
1449,27.946688,-82.731766,0.5435623530727628
792,45.760833,11.736667,0.5439559634567813
1005,44.7037,8.0333,0.5483424171008936
90,36.1031,103.631,0.5493334247993417
104,36.0714,111.5028,0.5497201552766754
1169,45.84299,13.54308,0.5500629515928103
1447,40.74529,-73.41919,0.5522054470118077
280,40.9763,117.9392,0.5533212722525915
1383,39.117218,-94.635605,0.5534342707017097
552,28.6542,121.419,0.5551532344661916
543,29.315,110.4417,0.5558800888201352
740,45.474156,28.034406,0.5568368882034349
114,37.4674,116.3032,0.5576618416137281
556,29.5698,115.9773,0.5578182942637541
818,45.772167,3.0875,0.558538317494557
1332,35.9138,-81.191,0.5598548515707837
1363,35.96497,-84.22317,0.5609227346332157
574,38.497,106.1015,0.5631154399946192
843,43.223044,27.587239,0.5631599545937269
996,49.32273,11.02792,0.566903744276575
100,36.1989,113.1031,0.5685352932724584
97,35.2375,115.4747,0.5710494032367983
934,47.5292,9.9267,0.5737217023693343
137,32.9771,113.9976,0.5745734255993841
316,31.7964,117.3027,0.5753256590074666
1124,45.690278,9.643889,0.5753693228040322
1360,40.107224,-74.882225,0.5794225185144833
309,36.0658,120.4134,0.5821880884420957
877,46.256617,26.792892,0.583802413054703
338,31.3708,120.641,0.5876503931840757
1021,45.89,0.9,0.5894826788711969
1201,41.15604,15.09675,0.5896118726682944
1152,50.349608,18.236575,0.5904167055399139
1041,51.462734,13.526796,0.5907994470809569
842,47.091111,17.901122,0.5911393154608235
837,44.73473,9.36693,0.5928788367523912
924,49.544078,8.465281,0.5944114236504948
464,31.354,119.818,0.597135568044478
1199,43.650722,25.363583,0.5977226561968679
103,37.4236,122.1214,0.5990692877305427
586,35.7668,115.0,0.5991686869160184
343,32.1028,118.9125,0.5991795019478695
374,43.8805,125.3297,0.5993641638181035
396,39.6506,118.1705,0.6010674073001409
1133,49.07655,8.40666,0.604647964641076
291,37.8195,112.57,0.6057444962663602
223,39.3617,112.4575,0.6068072319382771
563,29.6038,115.9114,0.6072203531744448
373,43.79,125.4605,0.6080716752755082
813,47.04735,16.07905,0.6092325379968055
424,33.774,113.182,0.610052910509492
1116,51.34879529,4.339709947,0.6137876873099282
496,26.5939,104.89,0.6141031170186473
192,33.8715,109.9154,0.6156590261711606
345,34.2384,117.1918,0.6163971316764086
398,29.7166,106.6205,0.6173542689341377
950,50.46519216,3.939714326,0.6193474944770628
1339,38.8577,-77.05922,0.6195362144116008
594,34.6972,119.3581,0.6211609918500708
176,41.1551,80.2613,0.6241840771712248
627,22.5978,114.297,0.6242620623409327
1245,33.81468,-80.781136,0.6245011626244587
1043,45.411864,28.005967,0.6260646707867141
370,43.8325,125.1761,0.6264170732426821
1164,43.675114,4.62921,0.6293596836078702
1002,53.37287,-3.022722,0.6307249135834491
1154,41.66638888,-4.715,0.632664724990745
260,47.3382,130.1097,0.635671192363131
1187,43.285,13.42861,0.6357033631173901
1396,34.015434,-84.60742,0.6363067030779063
578,39.1067,117.1941,0.6382099497481261
570,27.9939,120.6748,0.640212717513302
525,37.5072,122.1067,0.6409871650650772
880,45.0028,7.8375,0.6424378230749189
539,28.3169,109.7325,0.6424928804202888
1205,39.48963,16.3868,0.6425686193042134
310,36.663,117.0495,0.6431798662839653
641,24.7791,113.6735,0.6438883591539816
1098,51.15013609,3.80873543,0.6453670221910448
932,43.322554,21.919025,0.6528823950261052
397,26.3003,106.805,0.657290516722402
356,41.8411,123.5903,0.6599346582457208
61,41.0931,123.011,0.6639087805626531
911,50.11108017,14.50309563,0.6646170572476103
457,36.253,120.014,0.6649668412803788
1441,31.188932,-85.423096,0.6692051059043331
858,42.732292,23.310972,0.6704115347122708
96,35.2464,115.4208,0.6707107928040026
1248,41.4271,-80.1451,0.6714232154828625
224,39.3197,112.4258,0.6726447235706962
1178,40.39472222,-3.73194444,0.67286174774629
1114,51.45258,0.070766,0.6747781522883549
1264,35.10264,-85.16219,0.6763695863496838
581,42.0353,119.2658,0.6795840674759057
339,32.0005,120.86,0.6804451830427276
599,32.3153,118.3093,0.6829458639279391
222,39.3522,112.4397,0.6829870445567765
1288,30.229652,-90.96563,0.6837974856097837
1235,40.3597,-3.5429,0.6843574194387998
1347,37.71325,-119.7062,0.685273742632632
620,27.7314,112.0194,0.690457720710538
905,45.873889,10.1775,0.690828691183012
231,38.4519,112.7383,0.6908948306268925
660,36.1851,120.3905,0.6911172112683847
152,32.2786,118.3244,0.6915758395554225
1143,52.411563,-1.560228,0.6922162848179596
881,51.468662,5.47235,0.6937500607325895
800,45.655,10.20083,0.694015542462639
251,46.7975,130.3258,0.696452435192324
638,23.0822,114.4053,0.6972908508380479
1138,52.401352,13.059945,0.6977227742497527
122,36.8194,118.3092,0.6998227102667144
734,43.310833,-0.391111,0.7029330295688788
788,47.541944,19.146122,0.7030588183906836
274,38.3254,116.8584,0.7051894931861017
118,37.3803,118.0062,0.7078986270897547
484,35.546,112.8453,0.7086717865435203
898,47.737415,7.309075,0.7094439653945898
1349,43.1818,-87.901,0.7110296756246173
1237,41.9356664,2.238568301,0.711248437558069
107,37.8486,113.5819,0.7122040834776804
24,41.2664,123.7992,0.7123046152090652
554,22.5545,114.1063,0.7135173266477293
1153,41.63528,-0.89361,0.715929834806231
1376,42.099697,-71.6194,0.7167182400403815
1123,45.714444,11.368611,0.7197829532337322
141,30.2092,115.0307,0.7198302498136957
819,45.6642,8.1598,0.7230033042115218
353,41.7867,123.4678,0.7253271376762439
416,28.2264,117.0222,0.7263072804805188
25,41.3472,123.8142,0.7300254653935867
246,33.9477,116.7856,0.7301365529556855
132,33.6347,114.6758,0.7313218394835663
442,36.7729,119.1936,0.7322672261926397
286,33.9528,118.293,0.7338304182621662
612,24.6947,108.0497,0.734286037073131
625,33.4022,120.118,0.7349596221193867
1293,35.614132,-97.47508,0.735285334734392
266,48.471,129.5029,0.7364315496486591
1279,39.9428,-81.3373,0.7365104873293621
593,33.3663,120.1544,0.737073736590503
864,42.90056,13.33667,0.7389301582965607
1012,46.137222,9.385,0.7399029468385458
637,36.913,121.531,0.7419207693665562
210,42.2217,123.7153,0.7431903700890141
63,41.1196,123.044,0.7477702228865806
1371,27.189215,-81.34035,0.747966798347708
583,41.7347,123.2444,0.7484788945795087
101,36.2125,113.0886,0.7492158131506015
1292,35.320107,-97.4841,0.7503347637830612
227,37.7067,112.7249,0.7504777061971355
759,45.84083,9.34889,0.750854444457941
1418,45.49664,-122.602875,0.7530273774254381
268,30.6764,104.1419,0.7536877646340762
1392,38.71085,-90.47606,0.7563142623860756
1436,28.332226,-82.30564,0.7588889989865633
1303,33.588547,-84.06961,0.7663452412291334
1415,30.419806,-91.182014,0.766575635433213
636,23.4714,116.7519,0.768050196635044
590,37.9844,106.2025,0.7738876681687765
561,29.6547,116.0172,0.7742491626750027
902,45.038831,24.298631,0.7775630089860387
644,37.4658,118.5019,0.7802398219020088
1308,42.5956,-87.88576,0.7820380447646201
69,40.6655,122.167,0.7826386998758116
664,34.6692,112.3628,0.786280292139381
651,23.1522,112.5544,0.7896657845396782
112,37.4309,118.6614,0.7901432221584138
498,34.7178,113.7329,0.7911482955458666
1194,49.18742,6.910867,0.7922377952904224
267,46.8028,130.2751,0.7927727337882841
39,35.8735,120.0405,0.796456211408169
121,36.4847,117.8525,0.8045382833641767
907,49.40159607,15.6102457,0.8055464352425329
1072,49.634841,9.657919,0.8097084124340134
1115,59.316007,18.057807,0.8099750946510342
520,30.1506,104.6356,0.8131125021349198
1048,43.5589,-5.9275,0.8160928120605508
322,36.6114,116.9862,0.8162881742977172
545,36.0621,114.4839,0.8165753817969789
1239,45.248889,10.299444,0.8221395298627029
1456,31.954287,-84.08101,0.8235028696304819
645,36.7019,119.12,0.8238090710065727
1230,49.28222,4.051111,0.8289145038008755
658,29.4875,106.4782,0.8327713650015737
357,32.1328,119.4303,0.8340594586134578
602,44.0114,87.2997,0.8342947928599445
1215,53.694628,19.968892,0.8357682806670254
1229,47.3815,8.56592,0.8367100541700232
1416,39.28102,-78.08157,0.8368379008063919
571,25.0492,101.538,0.8393761138162305
1401,30.681719,-91.36625,0.8400382558596518
188,30.5232,105.5582,0.8517077836370455
1185,51.536893,7.457409,0.8533343006034517
560,34.343,106.0055,0.8537624834736592
1117,51.0612777,3.77526239,0.8582270962239763
1219,47.60472222,15.67305556,0.8604254385791604
1192,42.40538,1.13,0.8614317289724244
454,29.6963,118.2903,0.8637937796846072
460,31.882,120.55,0.8649238611459319
297,36.3083,120.3999,0.8838757339926878
1316,29.632057,-98.56493,0.8870510696141692
1004,51.52229,-0.125889,0.8883954602868543
517,27.5578,109.9972,0.8907113548365778
43,36.1017,114.3551,0.8935354049144502
588,35.5934,104.6194,0.8971075595613408
1167,44.92008,2.441082,0.9079440351118908
68,40.6511,122.215,0.911998486401682
10,44.5462,129.6386,0.912177117279421
320,38.8632,115.493,0.9144955808171618
646,36.6331,117.9592,0.9152637450802288
596,33.965,118.283,0.9198760574372816
1370,42.51334,-83.005974,0.9217875687809032
1058,46.064275,23.563517,0.9343672223928972
407,31.4741,104.7778,0.9348239857732764
1064,56.2904,8.4274,0.9631553007767316
207,41.1953,123.2,0.9721534685868424
447,31.388,120.953,0.9736070205288756
