,lat,lon,EVI2_Onset_Greenness_Maximum_1_o3_r
1146,49.514959,8.402331,-0.9961549352695028
1235,40.3597,-3.5429,-0.9954759321199766
1218,51.028931,7.004976,-0.9953836961649378
1147,52.115725,21.237297,-0.9859128258511428
576,38.4842,106.2757,-0.9821030928740886
1201,41.15604,15.09675,-0.9724531229773072
1417,41.705227,-76.512726,-0.9697469023911476
1217,53.24696,10.4565,-0.9677474171488782
1196,44.938125,26.044994,-0.965708332815713
879,41.53583,20.6989,-0.9600919366360576
1088,42.05134069,0.729555647,-0.9584216932677856
1203,40.71099,14.70244,-0.955875360042348
1049,50.877923,12.0749,-0.9457107419325776
46,34.7965,114.2885,-0.943410725896941
668,26.5161,106.694,-0.9431074044876958
550,30.3714,114.8989,-0.9378581749261576
1044,53.064262,14.285139,-0.9367231146037952
780,46.58967,11.43317,-0.93591080975436
1434,43.68578,-74.98538,-0.934979442482589
716,49.94498825,17.90953064,-0.9328711691966822
1232,49.15167,-0.352778,-0.9264500890427556
1193,42.39197569,2.842138412,-0.9209007362392674
1191,48.445553,0.110833,-0.9200892544933372
463,31.909,120.237,-0.917629283730609
1448,34.264915,-88.76622,-0.9168488194675982
254,45.1722,124.7965,-0.9160188840817576
1447,40.74529,-73.41919,-0.9152216816516856
259,47.3388,130.3114,-0.911093206941332
137,32.9771,113.9976,-0.9070585390949472
717,43.404011,21.947746,-0.9037904843726536
869,47.913256,7.908035,-0.9020049729042952
575,30.4576,106.6303,-0.9017451131497836
897,60.22393,25.10244,-0.9006341427338365
1092,48.19223,14.51954,-0.8946898833038323
1034,43.66028,11.90167,-0.8943199621671466
1390,38.65643,-90.19835,-0.8938544607876743
528,26.5892,104.8,-0.8937376836758573
1230,49.28222,4.051111,-0.8898493668306819
957,47.0674,8.46333,-0.8865790176464914
682,47.809892,7.764528,-0.8838639165245532
828,43.9275,12.224722,-0.8825448433558412
519,30.1383,104.6295,-0.8820055105192711
501,26.2081,111.6217,-0.880929251515046
536,23.4835,111.2711,-0.8785697723225473
1184,51.525955,6.97688,-0.876611077023702
759,45.84083,9.34889,-0.875594958820027
766,45.848333,11.569167,-0.8680635001770798
622,39.2474,117.7918,-0.8651641232503813
210,42.2217,123.7153,-0.864010667044102
167,30.4742,114.9028,-0.8628335207778761
582,29.5462,103.7723,-0.859939728004746
779,45.93766834,13.91156335,-0.8556500073848187
1180,56.15976,10.19364,-0.851963407843537
864,42.90056,13.33667,-0.8505833109578114
1121,50.85205095,4.347777506,-0.8500493400701787
934,47.5292,9.9267,-0.8454981772386988
1065,48.947611,13.420573,-0.8454553571703491
783,41.669172,13.674326,-0.8449498195393893
433,32.0931,118.6414,-0.8413606343465981
332,45.6842,126.6206,-0.8386277492196851
344,34.2761,117.179,-0.8384231076637724
1456,31.954287,-84.08101,-0.8341639592459041
920,49.869422,9.171544,-0.8311692965745625
285,40.8033,111.6572,-0.8285752190317837
1163,45.5476,9.16698,-0.8281275198382063
466,31.4,119.46,-0.8275286215549459
150,33.5699,114.051,-0.8237430603439442
208,41.2495,123.1683,-0.8217739345108164
647,36.8406,118.0253,-0.8209618768206752
223,39.3617,112.4575,-0.8205806903964512
151,30.9743,118.7385,-0.8196308907556209
1051,46.2311,6.07417,-0.8193706851788518
1388,37.70097,-94.03474,-0.8192046798180143
909,49.41123199,14.67638874,-0.8190571030861425
313,31.7848,117.1959,-0.8181780745988546
1431,40.73614,-73.82153,-0.8168235356622705
1164,43.675114,4.62921,-0.816467975555088
605,27.2442,111.5283,-0.8162111910253416
1012,46.137222,9.385,-0.8149501916759173
387,39.6334,118.1725,-0.812269488278071
1205,39.48963,16.3868,-0.8014150789551334
183,31.7275,113.3583,-0.8008657159678864
1082,50.16443,9.399441,-0.8004490391756681
958,47.0495,6.97915,-0.7991387156818032
666,26.5424,106.674,-0.7984526837790468
1308,42.5956,-87.88576,-0.7972452651144347
698,49.77012634,13.36822128,-0.7962344644828476
949,50.81487387,3.322494319,-0.7959488527278099
525,37.5072,122.1067,-0.7901480434689814
989,53.63074,10.110595,-0.7884877483511135
1041,51.462734,13.526796,-0.7884536949444566
431,29.8253,106.4213,-0.7869287127366661
574,38.497,106.1015,-0.7840366803663389
305,39.9041,119.5251,-0.7798944610955088
636,23.4714,116.7519,-0.77892983486176
871,54.436985,12.721938,-0.777844630702385
951,47.4387,8.57012,-0.776857158778374
432,29.7228,106.6263,-0.7767445901044054
1047,51.862042,6.874469,-0.7763816773016218
649,28.793,104.6055,-0.7752202952137845
1391,39.749027,-86.18627,-0.7734675743791326
1009,55.79216,-3.2429,-0.7724512238772401
851,43.126475,25.691211,-0.769936563264025
302,30.558,114.2529,-0.7695653993627919
634,36.6428,101.748,-0.7686169502061971
1189,46.1625,12.360833,-0.766229707707824
381,39.8863,116.4072,-0.7660316198400241
885,51.407365,5.393328,-0.7620713218948371
221,35.4897,112.8676,-0.7617534637094229
868,47.739919,26.658519,-0.7608466635435035
592,34.1781,117.1694,-0.7594150427419062
1062,51.321364,12.032141,-0.755456541030474
982,50.892377,14.822846,-0.7542491014749979
999,44.98375,26.015214,-0.7530839661958649
73,40.1092,124.3633,-0.7529776905383363
1124,45.690278,9.643889,-0.7503937108013993
1134,45.736694,21.250808,-0.74878209131613
543,29.315,110.4417,-0.7470797909068916
401,28.793,104.563,-0.7448518080456347
883,50.736389,15.739722,-0.7430420350806025
1130,51.47707,0.317969,-0.7404686475548191
388,38.0178,114.5331,-0.7396832478374543
82,43.8711,87.5525,-0.7353704858988772
351,32.4639,119.888,-0.7328792713709789
1003,48.77586,5.162789,-0.7326732981951608
721,45.916943,6.135556,-0.7311381358893356
228,37.6982,112.6991,-0.7298931054527588
296,40.8336,114.8883,-0.7288196161774785
273,37.7541,115.6838,-0.7248200909446106
1386,41.81305,-88.07283,-0.7239323227423758
222,39.3522,112.4397,-0.7236418257062314
538,28.2675,109.6958,-0.7188590633030733
809,45.83611,8.80417,-0.718452666370685
946,48.930932,21.913705,-0.7184126889432998
954,67.878588,21.062962,-0.7182391863018297
970,51.698954,7.122684,-0.7157140895955
1057,52.349703,13.424304,-0.7152379083951899
687,45.183611,11.311389,-0.7146341823820943
120,36.8103,118.0414,-0.7125399666531322
906,46.08253,10.95804,-0.7123026215067751
1150,51.799722,16.3175,-0.7118818300857926
1077,43.21291,-3.1344,-0.7115946002062615
1331,41.058617,-74.25555,-0.7111203242138
902,45.038831,24.298631,-0.7082942771128323
1199,43.650722,25.363583,-0.7069834450171261
865,50.978292,10.317236,-0.704951025643134
653,29.6277,106.6556,-0.7013183676904535
1123,45.714444,11.368611,-0.7007841756542659
422,32.0023,118.7752,-0.6964712596198646
931,50.12218857,14.46757793,-0.6933147392573555
877,46.256617,26.792892,-0.6913126359511623
1425,40.304695,-79.50567,-0.6900208682977961
1096,51.838221,5.856938,-0.6895240164841859
399,29.4572,106.3754,-0.6883094647343536
303,36.5713,114.4918,-0.6865002990217673
850,42.637192,23.243864,-0.6862321500709809
348,32.0551,118.7538,-0.6850491621765546
1116,51.34879529,4.339709947,-0.6850026071100248
1442,32.52127,-84.94463,-0.6837815771676713
1157,47.594913,7.568175,-0.6821757289594702
644,37.4658,118.5019,-0.6818325673346918
917,47.72514,10.306561,-0.6810706175806238
670,28.687,115.8518,-0.679454810839989
290,37.9854,112.549,-0.6779801289810766
1450,43.34317,-87.92087,-0.6764514709460641
685,48.85731,7.314175,-0.6757600495967641
1037,49.83918762,18.26368904,-0.6749092632957997
1013,49.276386,2.482167,-0.6711502300162164
825,48.04944444,14.44277778,-0.6681867622244102
1357,42.14175,-80.03861,-0.6679999140883613
1411,34.623238,-82.53206,-0.6659477698747097
1110,53.40337,-1.752006,-0.6658627692313513
1198,51.067439,19.448694,-0.6646448650548151
1273,39.70595,-79.012,-0.6639999524035815
1231,46.34072,2.593945,-0.6634162204688737
279,41.0026,117.9268,-0.6629150074461284
844,64.244226,19.767238,-0.6620728417829508
890,47.2225,-1.5375,-0.6615431289336937
232,37.5211,111.1406,-0.6588321496289472
774,47.40555556,15.36083333,-0.6574475506315113
841,47.557222,18.420836,-0.6572930880768275
671,45.499167,12.262222,-0.6571348019637524
777,46.13111418,14.99611517,-0.656875264277899
940,48.248993,16.357079,-0.656696261442718
1156,43.40444,-3.84194,-0.6563228456047941
226,39.9289,116.4174,-0.6561584343691786
955,47.4067,9.39438,-0.6558255255981545
948,46.6775,12.972,-0.6554882967745196
658,29.4875,106.4782,-0.6551853958819788
270,37.7124,112.469,-0.6537035769897261
498,34.7178,113.7329,-0.6532816115326229
606,27.3033,111.5239,-0.6505426789321618
950,50.46519216,3.939714326,-0.6504462375230151
551,33.015,114.0114,-0.6495075969896718
146,32.1142,112.1825,-0.6467588876424031
379,30.6319,114.135,-0.6448203734456806
1401,30.681719,-91.36625,-0.643629651931191
1369,43.176674,-85.41661,-0.6428504686768091
968,50.889871,6.985074,-0.6426387481146861
482,31.5031,120.242,-0.6413928491478292
704,45.569,8.1876,-0.6412906720152928
778,45.54301186,13.71352366,-0.6380485903776385
484,35.546,112.8453,-0.637858244558352
1304,34.474525,-85.408844,-0.6378369675806002
391,38.8394,117.457,-0.6375025820724758
1067,51.651166,12.302866,-0.6371695387856234
875,40.641111,-8.100556,-0.6367860751907046
1310,45.2384,-86.994,-0.635776582514
1162,45.96141,4.465711,-0.6356810564949863
840,54.68611145,25.2108345,-0.6355076381200162
1080,50.970024,9.80026,-0.6342483136634821
1053,50.125332,8.746343,-0.633393484907225
1216,51.54052,5.85307,-0.6317973534253853
512,25.0925,104.9022,-0.631271655445656
804,48.124711,17.125496,-0.6296473916291688
986,46.802376,4.417486,-0.6268649298773612
402,29.4906,106.6349,-0.6246470980899399
155,31.737,116.5079,-0.6242803249552251
53,30.3544,112.2008,-0.6231866162927544
991,47.2474,6.015419,-0.6221914628541841
567,26.0746,119.317,-0.621089083761619
1152,50.349608,18.236575,-0.6192221972278825
1129,51.49633,-0.460861,-0.6176906756623669
412,25.8333,114.9322,-0.6174316692931684
790,46.835,14.84361111,-0.6171771924098686
60,41.0971,122.9642,-0.6170096180574302
929,51.897598,14.057064,-0.6165137561238739
700,43.610497,2.23015,-0.6162892276065675
978,44.865555,-0.939444,-0.6161436074894759
925,52.99875,11.73846,-0.6111137646659293
392,39.0343,117.707,-0.6106911076597662
1277,39.42689,-84.20077,-0.609889726775973
499,34.77172,113.73961,-0.6088807112397027
1122,43.867496,18.423061,-0.6079385724884312
165,35.7609,115.0574,-0.6076496725904271
1319,39.866833,-88.92559,-0.6059678378871142
162,35.7306,114.2878,-0.6053130081057077
397,26.3003,106.805,-0.6027710560556129
68,40.6511,122.215,-0.6018719928454982
527,27.8914,102.237,-0.6004631965310757
691,48.001511,7.832122,-0.5998839639594825
301,34.7525,113.64164,-0.5997323019691541
417,28.2475,117.0311,-0.5988531634622503
1010,53.56292,-1.510436,-0.598132704243483
424,33.774,113.182,-0.5958363799633092
21,41.3094,123.7169,-0.5918404853344789
1422,44.616943,-86.109406,-0.5857052573180745
598,26.4214,111.6156,-0.5851420081758091
667,26.6027,106.7109,-0.5847457836334188
121,36.4847,117.8525,-0.5841015323300487
615,37.6828,112.7195,-0.5837586375661141
1305,46.0519,-89.654,-0.5814253354030966
1221,43.4015,-5.8028,-0.5810466500757423
1327,40.8679,-73.87809,-0.5796304829427612
1375,42.298492,-72.334076,-0.5786726327216156
1132,49.165508,9.224786,-0.5764272453569271
842,47.091111,17.901122,-0.5757669684318801
772,45.515278,10.219444,-0.5753991093671337
521,30.5944,114.3014,-0.5752367823437836
1259,29.767998,-95.22058,-0.5749209678145526
1135,52.22174,-2.736665,-0.5749001689424563
212,41.5646,120.4521,-0.5738184263028442
607,29.2956,117.2461,-0.5736446646777612
298,34.77134,113.65724,-0.5723661458771667
436,28.9703,111.6975,-0.571449841648454
558,29.7535,116.0721,-0.5703175454547295
973,49.446,7.7673,-0.5692439121386966
1040,53.060045,8.916966,-0.568927344963056
465,31.737,119.579,-0.5681381730564141
57,31.1317,104.3826,-0.5680928280976724
923,51.054558,12.141322,-0.5672561133212684
195,33.1138,107.0089,-0.5653056326689518
820,48.753179,21.245046,-0.5646062131358658
977,45.154075,26.818619,-0.5635467290275287
1286,36.02661,-80.341965,-0.5633047115389128
475,29.3867,117.3102,-0.5629096293405081
569,26.8906,100.2203,-0.5625291936492065
1063,48.326013,10.903051,-0.5622959599814712
354,41.7653,123.4114,-0.561658013905798
30,36.6106,109.5056,-0.5610601702442213
1226,46.586918,0.358583,-0.5607497883396434
673,49.419528,8.6767,-0.5604936352583341
1171,43.5166,-5.6707,-0.5597957375390132
1278,41.24045,-80.66272,-0.5581876304943745
719,47.27476,4.099476,-0.5574278054217788
100,36.1989,113.1031,-0.5561774890345609
530,31.2827,107.5277,-0.555924345570338
311,36.6868,117.0624,-0.5547039922025335
390,39.9136,116.184,-0.5542540623645776
557,32.6389,110.7258,-0.5523671699639682
891,42.516944,1.56525,-0.5510472988758369
216,41.7325,125.9446,-0.5479873798256326
1312,32.364567,-88.73149,-0.5470450355356199
586,35.7668,115.0,-0.5436859361628097
230,35.0303,110.9686,-0.5427767916099435
306,39.9499,119.5897,-0.542485015436043
1069,52.398406,13.368103,-0.5421774866781292
442,36.7729,119.1936,-0.5413630892927815
669,29.4251,113.1493,-0.5412291654224223
998,48.173194,11.648036,-0.5396686478331533
171,35.5307,106.7021,-0.5380513888546026
720,47.3456,5.002377,-0.537920062213326
678,50.836389,19.130111,-0.5376960321346308
50,34.7752,111.1922,-0.5367013363146611
1293,35.614132,-97.47508,-0.5354893037474818
0,39.8784,116.3621,-0.5347544529155359
240,46.6528,126.964,-0.533263660238368
674,50.007629,18.455548,-0.5322678517548379
559,29.7046,115.9584,-0.532097388185108
683,45.6725,12.238611,-0.5315546680220168
676,49.224167,4.020556,-0.5315528844205588
1433,40.56252,-80.503944,-0.5308601449432319
684,50.010575,19.949189,-0.528726579967364
787,49.50504,5.97694,-0.5262163361893782
932,43.322554,21.919025,-0.5250772242950668
1183,51.303394,6.819887,-0.5232932903613609
1072,49.634841,9.657919,-0.5230384795340988
25,41.3472,123.8142,-0.5224657101530032
1195,50.0075,20.259167,-0.5220743016099615
28,34.6886,112.494,-0.5209106020891217
1015,48.17278,6.452811,-0.5170261628934878
375,43.8772,125.3716,-0.516738989674851
1395,33.545277,-86.549164,-0.5166365996475059
199,30.2756,118.1371,-0.5155694757745899
396,39.6506,118.1705,-0.5152718498044465
1335,42.09142,-77.20978,-0.5150122423222545
26,41.0879,121.1115,-0.5148976317508098
1423,35.43477,-83.44213,-0.5124224638666602
529,31.2132,107.4988,-0.5112259047971571
823,45.1763,7.7116,-0.511081746972316
903,50.37658691,13.32762241,-0.5100907175532153
1353,40.56333,-78.919975,-0.509626692624464
20,41.8611,124.0436,-0.5090515664964056
524,29.9833,103.0111,-0.5089345483188716
722,49.40619,1.15515,-0.5064990911061166
89,34.1978,108.985,-0.5057287939952898
1381,38.548138,-82.73116,-0.5038321986217802
514,28.6842,115.9314,-0.5037617092544875
77,40.7677,120.8695,-0.5032414860576141
495,28.1944,113.0014,-0.5023508228650052
24,41.2664,123.7992,-0.5011967515245361
1206,45.238642,19.835704,-0.4998087569910986
924,49.544078,8.465281,-0.4994409448803213
1245,33.81468,-80.781136,-0.4987236942516671
824,44.5,11.286111,-0.4985044298364504
472,35.176,113.2467,-0.4984112039658795
394,39.1661,117.1444,-0.4956663453413115
889,50.74823,2.25978,-0.4953338799385842
712,52.029194,23.149389,-0.4933226720654006
1316,29.632057,-98.56493,-0.4917124827441224
1397,33.331112,-87.00361,-0.4906845525217402
468,47.8517,88.1264,-0.4885310221433314
206,42.0224,121.6717,-0.4881630953424207
1315,42.139996,-87.799225,-0.4873833271418006
734,43.310833,-0.391111,-0.4852999712537387
86,34.2173,108.9356,-0.4838929471083066
310,36.663,117.0495,-0.4813187605403666
320,38.8632,115.493,-0.4787496457701163
595,34.4285,115.6702,-0.4785222723154841
1212,42.36417,13.38306,-0.4767655865380488
655,30.5767,104.0594,-0.4760437186286978
1348,34.454514,-94.143524,-0.4754706901080232
1340,29.723333,-95.63583,-0.4739278780761026
71,40.1503,124.4256,-0.473534086959171
1190,49.784339,22.756239,-0.4735204071652721
792,45.760833,11.736667,-0.4724113942433603
1209,50.912475,15.31219,-0.4712398064654284
1176,44.825,11.649722,-0.4711369967466501
702,60.37288,11.07407,-0.4679027207488364
1321,40.72099,-74.192894,-0.4667651234560085
708,43.09625,-0.040497,-0.4659101477297981
438,27.8336,113.251,-0.4647718489694454
768,50.429014,21.277367,-0.4646219838648128
1300,33.43395,-84.16181,-0.4629711995714107
1113,54.97825,-1.610528,-0.4622903820301994
504,26.4364,111.5992,-0.4620582758169597
1064,56.2904,8.4274,-0.4609922108139129
760,47.594257,1.302667,-0.460499326989909
5,47.3227,123.9483,-0.4602989231136766
591,36.61763,114.5129,-0.4602444736936082
837,44.73473,9.36693,-0.4585546584608742
145,32.0564,112.1392,-0.4583542515944605
1173,50.900317,5.986853,-0.4571685624391992
888,46.58389,0.345556,-0.4556426709340749
241,32.9427,117.3605,-0.4545202086859466
367,45.7733,126.689,-0.4527806686503525
863,52.602056,11.850274,-0.4526797068977912
706,42.09791019,1.848237224,-0.4517581471616378
13,46.6215,124.9042,-0.4509905075245872
1104,51.75816,10.61248,-0.4509037290480661
43,36.1017,114.3551,-0.4500602195201081
81,43.831,87.6432,-0.4481213629466956
1106,50.84971052,4.33410368,-0.445365801711008
1350,42.51831,-89.06347,-0.4453603984518358
960,51.25210341,4.491362028,-0.4446614514673388
914,52.146264,14.638166,-0.4441755520624221
1415,30.419806,-91.182014,-0.4436901415966982
1061,50.048397,10.232076,-0.4412238454132239
1160,42.36831811,1.776783258,-0.4385610214732477
793,47.06701111,15.49368889,-0.4374100904872966
1313,38.86067,-90.10585,-0.4364190336045907
632,22.5311,113.0219,-0.43506647463694
163,35.303,113.883,-0.4318069834844442
314,31.8707,117.2588,-0.430583960101964
911,50.11108017,14.50309563,-0.4299773660256704
1159,49.851334,3.284,-0.4293409270896832
892,44.926111,10.370833,-0.4283674152967058
159,30.6618,117.47,-0.427269334835555
810,47.4885583,12.066633,-0.4258633206289994
967,53.480927,9.857223,-0.4255830721749681
898,47.737415,7.309075,-0.4247237459311437
1359,40.46542,-79.960754,-0.4235518532273153
664,34.6692,112.3628,-0.4203766086324998
1214,45.297325,27.949461,-0.4200334776590066
573,30.4663,106.6271,-0.4186808109254496
459,31.656,120.734,-0.4167463828875051
533,30.5366,105.5861,-0.4150288218558984
426,37.3753,97.3731,-0.4123224144903918
876,44.99694,11.07083,-0.4116723653397073
1452,40.27813,-105.54564,-0.410843028164682
753,42.33611,-3.63611,-0.410726726293039
838,45.1391,7.0501,-0.4098587384570544
628,34.5023,109.4259,-0.4057756265136352
930,51.746848,14.33447,-0.403967116932779
242,32.8911,117.4185,-0.4028374464511756
870,52.800773,10.756733,-0.4026496147904722
762,45.158745,1.537222,-0.4024935043961669
1283,35.9359,-81.5306,-0.4016707288789677
1182,51.839382,10.790143,-0.4006340219005112
105,37.8572,113.5758,-0.3982491246732318
643,37.4442,118.5857,-0.3976029082066941
781,48.167961,17.106244,-0.3963296192489721
847,41.97833,21.47,-0.3956457944511868
1241,35.507225,-82.96362,-0.394372943217218
164,35.7636,115.0312,-0.392894937650899
1376,42.099697,-71.6194,-0.3924654685698355
510,26.9056,112.5664,-0.3913638617383476
188,30.5232,105.5582,-0.3900579770384835
451,26.4365,106.6555,-0.3856574315669103
95,36.1856,113.0844,-0.3854312649371521
866,50.979455,11.037924,-0.3853782531584636
1346,39.4125,-107.23056,-0.3848688866139821
1294,44.735977,-68.67075,-0.38378712701022
770,45.4512,7.878,-0.3835348917994621
1213,50.676856,17.950278,-0.3822763762449668
826,45.1546,7.658,-0.3801096549282162
1344,41.84046,-72.01037,-0.3799803358485746
1154,41.66638888,-4.715,-0.3790449244534706
1139,50.66109467,14.04306316,-0.3783617422403307
537,23.7233,114.6892,-0.377771281742372
1039,50.766815,7.973542,-0.377355614977889
253,47.3086,130.2684,-0.3760102711231973
939,46.23451421,15.262476,-0.3752496192498727
969,51.453459,6.86505,-0.3749765838796391
190,31.2124,107.4644,-0.3738490512104216
217,39.3278,112.4072,-0.3723916134056496
235,41.9419,126.4077,-0.3719288280275662
27,40.8434,121.0533,-0.3693246738565102
321,36.6133,114.484,-0.3685462620852255
659,36.0855,111.5018,-0.3680560014007424
500,30.2798,109.4707,-0.3677062197816865
1136,42.45639,14.23472,-0.367636156197929
355,41.8467,123.4264,-0.3673846106620228
1255,38.013332,-87.577225,-0.367296127033379
1155,43.26444,-4.06278,-0.3665285309743604
843,43.223044,27.587239,-0.366449641041866
317,36.6734,117.1265,-0.3661830621126435
640,29.6815,115.9872,-0.3660291530619435
309,36.0658,120.4134,-0.3656898242824059
1254,34.002747,-89.79919,-0.3656261607504176
1081,51.90158,10.48132,-0.3651738831479517
947,48.33472,16.729445,-0.3650826222524655
109,42.2816,118.9233,-0.3622786300497768
373,43.79,125.4605,-0.3610771880877304
1004,51.52229,-0.125889,-0.3602637324073268
113,35.4216,119.523,-0.3596346155822057
243,32.9673,117.3533,-0.3583890776890929
494,25.7759,113.0348,-0.3579290209146991
1389,39.40745,-94.26537,-0.3573464402990745
579,30.0003,120.5483,-0.3573016409757549
1380,44.310555,-84.89187,-0.3559770092742159
9,44.6075,129.6364,-0.3557802197107169
1185,51.536893,7.457409,-0.3557640714635291
1223,47.0677,8.30068,-0.3551623389708752
619,30.9413,117.7807,-0.3550407810511281
200,30.6145,116.9896,-0.3547149346641173
1007,48.9964,1.7033,-0.354636810219668
194,33.0706,107.0154,-0.3542773350863516
1416,39.28102,-78.08157,-0.3540094375500645
1119,45.623056,13.7875,-0.3521144763506177
788,47.541944,19.146122,-0.3510349202079773
123,34.5578,117.7276,-0.3503265584496179
193,30.0475,101.9603,-0.3499375132584501
1030,50.5976,-3.71651,-0.348310579638529
1043,45.411864,28.005967,-0.3474381611282346
979,51.396095,12.234054,-0.3469514274338932
1197,44.429489,24.351389,-0.3465050838446777
905,45.873889,10.1775,-0.3449721211055219
1001,47.73344,12.891241,-0.3446622554458865
1002,53.37287,-3.022722,-0.3438935287875623
1367,41.3014,-72.90287,-0.3436425723305911
881,51.468662,5.47235,-0.3409882023709327
1393,33.578335,-86.77389,-0.3407646949953732
175,42.8328,93.4961,-0.3380242258742779
996,49.32273,11.02792,-0.3372576240252567
995,53.56414,9.967882,-0.3356619202878244
117,36.4372,115.9848,-0.3328349110091114
400,27.0999,114.9658,-0.3298238275656279
1334,43.05235,-76.05921,-0.3276187287430845
731,45.0419,7.6259,-0.3264649297567321
327,31.1907,121.703,-0.3238155180053594
319,38.9108,115.4713,-0.3228541836600546
880,45.0028,7.8375,-0.3225094537149789
389,38.0058,114.4586,-0.3223546397055372
1248,41.4271,-80.1451,-0.3215534773269921
1128,45.371944,11.841944,-0.3164010699520166
1100,50.85671305,4.425760659,-0.3157790536205455
323,33.575,119.007,-0.312585677671639
75,40.7136,120.9092,-0.3116455659546585
665,31.751,119.579,-0.3115976314857297
1249,36.306965,-79.09197,-0.3106060506319873
112,37.4309,118.6614,-0.3096245368600119
138,30.2313,115.0601,-0.3089005126790088
144,32.5714,110.8839,-0.3073364393560445
599,32.3153,118.3093,-0.3059292009867681
799,47.09436111,15.41511111,-0.304311231560154
561,29.6547,116.0172,-0.3028410656414602
518,29.5844,103.7627,-0.3014404679967596
1347,37.71325,-119.7062,-0.3013169100658864
1432,36.60843,-83.73694,-0.3002316741266468
346,32.0309,118.8109,-0.2990873612741608
362,40.7866,111.5512,-0.2987971044142632
754,49.744886,21.454617,-0.2981180196607435
789,45.0249,7.6491,-0.2978642023207491
126,37.5433,121.3719,-0.297004424052937
464,31.354,119.818,-0.295933886412512
1420,35.158688,-78.728035,-0.2955365654969551
205,41.998,121.6094,-0.2948826312010123
246,33.9477,116.7856,-0.2930585971995341
758,45.47833,9.23583,-0.2930247089766625
293,37.7394,112.5583,-0.2917421088373425
935,50.88369465,4.382977505,-0.291706768600169
409,27.7844,114.3956,-0.2909967256256973
403,27.1312,114.99,-0.2893682016610189
182,36.5446,104.1724,-0.288834465225081
6,47.2988,123.945,-0.2872285879853941
1243,35.438557,-81.27675,-0.2867053559155115
554,22.5545,114.1063,-0.2859697319395411
773,48.40861,15.619166,-0.2839724452786776
1187,43.285,13.42861,-0.2832495199525492
983,41.947654,12.533667,-0.282645817875354
180,36.1911,113.1569,-0.2823486836796721
1426,30.848612,-85.60389,-0.2810885216126256
757,43.15333,-4.25306,-0.2804302889323308
814,45.79728,3.113833,-0.2789581456745149
966,51.406846,6.965589,-0.2742218666797069
816,49.211447,18.771215,-0.2738637930233064
975,49.628771,8.364779,-0.2736360662779071
353,41.7867,123.4678,-0.2733322269023344
1445,35.988277,-77.5843,-0.2733039603403228
990,42.697918,9.446417,-0.2723683482010182
803,48.16206944,16.52561389,-0.2717439614110138
899,40.540351,-3.645253,-0.2712606868072056
1020,45.560556,11.539722,-0.2712283113941759
480,27.5002,114.0997,-0.2707442146689823
1011,43.91611,11.00694,-0.270602470166432
308,30.6217,114.3646,-0.2698881076635169
813,47.04735,16.07905,-0.2695590106665596
648,28.3611,112.9581,-0.2675341212813588
1098,51.15013609,3.80873543,-0.2669965823450792
404,24.8886,102.8204,-0.2632667753078146
287,33.9592,118.2442,-0.2622802418078709
213,43.1713,124.4002,-0.2606234329373736
295,40.762,114.8902,-0.2598445878182568
921,48.773072,8.220214,-0.2596913744354823
350,31.7069,119.9468,-0.2589372037329483
596,33.965,118.283,-0.2569298550773922
299,34.80246,113.67526,-0.2567758644495947
709,52.407578,20.955928,-0.2537294386882275
337,31.3097,120.669,-0.251121193510959
744,43.34639,-4.06417,-0.2509678122078486
51,30.7856,106.1064,-0.2504659723864303
18,41.8491,123.7977,-0.2501730316191422
854,42.666508,23.400164,-0.2500246285075846
84,30.6306,104.1122,-0.2496361812129429
1208,44.386558,23.733658,-0.246851500819295
945,48.27329,14.31479,-0.244926285178144
61,41.0931,123.011,-0.2446003642708427
545,36.0621,114.4839,-0.243185833895433
1042,53.924712,9.532635,-0.2427687501547127
393,39.0927,117.202,-0.2419068248245855
549,28.9398,118.8692,-0.2412069036111389
980,51.317905,12.297411,-0.2409915968900881
861,46.765425,23.550258,-0.2404380971195528
1238,40.6646,-3.7739,-0.2377289665125851
371,43.8447,125.3863,-0.2361298061112554
1413,41.094967,-85.101814,-0.2359290719171317
555,31.7231,118.5228,-0.2325043152931187
1054,40.62984,-3.17159,-0.2298384671845839
368,45.5419,126.979,-0.2297975211983246
271,37.0851,114.5237,-0.226966645465406
340,32.02,120.87,-0.2265098326378515
268,30.6764,104.1419,-0.2263502785661526
690,44.3818,7.5382,-0.225900271026176
1330,40.92458,-75.06782,-0.2247586163848852
1177,43.3665,-5.833,-0.2218375446485304
730,45.683333,9.466667,-0.2212933031497309
1258,41.606663,-87.30494,-0.2192973257081015
1263,36.019184,-83.87381,-0.2185690737301071
139,30.2006,115.0817,-0.2180850868098039
1247,35.0608,-83.4306,-0.2175142439839149
380,38.8639,115.5086,-0.2157168832641755
1105,59.399355,18.077416,-0.2140826727731636
455,36.885,120.515,-0.212608712515631
749,43.313,-7.6937,-0.2125628022738058
627,22.5978,114.297,-0.2122651896844588
740,45.474156,28.034406,-0.212089773138391
336,31.2472,120.561,-0.2111172336808333
369,45.8167,126.561,-0.2105569253308242
1143,52.411563,-1.560228,-0.2101895146592999
1368,34.530716,-86.96754,-0.2099143786565715
1429,40.689255,-122.40219,-0.2099024523247973
349,45.7258,126.6411,-0.2096792915052877
398,29.7166,106.6205,-0.2096276726029036
411,31.2071,121.577,-0.2080097312968769
1329,32.726658,-103.12292,-0.2051929727011738
1127,45.5966,7.76643,-0.2048908076745797
584,41.7173,125.9358,-0.2045260234991654
1280,41.420883,-82.095726,-0.2039708583745239
88,34.3474,108.935,-0.2033714916601711
473,26.6272,118.1756,-0.2026404364413146
846,47.105278,17.556667,-0.2025451678872005
1087,50.383217,8.060998,-0.2024032973345998
1256,39.48599,-87.40131,-0.2018046136776169
1220,43.25811,-2.97344,-0.2012902580151852
1297,48.5103,-113.99681,-0.1991766665271475
1341,29.625557,-95.26722,-0.1990001645691791
1451,33.9828,-111.79871,-0.198279233912233
76,40.7514,120.8392,-0.1978512279434687
470,26.2714,117.635,-0.1961941023435121
660,36.1851,120.3905,-0.1959862049946632
578,39.1067,117.1941,-0.1943568671580549
927,54.88361,-1.406878,-0.1937739131907652
992,47.538193,6.868361,-0.1924024873559223
1361,41.44278,-75.623055,-0.1908106531494921
1332,35.9138,-81.191,-0.1907689885041174
1407,41.965195,-87.87627,-0.1898559782473907
227,37.7067,112.7249,-0.1893630366172422
166,31.0386,112.2213,-0.1870590051310646
1410,29.68639,-95.29472,-0.1868020837108279
214,46.0656,122.0392,-0.1866970409772008
1262,36.085506,-83.76481,-0.1865103008423954
587,31.9996,118.7356,-0.1857985769826938
493,31.9037,102.224,-0.1857950367766372
408,27.0968,115.0093,-0.1849901140160313
1404,39.99139,-75.08083,-0.1843558163652902
1102,50.010325,8.451527,-0.1843530114459003
1166,41.04,21.3564,-0.1787766465895277
887,52.039023,4.359376,-0.1779320616154972
1303,33.588547,-84.06961,-0.1772507310734086
689,43.25055555,-2.155,-0.1771312398455229
449,31.155,120.636,-0.175986443062226
41,35.0697,109.0697,-0.1759261711357473
784,55.072222,24.283894,-0.1750366411194864
315,31.8571,117.25,-0.1748025624161141
952,46.951,7.44087,-0.1739841120834338
613,30.7525,120.7846,-0.1736989646975583
378,43.9166,125.3325,-0.1714784785302303
490,36.864,118.78,-0.1705700535553391
1394,33.553055,-86.815,-0.1681184090505547
443,49.2261,119.7594,-0.1679975152852791
1396,34.015434,-84.60742,-0.1677880367992889
256,45.3001,130.9762,-0.1658580225790682
452,24.5058,118.0936,-0.164084011017468
775,46.06554495,14.51272032,-0.1632616298894718
1269,44.351696,-68.22698,-0.1607417466692474
544,39.7443,98.5061,-0.1600999739074666
661,35.4828,112.8271,-0.1560451356832895
1281,35.76541,-82.264946,-0.1553502903633832
1055,49.73244858,13.40228081,-0.1542681552637766
895,47.64892,-2.76399,-0.1531625581110732
179,44.3075,86.0697,-0.1519382940024879
1097,51.05833172,3.729298172,-0.1512725019549739
185,31.6908,113.3833,-0.151070915216556
471,29.7091,106.4522,-0.1507025680375134
7,44.561,129.61,-0.1506868884943867
835,48.39167,13.67085,-0.1493176059091924
696,49.91351318,14.7826252,-0.1463973074699454
1424,42.27807,-85.54189,-0.1461157226438227
1446,43.670834,-110.59947,-0.1439570752435483
1027,49.90167,2.304597,-0.1434443305924915
1298,64.84569,-147.72742,-0.1423320630807694
571,25.0492,101.538,-0.1418592801773882
322,36.6114,116.9862,-0.1378429844744976
274,38.3254,116.8584,-0.1367502501355646
681,48.847917,10.096292,-0.1367204304152745
541,27.7044,111.9892,-0.1358894857981936
1253,48.41252,-92.82922,-0.1357392768670632
245,32.633,116.8281,-0.1353928943736739
325,33.5981,119.036,-0.1353198096732216
729,46.072224,5.820833,-0.1349670319278027
181,34.5538,105.8945,-0.1344036678102516
831,45.148333,9.940278,-0.1338403807298805
912,50.04613113,14.33141327,-0.1324603430958301
1377,43.97462,-70.12461,-0.1316030028326636
798,42.404687,12.857794,-0.1313342192761815
705,45.5588,8.0564,-0.1304048208421419
972,46.934128,26.38925,-0.1303162689764309
933,46.401944,13.011111,-0.1298083551833366
1284,32.535294,-93.74704,-0.1297218108632794
10,44.5462,129.6386,-0.1296965083761923
750,43.2757,-5.596,-0.1291560814509767
1399,32.362606,-88.27799,-0.1268335256968582
129,36.2017,117.0885,-0.1260662446248624
104,36.0714,111.5028,-0.1245603220293409
531,29.5822,105.0406,-0.1244301704073485
37,41.7166,86.1972,-0.1240741188966872
672,52.420319,16.877289,-0.1235313769032639
458,31.381,120.999,-0.1226993420055896
1021,45.89,0.9,-0.120974030923669
1085,46.541047,24.559642,-0.1191793249089381
420,28.1136,116.9822,-0.1165153247091397
416,28.2264,117.0222,-0.114853735739373
255,45.6077,122.7911,-0.1147714206342415
516,27.5342,109.9781,-0.1140463876232614
742,45.871406,22.908594,-0.1134928374566882
515,26.8956,112.6211,-0.1133748151245298
1325,44.08747,-75.97316,-0.113156278858255
807,47.410164,9.653713,-0.1127649745765025
450,37.197,122.038,-0.1089582350264821
1352,31.893913,-106.42583,-0.1083174174943954
763,46.17,1.87,-0.1083009444649
1363,35.96497,-84.22317,-0.1066460739478705
650,28.7728,104.6201,-0.1063710816579067
1117,51.0612777,3.77526239,-0.1062519914537107
1250,44.18089,-85.73898,-0.1061067026529295
617,39.0845,117.1589,-0.1060230148135745
1285,30.700895,-91.05607,-0.1055546171485664
553,24.8978,118.5972,-0.1042590373088899
142,32.395,111.0419,-0.1039240452126287
1056,43.1788,-6.5527,-0.1033441400809932
1296,43.4351,-89.67979,-0.1017012766491265
72,40.1461,124.3933,-0.1007823776256674
1301,34.785217,-84.62643,-0.1004122643627171
747,46.671307,5.556806,-0.097260242425436
52,30.3197,112.2494,-0.0965899699151079
1257,41.182465,-81.33048,-0.0962663157182098
741,59.4944458,25.9305687,-0.0961149413059734
1379,32.50996,-92.046196,-0.0954012859956989
1089,48.12027778,14.878333,-0.0922422505661518
944,47.04472222,15.15277778,-0.0921260272570624
345,34.2384,117.1918,-0.0910325838687329
395,39.1082,117.237,-0.090742829612901
2,43.8306,126.555,-0.0892613888529369
806,47.128863,10.034324,-0.0892199217472268
291,37.8195,112.57,-0.0882891653514376
1343,41.78472,-72.63167,-0.0869676252529157
918,48.904228,11.948795,-0.0857946857445123
1048,43.5589,-5.9275,-0.0852024973680029
907,49.40159607,15.6102457,-0.0850398719178381
1274,41.53694,-81.45887,-0.0843956542202519
225,37.6945,112.7532,-0.0836609209376952
1153,41.63528,-0.89361,-0.0833189184970582
307,30.6189,114.282,-0.0831774504434108
14,31.6837,118.5092,-0.0831457621243053
1246,33.342224,-81.788734,-0.0823751805849052
812,47.27129,11.4169445,-0.0815182957323402
107,37.8486,113.5819,-0.0775907971739535
1414,40.046665,-76.28333,-0.0738804147899788
127,36.7023,119.1437,-0.0738793995839583
936,50.85780611,4.288706017,-0.0738331237432635
623,33.5828,114.0138,-0.0732430506929288
1337,38.20087,-77.37742,-0.0729953369447768
1439,39.310833,-76.47444,-0.0717424353750213
1071,47.664361,9.169289,-0.0681069410286027
839,48.247222,20.616403,-0.0665633738634991
435,29.355,113.2117,-0.0665408843793528
122,36.8194,118.3092,-0.0659962944709537
207,41.1953,123.2,-0.0659666261833278
711,49.04781723,18.00782776,-0.0640975339115471
637,36.913,121.531,-0.0634811860928308
1035,41.554167,14.674722,-0.0625663412543588
1111,47.47706,11.05722,-0.0608882887639145
1032,45.60222,9.27611,-0.0608453005795349
93,34.9976,118.2794,-0.0603504584259923
1239,45.248889,10.299444,-0.0597481291439775
17,41.0821,123.022,-0.059494577568248
22,43.8622,126.54,-0.059004798810481
62,30.7236,103.9728,-0.0583790776664388
63,41.1196,123.044,-0.0576761975389962
261,46.6191,131.1652,-0.0575781352594437
341,34.5885,119.176,-0.055260700204359
1031,45.226667,11.665833,-0.0547732249922032
125,37.5639,121.2514,-0.0547027444106925
1438,35.206112,-111.65278,-0.0542887317827226
1172,46.162556,-1.153603,-0.0529056927978422
562,22.2281,113.299,-0.0508214670065302
1109,54.334944,-0.80855,-0.0507788319156852
96,35.2464,115.4208,-0.0494471386476008
1266,36.0388,-85.7331,-0.0485091557860684
489,36.881,118.746,-0.046998735874281
101,36.2125,113.0886,-0.0467934036511077
1317,42.060284,-87.86323,-0.0466365428291796
959,47.513333,21.624444,-0.0466146566019924
269,39.6973,106.8174,-0.0444617290415605
1174,52.077148,4.289185,-0.0437605054015817
335,34.2778,117.2933,-0.043558667645409
1026,43.623608,1.438531,-0.0415643335358554
908,49.73508453,16.03419685,-0.0413603194808087
727,47.651725,23.570508,-0.0412263383376046
913,50.08148193,14.4426918,-0.0406815756535962
795,48.2702,16.2972,-0.0377873889689388
363,40.8062,111.7276,-0.0364095195683585
1333,40.06483,-74.44405,-0.0355440450780906
265,47.7412,128.9102,-0.0343835500634351
64,40.6821,109.8538,-0.0342626114478178
1014,50.32276,3.39593,-0.0305173877693014
1328,41.05192,-73.76366,-0.0289425993211557
1005,44.7037,8.0333,-0.0277000112910168
1270,41.515053,-81.24991,-0.0268096522152691
739,49.357861,6.73354,-0.0264767456704418
130,32.1195,114.0775,-0.0261161357091417
1311,40.712776,-81.598335,-0.0259812911427208
423,32.0754,118.7997,-0.025668828539839
119,37.393,117.9776,-0.0248334328831943
1006,51.27399,1.098061,-0.0247296082316185
1036,51.360755,9.271233,-0.0211119524663844
157,31.7905,116.4996,-0.0207372061081943
1427,39.52508,-119.80772,-0.0196973810073825
1365,41.61524,-71.72,-0.0190464792634531
383,39.9611,116.2878,-0.0178041943811459
679,48.899233,9.172792,-0.0175742523537118
153,32.8929,115.8277,-0.0163510213236759
624,35.878,120.005,-0.0152761878578085
590,37.9844,106.2025,-0.0151187469975323
805,46.05184,11.45389,-0.013674950243312
1165,43.0819,-1.9127,-0.0133568372747153
822,41.99917,21.44084,-0.0129913692780374
118,37.3803,118.0062,-0.0116341567055047
1202,42.284,21.2738,-0.0113281191185593
1181,50.30886,2.807369,-0.0109390870894992
994,49.872303,8.664619,-0.0101754079707893
1066,45.263142,27.969506,-0.0079091302720666
1436,28.332226,-82.30564,-0.0076598135987387
224,39.3197,112.4258,-0.005791046530912
1118,50.65844442,5.627835291,-0.0057473477147284
855,42.142889,24.765239,-0.003372119549114
461,32.6524,117.0067,-0.0032870835150881
1275,41.55523,-81.57526,-0.0030045980549943
141,30.2092,115.0307,-0.002488511823429
856,42.680558,23.296786,-0.0013018974225521
428,30.7819,111.3275,0.002305522795568
896,43.1804,-2.2682,0.0024774126393843
733,48.051117,7.011114,0.0030253984571486
148,33.5698,114.0261,0.0051241655604656
405,28.7562,104.639,0.0054043289878729
66,39.8129,110.0023,0.0096379281962917
260,47.3382,130.1097,0.0103175268130399
513,25.0992,104.8811,0.0104130918748147
102,36.0783,111.5531,0.0105995318796026
492,26.3108,117.7275,0.0115434906172787
1362,41.265556,-75.84639,0.0119420650611094
283,33.6067,118.989,0.0122691939165647
752,45.3189,8.4024,0.0123150758918173
36,34.493,109.4636,0.0131512153841658
1387,33.317142,-86.82575,0.0140617790953476
878,43.293137,5.574184,0.0147351479313994
652,37.374,120.399,0.0147723961022711
857,47.430833,19.184175,0.0159022880899295
448,31.172,120.658,0.0162024471060826
572,38.4418,106.2266,0.0166543890644992
1418,45.49664,-122.602875,0.0170457701561767
31,34.3017,107.0708,0.0181982103998351
725,49.02134,1.148319,0.0183561590680641
1279,39.9428,-81.3373,0.0187178475342966
1046,40.33639,-1.10667,0.0205620665994924
1261,35.63348,-83.941605,0.0207319883373634
1175,46.329586,-0.458889,0.0230220539824545
686,48.610363,7.781631,0.0230664246330785
1323,43.14618,-77.54817,0.0231352857402937
479,27.7019,106.9242,0.0238849096958428
1138,52.401352,13.059945,0.0254337876846275
257,45.3039,130.9429,0.0267555849570822
94,35.0888,118.3956,0.0288302028409348
570,27.9939,120.6748,0.0329447192097788
735,45.475327,4.515003,0.0341743010188967
852,42.432356,25.637389,0.0365994621814249
1324,40.283092,-74.742615,0.0367732238742864
1050,46.522,6.63963,0.0386288947143794
532,27.725,111.9975,0.0394330506544528
874,45.60822,5.270872,0.0394436787113492
817,47.8055556,13.043333,0.040602736332033
19,41.8822,123.9161,0.0409224411524255
1022,50.775482,3.12568,0.0411906605894503
365,43.7783,125.245,0.0441141406352494
808,48.782852,20.987197,0.0445468293402357
872,50.654066,10.769534,0.045711222965042
382,39.9295,116.3392,0.0480917351757581
612,24.6947,108.0497,0.0491617981948206
116,37.4451,116.2991,0.0492627289660259
201,30.5119,117.0331,0.0514183437290054
1384,42.334984,-89.03777,0.053470044868891
916,48.397079,10.008293,0.0543120613641011
1292,35.320107,-97.4841,0.0560396818284655
360,40.7612,111.717,0.0569528265984821
386,40.217,116.2296,0.0573076408808282
943,47.05917,15.016667,0.0573583789924765
937,57.8634,11.9216,0.0587615563985547
131,33.6128,114.6613,0.0591354923939024
956,44.9513,7.6362,0.0592122669080241
1,41.1442,123.0485,0.0615719731617692
99,40.0844,113.2711,0.0616138120687671
1029,42.53417,12.52194,0.063677498495415
497,28.2597,112.9792,0.0639323465185321
338,31.3708,120.641,0.0682718376335128
356,41.8411,123.5903,0.0683070801910254
203,43.9311,116.0781,0.0686214808464711
796,48.1061111,15.91944444,0.0686241326810709
984,54.09323,10.240596,0.0691433945465077
258,47.3416,130.2537,0.0701447890371364
1338,38.48123,-77.3704,0.0702417525088782
1444,45.25928,-122.58815,0.0712878941225499
1374,42.19438,-72.555115,0.0715121143016158
526,27.8851,102.2685,0.0722840859255516
675,48.962223,4.36,0.073477065697695
646,36.6331,117.9592,0.0735507107295687
761,47.751475,23.605325,0.075477160124413
154,32.8605,115.8554,0.0759107938600548
187,32.4287,105.8628,0.0771195845420036
358,41.6989,123.4231,0.0783131870969028
439,29.1217,110.5319,0.0788765062404171
1141,49.672507,9.001981,0.0801970787157518
769,41.47676936,2.088977264,0.0805956656973745
1322,40.816,-73.902,0.0814847201315146
845,47.561944,18.960008,0.0838661895442231
1244,34.09396,-80.9623,0.0839884167663837
1268,40.026035,-82.433,0.0842619485933321
786,46.80138889,13.49388889,0.0845782136568275
114,37.4674,116.3032,0.0852244032891194
834,48.257474,13.03923,0.0854862313135022
1101,42.056383,25.59345,0.0858244309930668
811,43.39873,6.075611,0.0860226715607627
1137,44.82112,20.459113,0.0869518547482971
1090,50.221941,8.446079,0.0871320974097679
204,38.8411,105.6985,0.0889774682174814
1125,47.565439,14.244676,0.0892963644905962
1291,39.9878,-79.2515,0.0909898704690453
859,43.305286,5.394716,0.091808236516219
247,30.9412,117.8177,0.0920339940792658
1454,39.96528,-76.69945,0.0925489371801036
1282,35.500103,-82.59986,0.0942988856017691
266,48.471,129.5029,0.0943802269159444
836,44.79361,10.33167,0.0968216804887035
1287,36.109005,-79.802315,0.0970672285703836
178,44.2967,86.0497,0.0975696107055279
294,30.7478,120.726,0.0978898079416628
103,37.4236,122.1214,0.0993416486420352
1409,43.54792,-96.70077,0.1004469647927928
1355,39.80933,-80.26567,0.1009625938209235
522,36.1758,117.1089,0.1023182514775781
507,27.2272,111.4328,0.1031157026359439
746,42.14326062,2.510206967,0.1032688717544982
83,34.3731,109.2186,0.1041789032530166
1252,42.416637,-83.90218,0.1044631313949463
1326,42.68075,-73.75733,0.1049794397609012
942,45.55879167,18.69876944,0.1059337110309335
1161,50.876983,18.416878,0.1077096257818968
421,27.8246,114.9231,0.1094071221316399
1306,44.70735,-89.77192,0.1126275218148568
446,27.6434,113.8385,0.1141051694861691
756,43.16832,-2.63794,0.1148283301557242
184,30.1256,104.6296,0.1154039885059582
281,37.8873,112.5139,0.1161460558530587
699,49.45165634,17.45415878,0.116775849783799
1265,35.233475,-85.18158,0.1171623640628297
662,35.4887,112.8508,0.1179687565095619
724,43.32074,-3.11272,0.118105618789846
1383,39.117218,-94.635605,0.119145823131165
694,54.124819,22.038056,0.1191908199222722
1194,49.18742,6.910867,0.1194429080576064
1234,50.44914,2.9,0.1197259403047968
853,41.694342,24.738078,0.1197293558497538
1059,48.18169,11.46445,0.1202752919221783
821,45.1758,7.5602,0.1207256823468737
800,45.655,10.20083,0.1208883877047451
971,49.438464,12.548869,0.1221485545056756
440,29.3547,110.5594,0.1227779185568277
540,28.2558,109.6414,0.1238591706829753
97,35.2375,115.4747,0.1254290353612545
1045,41.932892,12.506947,0.1277076683642206
701,46.13167,9.56639,0.1282048237260523
1169,45.84299,13.54308,0.1284174745726811
456,29.7178,118.327,0.1296519696346231
656,36.0822,111.5169,0.1308363497140944
135,32.9692,112.548,0.1316306802899981
189,31.1986,107.5082,0.1324570105555662
377,43.9027,125.2863,0.1374980104472702
176,41.1551,80.2613,0.1406128014441611
988,47.34414,0.653778,0.1423017932787058
1112,44.92467,10.5172,0.1431449039425799
1314,30.085262,-93.76134,0.1435345092296077
1179,46.555842,26.926942,0.1435754008839307
1339,38.8577,-77.05922,0.1439723745601712
981,50.731478,13.75145,0.1444767063534269
45,34.7781,114.3389,0.1449676103672031
186,30.2981,109.4978,0.1453531682389545
639,33.3942,120.156,0.1473956665297872
481,27.8403,112.9118,0.1476366413374604
1019,52.437165,-1.829999,0.1477161572406096
782,42.157856,11.908954,0.1489934085876304
862,51.921389,4.401389,0.1491479316892638
985,49.351124,8.423,0.1496528067090302
277,39.5269,116.7244,0.15037812207198
1295,41.6175,-87.199165,0.151610173586391
1140,50.68352509,14.04119492,0.1546662325210048
680,44.9089,8.2055,0.1564587371561531
1440,47.5525,-122.06472,0.1567063542249327
941,47.04027778,14.330725,0.1567181977885365
1318,42.04915,-88.273026,0.1587489046579151
161,35.7511,114.2956,0.1593137787769347
785,60.608299,15.6294,0.1594373776746728
566,28.0089,120.634,0.1601128646688124
106,37.8731,113.4894,0.1610131170846106
48,33.742,113.3257,0.1617558790708794
374,43.8805,125.3297,0.1620781135448671
663,31.6449,118.5024,0.1627986046014057
1229,47.3815,8.56592,0.1647225481512607
732,45.9225,6.87,0.1664421234720161
44,36.0681,114.361,0.1665926526300863
1038,45.696736,27.211622,0.166743223235175
1264,35.10264,-85.16219,0.16678022779795
1267,35.85611,-78.574165,0.1679182629318311
964,49.300731,8.700103,0.1683150416007353
1453,32.41281,-86.2634,0.1694317079919522
370,43.8325,125.1761,0.1730058046058256
1078,41.03028,21.33667,0.1752162962708312
237,50.2341,127.5144,0.1765732632722947
736,49.254344,6.867744,0.1766602131354906
502,28.1322,113.0178,0.1774045026391965
1023,47.44739,-0.550067,0.1777842507708779
1148,45.1619,5.7356,0.1781035221366537
1360,40.107224,-74.882225,0.1788811670493511
767,44.013056,12.42,0.1796353565339706
963,49.462229,11.0248,0.179948250689097
462,31.955,119.18,0.1802382215824995
172,42.9418,89.1904,0.1805603503036963
604,25.8481,114.9461,0.1807614423521896
1371,27.189215,-81.34035,0.1808794303664352
147,30.9891,112.1969,0.1813779321790417
1222,49.23074,7.003174,0.1821574326594665
220,35.4936,112.8318,0.1827762466877728
1351,29.733727,-95.25759,0.1836313213512827
827,45.193889,9.164722,0.1848727494221629
997,55.862281,-3.205782,0.1882932893367087
272,37.0886,114.4704,0.1901959186211032
1443,39.399837,-119.73961,0.1906431595894643
98,40.0917,113.3444,0.192908808007356
901,48.68817,6.190431,0.1937951768590823
1385,38.11515,-86.60325,0.1939090269826587
1070,48.889039,8.665536,0.1941077567930106
85,34.2629,108.993,0.1957248438742355
546,30.9285,113.9153,0.1971983358347505
1271,40.0877,-82.95977,0.1974744229882593
111,42.2554,118.8788,0.2016614857943729
894,50.159406,19.477464,0.201733718499891
1302,37.1655,-78.3069,0.2039847723730304
588,35.5934,104.6194,0.2044714336734994
4,47.3386,123.9488,0.2052972052026683
1073,48.507703,9.051178,0.2081738474205764
437,27.9153,113.0048,0.2084790477873739
642,24.7733,113.5824,0.2086746649929434
1288,30.229652,-90.96563,0.2088848866711855
1084,52.25534,8.05286,0.2094222355609364
1276,38.81194,-76.74417,0.2103262716642389
430,29.3578,113.1094,0.2113502250833422
1114,51.45258,0.070766,0.2129481756797891
523,29.9775,102.9905,0.213188639900525
900,66.3217,29.40157,0.213715088110164
418,28.2642,117.0564,0.2157850286567664
919,48.376576,10.88837,0.2162794256518334
1437,29.823318,-94.98379,0.2165680918368784
710,49.23290634,17.66717529,0.217856347422713
938,56.672901,12.8576,0.2188955754687045
1025,40.67354965,22.89343834,0.2193900185107296
115,34.7837,117.2852,0.2198852470832861
34,34.3622,107.2386,0.2206629617460738
69,40.6655,122.167,0.2212250329711553
737,49.233464,6.987601,0.2213542522003114
1309,45.56498,-88.80859,0.2217851418940216
1237,41.9356664,2.238568301,0.2232989512429325
580,30.4519,114.8858,0.2243518242300705
1068,47.145014,23.877389,0.2246442271446342
215,40.761,107.4212,0.2276810479350209
173,42.9559,89.1673,0.2280886751169466
211,41.5881,120.4318,0.2292235670371324
1358,40.24699,-76.846985,0.2312709504612849
39,35.8735,120.0405,0.2316864919164112
80,40.6532,109.8756,0.2321203768194993
1074,43.5512,-5.9197,0.2332956077735552
486,45.6094,84.895,0.2334135067912829
718,41.096667,-8.555833,0.2336200636316517
581,42.0353,119.2658,0.2344737330844542
234,42.8845,125.1358,0.2355420561120826
547,44.5782,129.6115,0.2358197371690167
511,26.8919,112.6006,0.2359520570757538
160,35.9019,114.17,0.236299901033374
520,30.1506,104.6356,0.2377067269591976
140,30.2019,114.8988,0.237992478404042
149,33.5698,114.0055,0.2384036594530075
1392,38.71085,-90.47606,0.2390145398395773
333,45.7478,126.593,0.2390168508459388
1403,29.939613,-89.92388,0.2414913184762235
552,28.6542,121.419,0.2416687910757502
560,34.343,106.0055,0.2417854714865805
1079,41.91614,0.191101,0.2425127711624078
11,46.408,124.902,0.2429769870812005
1120,50.94535924,3.15240159,0.2437402711637709
953,45.69802778,18.83463889,0.2463173367478946
1356,39.96111,-77.475555,0.2464830572969856
1307,43.7775,-91.2269,0.2529813649922994
284,33.5039,119.135,0.2535806803819201
641,24.7791,113.6735,0.2542460054630504
506,27.7344,109.1839,0.2547207583914416
250,50.2524,127.4833,0.2568241728874545
928,51.5645,14.3764,0.2568451962125483
1400,30.439722,-84.34639,0.2587884129825359
1289,35.379166,-82.7925,0.2600235541234895
177,39.4467,76.0072,0.2610231001901236
818,45.772167,3.0875,0.2621487107535098
1099,57.810833,15.564736,0.262882565297271
312,31.3019,120.591,0.263485336716633
457,36.253,120.014,0.2638772043995825
797,46.7675,15.956111,0.2645085502489236
74,41.1489,122.0303,0.2645884549442569
132,33.6347,114.6758,0.2647335671510818
280,40.9763,117.9392,0.2672709272227177
136,34.4045,115.6458,0.26929453727941
819,45.6642,8.1598,0.2719689933973537
209,42.3022,123.8139,0.2728101334632756
703,50.02403641,15.76354885,0.2735816221122092
884,59.20243,9.4871,0.2736742060201424
263,46.5656,131.12,0.2763452031807084
79,35.0532,118.3429,0.2766306448541897
1028,44.39703,8.20604,0.2781007612159127
1052,57.70902,11.970241,0.2788070511408634
1207,38.748611,-9.148889,0.2802097509957094
829,46.143173,-0.396042,0.2816912228737122
1342,29.583048,-95.01554,0.2832683683448858
334,31.2284,121.533,0.2835576418973722
289,30.4183,120.3019,0.2850622599264578
764,45.869995,1.31,0.2857157323983937
556,29.5698,115.9773,0.2859613461429696
1000,48.021657,12.538174,0.2869970509671719
42,34.6258,112.4267,0.28888525386414
849,47.676111,17.649736,0.2906329019262734
1086,50.13577,8.92157,0.2915891093786826
196,38.2911,109.7456,0.2926870668604858
329,31.3008,121.467,0.294254988332351
1108,40.3419,-3.8337,0.2963700510569111
1354,40.814182,-79.56475,0.2968800921732287
1251,35.59095,-78.4622,0.2976983675617217
339,32.0005,120.86,0.2987739321590676
1083,40.314518,-3.716868,0.3002049634498636
361,32.4625,119.9189,0.3004979132921487
743,58.370556,26.734722,0.307890039282325
385,40.3275,116.6275,0.3104160701960498
304,36.6116,114.5302,0.3122716562796519
620,27.7314,112.0194,0.3123711567678171
1145,50.42864609,14.91385937,0.3139919461452461
1441,31.188932,-85.423096,0.3147858376151425
152,32.2786,118.3244,0.3161348369947614
236,32.8977,117.3145,0.3175086428773424
1421,39.46048,-76.633545,0.3199923313188008
961,50.79664963,4.358623958,0.3251277742200895
745,40.41666666,-0.24916666,0.3263038176335777
275,38.2991,116.8842,0.3267980096744311
3,47.3636,123.9305,0.3271961471859317
965,45.59667,5.918611,0.3282379102685079
1260,32.82006,-96.860115,0.3309705604784646
330,31.6219,120.275,0.3313435621677042
487,46.098,85.6979,0.3314460647819373
801,45.463333,10.480833,0.3327153840590073
771,43.3583,-5.8664,0.3327942434432532
614,32.1873,119.4424,0.3329014521950907
677,43.2561,-5.7759,0.332957514721403
251,46.7975,130.3258,0.3346060306391962
278,39.5111,116.6708,0.3354545398173075
478,27.72,106.9178,0.3357303563390272
1016,42.42212,12.109196,0.3369728532027131
594,34.6972,119.3581,0.3370757405696024
1168,43.79306,11.09778,0.3381988954135119
873,55.39638901,10.38917255,0.3398680805879933
645,36.7019,119.12,0.3401246771938844
1224,53.74878,-0.341222,0.3407954589401732
331,31.5475,120.354,0.3412805276063797
886,53.246535,6.608937,0.3426233727126182
714,53.134088,17.995712,0.3443337501852617
1242,35.2318,-77.5669,0.3452938062684854
1412,29.901035,-95.32613,0.3461146451864289
326,45.7319,126.685,0.3506736898041155
425,29.9572,121.713,0.350752115669251
713,53.028647,18.666103,0.3536728063679319
1373,38.45934,-82.64041,0.3545695059939112
454,29.6963,118.2903,0.3559145209848508
202,41.2991,123.149,0.3569156418516863
1186,44.564972,27.366081,0.3572574962264177
503,26.2331,111.6236,0.357579836744637
922,47.649258,26.249011,0.3582107210720691
124,35.4209,119.471,0.3583616907585787
1144,42.58194,12.62361,0.3602003175904648
267,46.8028,130.2751,0.3612634349837839
239,46.6365,126.9785,0.3623351589129782
1133,49.07655,8.40666,0.3626979739458126
376,43.8463,125.2841,0.3643692112865633
1349,43.1818,-87.901,0.3654872047586525
15,43.8245,126.5052,0.3661826695415088
453,26.567,101.7227,0.3673352929541394
288,30.2692,120.1903,0.3688718695645787
262,46.6554,131.1524,0.3701386844938988
1449,27.946688,-82.731766,0.3708957488270875
38,36.6868,117.532,0.3710372204408531
372,38.8661,121.5213,0.3717989320734132
728,49.442356,1.093789,0.3718293512229665
476,46.7432,82.9994,0.3730406575186454
962,45.957778,12.618611,0.3742367675796946
12,46.586,125.153,0.3761216587134919
1103,47.4029,8.6134,0.3775302638105181
55,31.4668,104.6697,0.3777254812484194
1435,41.49212,-81.67845,0.3795667388621264
860,43.28334,5.511384,0.3796589450817973
1126,49.079012,19.3025249,0.3798278217352124
441,29.5102,106.5777,0.3803329004557014
174,42.8172,93.5128,0.3812922450703408
776,46.651838,16.196777,0.3815084484961649
910,49.20272446,16.61628723,0.3851800286106933
1272,40.084515,-82.81558,0.3862629946737836
915,44.4122,8.1695,0.3864211646929719
1095,47.86194444,15.32194444,0.3889595212957031
802,49.119442,6.180833,0.3906940625348192
191,31.8896,102.2502,0.3946462419581004
328,31.1654,121.412,0.3969454844198341
1018,45.000278,9.009444,0.3995071971463201
904,50.78944397,14.08679867,0.4001826644625692
692,47.660056,9.485675,0.4023627289222896
156,31.7643,116.4738,0.4025049490465459
8,44.5963,129.5904,0.4042835886060584
1406,41.644066,-83.54616,0.4090688037375003
1345,41.97639,-72.388054,0.4110825896164461
1366,42.86183,-71.878624,0.4111661825801737
1378,42.474644,-70.97082,0.4117091615630829
833,47.71611111,13.63222222,0.4141267261821757
219,35.5051,112.85,0.4155895145264897
926,52.644169,13.483079,0.4162448765293769
1131,46.112775,24.22805,0.4166330833627508
1200,43.89555,25.956575,0.4174909375057077
40,32.1059,114.1099,0.4193792640213976
65,40.6288,109.8642,0.4217020114313979
366,45.7667,126.635,0.4229336816885288
1107,50.6134125,5.570222814,0.427337230603497
384,40.135,116.6636,0.4299153879988908
610,30.8955,120.0875,0.4304266454193517
1115,59.316007,18.057807,0.430826997564283
751,49.259552,2.474397,0.4321930100931687
608,27.5444,109.9453,0.4335976933892746
600,26.5917,104.83,0.4338745784820314
1370,42.51334,-83.005974,0.4368227195178236
882,51.60308,4.781016,0.4397779454115337
1188,53.59617,8.09059,0.444831773664618
29,36.6028,109.4761,0.4450432631406124
568,38.8959,115.5213,0.4453842970863551
1419,41.645382,-70.89751,0.4463823007853206
726,43.3069,-5.7057,0.4504962556480262
976,45.56472,5.928333,0.4520135872586171
723,46.19583,6.240556,0.4541832372963157
1033,45.038333,9.669167,0.456276085309464
765,45.809998,2.06,0.4571972161800013
342,32.1065,118.8086,0.460148275836901
133,32.9917,112.5192,0.4617519517303049
1233,47.30737,5.065881,0.4629780644599588
467,29.334,120.04,0.4632188309961729
231,38.4519,112.7383,0.4661015483749162
460,31.882,120.55,0.4661816655531751
324,40.8369,111.7516,0.4666681851664156
143,32.6494,110.78,0.4681319232554964
218,33.6406,114.6369,0.4716664612222672
488,43.9174,81.2996,0.4742915186838649
583,41.7347,123.2444,0.4749720943698175
1017,53.187222,-6.121667,0.4755516541672627
78,36.229,117.6795,0.4755788770071135
128,36.1937,117.1437,0.4761088919088797
33,34.3739,107.1186,0.4790361276355897
830,48.733256,19.115268,0.4798726516065958
252,45.1214,124.8006,0.4805626907536483
1215,53.694628,19.968892,0.4816160961153932
415,28.9634,105.4324,0.4819717309367127
16,43.8358,126.5844,0.4825241071488592
1408,40.3663,-80.6158,0.4841350091330348
434,29.4758,113.2621,0.4849374065009893
169,37.9251,102.6201,0.4893645982312098
794,65.04338,25.4979,0.4897165978889569
618,28.4436,117.9756,0.4918464533693938
565,26.1028,119.2984,0.4921034506314935
1149,43.3094,-2.0109,0.4927413796407652
197,38.2839,109.7289,0.4936473290516964
352,32.1875,119.6707,0.4956491692174777
609,23.7256,109.2203,0.4995916349050958
1192,42.40538,1.13,0.5033591357430655
444,25.2697,110.2819,0.5054228337890041
347,32.0745,118.7794,0.5083107910987315
58,30.8064,106.056,0.5140387052980623
621,27.583,110.0394,0.515166756331332
297,36.3083,120.3999,0.5180424661753812
286,33.9528,118.293,0.5181200769590404
414,26.585,101.7169,0.5186076836912089
1210,47.068717,21.927233,0.5195719621603585
1382,38.06503,-84.49761,0.5202205329115447
601,27.0803,114.9754,0.5219862760023797
67,40.7094,122.2703,0.5244962980466783
1170,43.5915,3.88681,0.5248910015502734
688,45.1828,5.7531,0.5318478442208523
791,56.00833511,21.88694763,0.533920704257608
134,32.9735,112.5003,0.5354679773525427
407,31.4741,104.7778,0.5356867158298553
233,37.5136,111.1297,0.5377604329130015
534,28.2053,113.0792,0.5383796862104322
1320,40.136337,-111.6605,0.5384581507413737
49,33.737,113.2919,0.5420117310138387
1024,47.054443,-0.886111,0.5455482031842932
585,31.2864,120.628,0.5506029286750778
548,28.9666,118.8709,0.5536216417060901
238,50.2472,127.5291,0.5537790423711211
192,33.8715,109.9154,0.555346474218144
1008,45.42009,4.395422,0.5559454547127723
248,30.8792,117.7439,0.5565122123124753
300,34.81334,113.56746,0.5587113105629786
631,27.8614,112.9433,0.5610937662645703
485,31.0201,103.6202,0.5615351437521674
413,28.7199,104.5742,0.5679454373172728
56,31.1208,104.4239,0.5692504948465017
1336,40.82799,-73.05754,0.5717088909760012
535,28.19,112.9394,0.5733625887516417
477,29.2617,117.1547,0.5736861347304364
158,33.8518,115.7789,0.574592548961921
539,28.3169,109.7325,0.58011015958339
858,42.732292,23.310972,0.5805847213229255
1430,38.85287,-77.63462,0.5824618578420331
848,46.62936,14.28931,0.5929645446232807
110,42.2728,118.9576,0.5946396326237913
1405,43.577602,-116.178154,0.594660231069334
987,49.052284,8.253538,0.5953225057217347
1428,30.260279,-81.45361,0.5990042547522958
1093,49.107502,6.122775,0.6017491964713201
1236,42.44,-2.239,0.6059549329174989
508,28.1308,112.8908,0.6068531452787372
318,31.8403,117.1318,0.606975705666194
738,45.431539,28.054742,0.6133851733856102
1142,46.632142,27.730886,0.6173470201159132
276,30.8669,120.0751,0.6215975473980855
563,29.6038,115.9114,0.6216488832030735
626,34.3497,107.2058,0.6249236330531257
707,43.230297,0.062339,0.6285568419383645
697,49.66958237,12.6778841,0.6327858910777104
198,32.6939,109.0281,0.6335683738017364
602,44.0114,87.2997,0.6429811378180283
1075,44.319639,28.610292,0.6469908594488156
993,47.62,6.157611,0.6476677189673269
229,35.0147,110.9956,0.6498123698237006
1290,35.587143,-83.07416,0.6523650792366519
32,34.3672,107.1906,0.6565685232256355
654,28.4586,119.93,0.6580949875021513
1372,46.81826,-92.08936,0.6596459188715774
1227,41.636078,25.379683,0.6599181910769265
517,27.5578,109.9972,0.6660801159254918
1228,46.9631,7.46252,0.6666226038326477
603,32.4535,105.8945,0.6703958958373365
170,35.5461,106.6692,0.6711793479620546
364,38.9511,121.565,0.6731671467223203
1240,53.371306,-2.239218,0.6770505758267868
427,30.6465,111.3549,0.6827528940371647
59,30.8023,106.0789,0.6845458774001049
292,37.8692,112.5369,0.6900761294384012
244,46.8032,130.3648,0.6911776686122331
70,40.0625,124.3303,0.693107690516654
406,30.1819,120.2697,0.7018237782396077
343,32.1028,118.9125,0.7019672741258202
1091,46.708333,14.891667,0.7019950790956747
1094,55.46333313,26.00416946,0.7023123611488646
867,51.207944,10.450997,0.7094119739443832
755,51.259431,22.569133,0.709578693113514
1364,36.060894,-86.28629,0.7099890998217174
633,36.5819,101.834,0.7275667701617248
282,30.1808,120.0883,0.729607469985495
483,38.5167,102.1692,0.7333588934657671
429,36.0022,106.2792,0.7335066456366461
693,43.30277777,-1.98444444,0.7378190866979196
1060,46.564369,26.910667,0.7406628970940248
1211,42.736572,11.87643,0.7413814912047251
564,29.8566,114.2936,0.7414415777644188
974,49.841221,7.866222,0.7483773335678795
108,37.8703,113.5614,0.7486349902330907
168,37.9956,106.1856,0.7507822325898824
657,29.8279,106.3787,0.7550406251469309
832,48.53111111,14.57472222,0.7624643261486022
815,49.028057,2.750278,0.7632781180474186
316,31.7964,117.3027,0.7643473752317267
359,41.7406,123.505,0.7649673258131096
1058,46.064275,23.563517,0.770831572189327
264,47.4311,128.5159,0.7734515254119831
23,41.2864,123.7669,0.7738342091395188
577,30.6558,104.0219,0.7769496709508756
87,34.2322,108.8922,0.7826882559251854
589,41.0385,113.1076,0.7828072060151472
695,49.50260925,18.53856087,0.782853268577852
593,33.3663,120.1544,0.7871871764793319
629,39.8261,109.9486,0.7910974671930635
505,27.5721,109.5981,0.7920115907485569
638,23.0822,114.4053,0.793641169863037
1219,47.60472222,15.67305556,0.7971342128653288
630,27.9119,112.9074,0.7975460569301697
1225,41.31347521,2.013824628,0.7982584821443044
625,33.4022,120.118,0.8020532874707985
715,43.6287,0.179069,0.8032041874881409
651,23.1522,112.5544,0.8169055900845288
410,27.9831,116.3544,0.8174018012530276
893,45.7789,4.9247,0.822396321463473
35,34.3617,108.7233,0.823099965536844
249,30.97,117.8483,0.8240534320590851
90,36.1031,103.631,0.8242731596705679
1455,38.23887,-82.9881,0.8280042783574724
469,30.8388,106.1087,0.8336062009044956
509,27.3125,105.2864,0.8345575482785902
496,26.5939,104.89,0.8368354959895559
1151,51.939783,15.518861,0.8405161554956564
1398,27.939747,-82.000084,0.8417895034494846
616,38.0378,114.5481,0.8475709213751321
748,43.2941,-5.6796,0.8558570628677332
447,31.388,120.953,0.8576296855969083
1299,63.7232,-148.9676,0.8655894072922329
491,43.941,81.3364,0.868284002334752
54,31.4535,104.7563,0.8859927740707731
1076,47.3868,8.53981,0.8953593511500335
474,30.2111,120.2072,0.8980923014197076
542,27.7569,111.9561,0.9004830453506987
92,38.5036,106.1358,0.902157206408684
635,23.691,113.0426,0.9074599994963708
1158,51.748103,18.04931,0.9119011406923494
445,27.6253,113.8493,0.9176002820714664
1178,40.39472222,-3.73194444,0.9263105589508074
597,25.0441,101.5482,0.9288222445199282
1167,44.92008,2.441082,0.935565284594892
47,35.2127,113.2269,0.941646305930334
357,32.1328,119.4303,0.9478747604183336
91,38.4975,106.2328,0.953299609717685
1402,43.656765,-70.629135,0.9550313676809352
1204,41.886019,12.541618,0.9624261296425526
611,36.5482,104.1465,0.9661069898417436
419,30.3119,120.1197,0.9733090170250182
