,lat,lon,EVI2_Growing_Season_Area_1_aot40_r
626,34.3497,107.2058,-0.9954140952061024
1217,53.24696,10.4565,-0.9931038994212464
664,34.6692,112.3628,-0.9877222333679396
1221,43.4015,-5.8028,-0.979039947799784
554,22.5545,114.1063,-0.978212579932498
1198,51.067439,19.448694,-0.9758381387360028
336,31.2472,120.561,-0.9743719818255024
704,45.569,8.1876,-0.962052434187734
1448,34.264915,-88.76622,-0.9618111217418208
696,49.91351318,14.7826252,-0.9586056035694266
431,29.8253,106.4213,-0.9487534481542556
1010,53.56292,-1.510436,-0.9486350867341532
899,40.540351,-3.645253,-0.9486161978019958
266,48.471,129.5029,-0.9471874023842344
1239,45.248889,10.299444,-0.9448896263620864
576,38.4842,106.2757,-0.9444303527503114
471,29.7091,106.4522,-0.9435886617611616
863,52.602056,11.850274,-0.9434328437444812
875,40.641111,-8.100556,-0.9429281710742464
1169,45.84299,13.54308,-0.9415350550745526
62,30.7236,103.9728,-0.9387006250862028
767,44.013056,12.42,-0.9374002143349636
235,41.9419,126.4077,-0.9356970984549824
789,45.0249,7.6491,-0.9309217331980136
1418,45.49664,-122.602875,-0.9295081640516142
1227,41.636078,25.379683,-0.9286099404234872
1001,47.73344,12.891241,-0.9267735174722308
1209,50.912475,15.31219,-0.9264962793629584
579,30.0003,120.5483,-0.9230797239511052
1196,44.938125,26.044994,-0.9222038018335736
407,31.4741,104.7778,-0.9206919170044628
911,50.11108017,14.50309563,-0.9192346967248368
306,39.9499,119.5897,-0.9169353431459274
832,48.53111111,14.57472222,-0.914734273107277
1031,45.226667,11.665833,-0.9138691608787668
1108,40.3419,-3.8337,-0.9095880602213308
1000,48.021657,12.538174,-0.9094144230846322
1163,45.5476,9.16698,-0.9062335481218972
1135,52.22174,-2.736665,-0.9054937128480676
1020,45.560556,11.539722,-0.9048546337670886
792,45.760833,11.736667,-0.9042901445667384
1005,44.7037,8.0333,-0.9027179343316124
412,25.8333,114.9322,-0.9017856037965728
103,37.4236,122.1214,-0.9003420424671
87,34.2322,108.8922,-0.8964402401387639
1238,40.6646,-3.7739,-0.8959464232141038
1061,50.048397,10.232076,-0.8959086008615413
697,49.66958237,12.6778841,-0.895003873644559
516,27.5342,109.9781,-0.8931235472403645
502,28.1322,113.0178,-0.8908747724686922
269,39.6973,106.8174,-0.8900430724197341
85,34.2629,108.993,-0.8889923022309786
727,47.651725,23.570508,-0.8876148888493925
680,44.9089,8.2055,-0.886519258325297
878,43.293137,5.574184,-0.8842400847193895
1140,50.68352509,14.04119492,-0.8838440582318443
139,30.2006,115.0817,-0.8824469697944024
1105,59.399355,18.077416,-0.8789131989949309
355,41.8467,123.4264,-0.8774252467516325
1089,48.12027778,14.878333,-0.8753303219975995
683,45.6725,12.238611,-0.8748622512649381
920,49.869422,9.171544,-0.8701855565492946
158,33.8518,115.7789,-0.8687065105957638
1204,41.886019,12.541618,-0.8669273806605898
827,45.193889,9.164722,-0.8668609175094997
788,47.541944,19.146122,-0.86649512758186
824,44.5,11.286111,-0.8640467286681318
24,41.2664,123.7992,-0.8629071216737306
510,26.9056,112.5664,-0.8597457176797313
209,42.3022,123.8139,-0.8595975555409171
213,43.1713,124.4002,-0.8544137237806015
1016,42.42212,12.109196,-0.85362771966596
1067,51.651166,12.302866,-0.8531733408465991
1203,40.71099,14.70244,-0.8527230964106165
797,46.7675,15.956111,-0.8512015734538853
337,31.3097,120.669,-0.8497664769297476
117,36.4372,115.9848,-0.8491851798253196
800,45.655,10.20083,-0.8487362428199466
1113,54.97825,-1.610528,-0.8472607281893834
826,45.1546,7.658,-0.8469860566961998
450,37.197,122.038,-0.8461255263789592
1110,53.40337,-1.752006,-0.8452719859503648
1168,43.79306,11.09778,-0.8439678745163293
159,30.6618,117.47,-0.8436582995809513
796,48.1061111,15.91944444,-0.843388344246406
520,30.1506,104.6356,-0.8433394967957266
1193,42.39197569,2.842138412,-0.8429522060736742
671,45.499167,12.262222,-0.8419469993707223
632,22.5311,113.0219,-0.8406502232337165
1085,46.541047,24.559642,-0.8379963313051026
435,29.355,113.2117,-0.8360646798273635
659,36.0855,111.5018,-0.8349022546069008
905,45.873889,10.1775,-0.8298336461882059
1195,50.0075,20.259167,-0.8293197619997175
94,35.0888,118.3956,-0.8288623939001774
165,35.7609,115.0574,-0.827451058922797
63,41.1196,123.044,-0.826291441845592
301,34.7525,113.64164,-0.8201909030974747
234,42.8845,125.1358,-0.8192538473603325
1414,40.046665,-76.28333,-0.8190054995898638
666,26.5424,106.674,-0.8184704785280602
915,44.4122,8.1695,-0.8147269181657181
821,45.1758,7.5602,-0.8144819100899255
443,49.2261,119.7594,-0.8104227473414154
409,27.7844,114.3956,-0.8084583499727183
156,31.7643,116.4738,-0.8081300726261236
560,34.343,106.0055,-0.8069187101501717
752,45.3189,8.4024,-0.8062310641004895
892,44.926111,10.370833,-0.8048826791590679
1444,45.25928,-122.58815,-0.8047589321527169
290,37.9854,112.549,-0.804117477347014
823,45.1763,7.7116,-0.80385435706644
119,37.393,117.9776,-0.8024703395187678
1387,33.317142,-86.82575,-0.8009673135313422
1012,46.137222,9.385,-0.7993548201540395
1143,52.411563,-1.560228,-0.7987256617618913
248,30.8792,117.7439,-0.7973591778925536
770,45.4512,7.878,-0.7973132005366342
56,31.1208,104.4239,-0.7968468040691882
593,33.3663,120.1544,-0.7953945215924961
1130,51.47707,0.317969,-0.7948367948744457
1038,45.696736,27.211622,-0.7918859147111014
1452,40.27813,-105.54564,-0.7902129044783854
1437,29.823318,-94.98379,-0.7898096255515116
544,39.7443,98.5061,-0.785017517937617
1334,43.05235,-76.05921,-0.7844573262767651
907,49.40159607,15.6102457,-0.7830362334155598
837,44.73473,9.36693,-0.7818525468818015
293,37.7394,112.5583,-0.7784153319979972
1379,32.50996,-92.046196,-0.7783949976314718
504,26.4364,111.5992,-0.7773649785419683
384,40.135,116.6636,-0.7771872284060055
1173,50.900317,5.986853,-0.7762364478025655
1064,56.2904,8.4274,-0.7745920467834048
1411,34.623238,-82.53206,-0.773637141380809
308,30.6217,114.3646,-0.7723022968143501
1059,48.18169,11.46445,-0.7711822390648231
383,39.9611,116.2878,-0.7701495695008519
501,26.2081,111.6217,-0.7700073749149574
956,44.9513,7.6362,-0.7687490735459563
1095,47.86194444,15.32194444,-0.7684825203418718
72,40.1461,124.3933,-0.7672574490119846
1081,51.90158,10.48132,-0.7662045602495512
32,34.3672,107.1906,-0.7661914537617469
1189,46.1625,12.360833,-0.7626233966487551
1445,35.988277,-77.5843,-0.7624093298965565
241,32.9427,117.3605,-0.7620785101260077
586,35.7668,115.0,-0.7619612945614023
1035,41.554167,14.674722,-0.7616948672994673
438,27.8336,113.251,-0.7607239571247726
1182,51.839382,10.790143,-0.759416031120247
142,32.395,111.0419,-0.7586848795220784
599,32.3153,118.3093,-0.7578533745543475
1034,43.66028,11.90167,-0.7577743710618864
200,30.6145,116.9896,-0.7570574085898377
284,33.5039,119.135,-0.7561145424599711
1176,44.825,11.649722,-0.7521094171680814
582,29.5462,103.7723,-0.7517899300727968
466,31.4,119.46,-0.7516449092050869
761,47.751475,23.605325,-0.751386147622034
433,32.0931,118.6414,-0.7490472193359232
836,44.79361,10.33167,-0.748837665434384
908,49.73508453,16.03419685,-0.7486705442114401
319,38.9108,115.4713,-0.7437526374113617
779,45.93766834,13.91156335,-0.7412193895367801
392,39.0343,117.707,-0.7410490343278672
503,26.2331,111.6236,-0.7405436602331394
558,29.7535,116.0721,-0.7399045887118272
1115,59.316007,18.057807,-0.7395712283535115
605,27.2442,111.5283,-0.7391190506507411
1212,42.36417,13.38306,-0.7366785002802719
1011,43.91611,11.00694,-0.7359154304249963
400,27.0999,114.9658,-0.7334991421449066
660,36.1851,120.3905,-0.7316590584636105
396,39.6506,118.1705,-0.7297657864356935
1121,50.85205095,4.347777506,-0.7294288474747087
939,46.23451421,15.262476,-0.7294287028488406
206,42.0224,121.6717,-0.7276379391530887
140,30.2019,114.8988,-0.7273732047180327
809,45.83611,8.80417,-0.7273507745481536
1210,47.068717,21.927233,-0.7269020084779798
100,36.1989,113.1031,-0.7258477602873371
942,45.55879167,18.69876944,-0.7257007271283916
12,46.586,125.153,-0.7255304867785998
733,48.051117,7.011114,-0.7239926688373886
13,46.6215,124.9042,-0.7218937700643198
1080,50.970024,9.80026,-0.7213484844688793
467,29.334,120.04,-0.721276261021825
850,42.637192,23.243864,-0.7197561140529724
434,29.4758,113.2621,-0.7180239528162506
575,30.4576,106.6303,-0.7149647469089812
297,36.3083,120.3999,-0.7130353399289412
864,42.90056,13.33667,-0.7113574575494006
316,31.7964,117.3027,-0.7099118713648042
1456,31.954287,-84.08101,-0.7084867378195053
442,36.7729,119.1936,-0.7078519369617007
559,29.7046,115.9584,-0.7073134404565039
1332,35.9138,-81.191,-0.7069801601460483
628,34.5023,109.4259,-0.7061778357416525
481,27.8403,112.9118,-0.7040578012244804
1042,53.924712,9.532635,-0.7027588465292308
210,42.2217,123.7153,-0.7023000608720328
1287,36.109005,-79.802315,-0.7021093647061578
1293,35.614132,-97.47508,-0.700614892594762
1188,53.59617,8.09059,-0.699977221534458
668,26.5161,106.694,-0.6979543487870822
731,45.0419,7.6259,-0.6978398775222331
719,47.27476,4.099476,-0.6976577716818957
302,30.558,114.2529,-0.6976253084689519
1237,41.9356664,2.238568301,-0.6935956256613989
1164,43.675114,4.62921,-0.6918364882152184
1215,53.694628,19.968892,-0.691115118908557
163,35.303,113.883,-0.688140215030514
1065,48.947611,13.420573,-0.6869786436841353
1346,39.4125,-107.23056,-0.6864814788817367
416,28.2264,117.0222,-0.6844174168493004
975,49.628771,8.364779,-0.6841299616309738
321,36.6133,114.484,-0.6823920459900371
508,28.1308,112.8908,-0.6822450809328803
716,49.94498825,17.90953064,-0.676788562164218
964,49.300731,8.700103,-0.6760837731628837
1439,39.310833,-76.47444,-0.6745820540901617
778,45.54301186,13.71352366,-0.6743753034700092
1417,41.705227,-76.512726,-0.6735876857494052
1427,39.52508,-119.80772,-0.6718991967915956
28,34.6886,112.494,-0.6716401135195953
811,43.39873,6.075611,-0.6709990948782544
807,47.410164,9.653713,-0.6704815176105521
388,38.0178,114.5331,-0.6699960408070506
1367,41.3014,-72.90287,-0.6695652799036769
870,52.800773,10.756733,-0.6668933121915176
1024,47.054443,-0.886111,-0.6659176230928933
1144,42.58194,12.62361,-0.6658048059415003
1002,53.37287,-3.022722,-0.6632116408574708
356,41.8411,123.5903,-0.6612996799743485
1399,32.362606,-88.27799,-0.6601542427393325
351,32.4639,119.888,-0.6593737152181934
952,46.951,7.44087,-0.6586854193566187
162,35.7306,114.2878,-0.6576360474029367
25,41.3472,123.8142,-0.656797000124301
18,41.8491,123.7977,-0.6545529241515883
1139,50.66109467,14.04306316,-0.6544563990622931
758,45.47833,9.23583,-0.6537569076452434
595,34.4285,115.6702,-0.6522271863448036
86,34.2173,108.9356,-0.6492344207097519
205,41.998,121.6094,-0.6490019235389183
1225,41.31347521,2.013824628,-0.6478928655991176
550,30.3714,114.8989,-0.6474182988180706
740,45.474156,28.034406,-0.6441417841951717
1099,57.810833,15.564736,-0.6434535423146894
998,48.173194,11.648036,-0.6417907893339068
598,26.4214,111.6156,-0.6416798728156327
1049,50.877923,12.0749,-0.6413690996278424
76,40.7514,120.8392,-0.6398802244202629
1044,53.064262,14.285139,-0.6392393185752533
604,25.8481,114.9461,-0.6383527652001302
202,41.2991,123.149,-0.6382603019692616
1054,40.62984,-3.17159,-0.6374718444805991
352,32.1875,119.6707,-0.6363894894787088
1040,53.060045,8.916966,-0.6352173160067976
160,35.9019,114.17,-0.6348028373923293
1249,36.306965,-79.09197,-0.6347630508242053
372,38.8661,121.5213,-0.6331061541305764
1048,43.5589,-5.9275,-0.632579020634498
106,37.8731,113.4894,-0.6312781784730565
938,56.672901,12.8576,-0.6309529815684611
880,45.0028,7.8375,-0.6299161647554712
178,44.2967,86.0497,-0.6263049057313625
1086,50.13577,8.92157,-0.625698901702687
989,53.63074,10.110595,-0.6256941052945894
1077,43.21291,-3.1344,-0.6246554242119192
912,50.04613113,14.33141327,-0.6235075391034403
624,35.878,120.005,-0.6233354993115177
670,28.687,115.8518,-0.6231114600139986
795,48.2702,16.2972,-0.6227048897978055
122,36.8194,118.3092,-0.6225456491823205
168,37.9956,106.1856,-0.6221923655852546
1021,45.89,0.9,-0.621653903393151
1352,31.893913,-106.42583,-0.6215881386194537
648,28.3611,112.9581,-0.61817769807696
1186,44.564972,27.366081,-0.6172173654652311
756,43.16832,-2.63794,-0.6171355020944599
373,43.79,125.4605,-0.6170014625339454
470,26.2714,117.635,-0.6168783694969968
963,49.462229,11.0248,-0.6162229356032618
1128,45.371944,11.841944,-0.6148441045540163
971,49.438464,12.548869,-0.6105371771095603
1112,44.92467,10.5172,-0.6086173357824649
995,53.56414,9.967882,-0.6080485285637695
568,38.8959,115.5213,-0.6064909812117054
591,36.61763,114.5129,-0.6056366679105963
242,32.8911,117.4185,-0.6030431583346124
189,31.1986,107.5082,-0.6011393629357114
377,43.9027,125.2863,-0.6008689565823531
432,29.7228,106.6263,-0.6001633449214907
602,44.0114,87.2997,-0.6001002610969557
646,36.6331,117.9592,-0.5993022844883813
910,49.20272446,16.61628723,-0.598275664786517
475,29.3867,117.3102,-0.5965213054878582
137,32.9771,113.9976,-0.5959528451115546
1338,38.48123,-77.3704,-0.5958187376264431
904,50.78944397,14.08679867,-0.5946769686481985
861,46.765425,23.550258,-0.5926938465479262
221,35.4897,112.8676,-0.5917148381747845
1032,45.60222,9.27611,-0.5913091137016937
801,45.463333,10.480833,-0.5893199760109332
487,46.098,85.6979,-0.5885942765898474
713,53.028647,18.666103,-0.5841266875532515
1084,52.25534,8.05286,-0.5841010756329296
376,43.8463,125.2841,-0.5839515852288998
1082,50.16443,9.399441,-0.5824833517583322
1450,43.34317,-87.92087,-0.5810820101434886
41,35.0697,109.0697,-0.5801724891073581
11,46.408,124.902,-0.5763134547980524
531,29.5822,105.0406,-0.5749506003018906
1,41.1442,123.0485,-0.5740778654598525
1291,39.9878,-79.2515,-0.5725413642167252
1235,40.3597,-3.5429,-0.5719993475241815
121,36.4847,117.8525,-0.5716683462656968
1162,45.96141,4.465711,-0.5703335017372616
1370,42.51334,-83.005974,-0.5682983723620307
634,36.6428,101.748,-0.5665324661993593
1236,42.44,-2.239,-0.5661068876793622
972,46.934128,26.38925,-0.5660287515639084
353,41.7867,123.4678,-0.5638426867528267
866,50.979455,11.037924,-0.5619611642758735
781,48.167961,17.106244,-0.5617314975035756
325,33.5981,119.036,-0.5589058496803887
930,51.746848,14.33447,-0.5577725047015171
1029,42.53417,12.52194,-0.5573144238957142
973,49.446,7.7673,-0.5564598220790172
307,30.6189,114.282,-0.5553321482463388
943,47.05917,15.016667,-0.554690317958246
757,43.15333,-4.25306,-0.5536458778785384
309,36.0658,120.4134,-0.5536299291970739
1037,49.83918762,18.26368904,-0.5533844683434781
691,48.001511,7.832122,-0.5528757479194829
775,46.06554495,14.51272032,-0.5522343468857887
75,40.7136,120.9092,-0.5518834083020243
313,31.7848,117.1959,-0.5510774205549235
638,23.0822,114.4053,-0.547882193700261
212,41.5646,120.4521,-0.5466779742625592
565,26.1028,119.2984,-0.5454901117801272
917,47.72514,10.306561,-0.5448205252493771
88,34.3474,108.935,-0.5446251159535028
1159,49.851334,3.284,-0.5441021061634403
1199,43.650722,25.363583,-0.5431328229623039
876,44.99694,11.07083,-0.5425928264911836
1440,47.5525,-122.06472,-0.5422877189694555
525,37.5072,122.1067,-0.5415991355089609
1205,39.48963,16.3868,-0.5393937890568092
61,41.0931,123.011,-0.5369751727955396
1323,43.14618,-77.54817,-0.5339359076879793
982,50.892377,14.822846,-0.5339141232948652
415,28.9634,105.4324,-0.5336539102217142
132,33.6347,114.6758,-0.5335009676510585
27,40.8434,121.0533,-0.5324501684740683
913,50.08148193,14.4426918,-0.5308738592555405
898,47.737415,7.309075,-0.5306543046163231
687,45.183611,11.311389,-0.5304572942640609
608,27.5444,109.9453,-0.5304418617749715
674,50.007629,18.455548,-0.5294089034605164
865,50.978292,10.317236,-0.5290223382152991
199,30.2756,118.1371,-0.5287056083088761
980,51.317905,12.297411,-0.5280517809156964
231,38.4519,112.7383,-0.5259539510249495
1092,48.19223,14.51954,-0.5259078521601891
794,65.04338,25.4979,-0.5256807772545372
282,30.1808,120.0883,-0.5240107114227553
819,45.6642,8.1598,-0.523928251952728
218,33.6406,114.6369,-0.5232149392032954
188,30.5232,105.5582,-0.5229808460459454
1397,33.331112,-87.00361,-0.5221588409890354
457,36.253,120.014,-0.5213674789013535
493,31.9037,102.224,-0.5192373875940248
1025,40.67354965,22.89343834,-0.5170963362973787
30,36.6106,109.5056,-0.5152699397611897
79,35.0532,118.3429,-0.5144858744090158
808,48.782852,20.987197,-0.511114662918984
295,40.762,114.8902,-0.5108745481540301
522,36.1758,117.1089,-0.5087077849358234
610,30.8955,120.0875,-0.5084169818889893
1062,51.321364,12.032141,-0.5079566259606109
386,40.217,116.2296,-0.5066891147068469
1023,47.44739,-0.550067,-0.5063456036563231
772,45.515278,10.219444,-0.5058540355828772
305,39.9041,119.5251,-0.5047412688521785
0,39.8784,116.3621,-0.5030211448169017
506,27.7344,109.1839,-0.5024192914806471
567,26.0746,119.317,-0.5018654364863626
689,43.25055555,-2.155,-0.5013746026238617
227,37.7067,112.7249,-0.5010297327863142
606,27.3033,111.5239,-0.5003093324768754
115,34.7837,117.2852,-0.5001997254908093
981,50.731478,13.75145,-0.4997320990267264
304,36.6116,114.5302,-0.4970450149853483
974,49.841221,7.866222,-0.4955346882262841
401,28.793,104.563,-0.4919742080939264
67,40.7094,122.2703,-0.4919192970556297
547,44.5782,129.6115,-0.4910906800766951
1256,39.48599,-87.40131,-0.4892669235779504
1114,51.45258,0.070766,-0.4884497958627085
561,29.6547,116.0172,-0.4874754367846811
1276,38.81194,-76.74417,-0.4853256294682685
222,39.3522,112.4397,-0.4839425042879566
236,32.8977,117.3145,-0.4837462218735579
551,33.015,114.0114,-0.4813827600291524
1202,42.284,21.2738,-0.480798723866652
104,36.0714,111.5028,-0.4779753648582143
1026,43.623608,1.438531,-0.4773871043629232
1030,50.5976,-3.71651,-0.4773472184803066
203,43.9311,116.0781,-0.4761838878090671
985,49.351124,8.423,-0.4749368746036921
256,45.3001,130.9762,-0.4746731628527653
684,50.010575,19.949189,-0.4744826426854657
842,47.091111,17.901122,-0.4733432206700322
937,57.8634,11.9216,-0.4726115597306474
1394,33.553055,-86.815,-0.4723976422545888
535,28.19,112.9394,-0.4723350345195365
1104,51.75816,10.61248,-0.4708145922032019
1454,39.96528,-76.69945,-0.4703341265019622
207,41.1953,123.2,-0.4701110249212825
569,26.8906,100.2203,-0.4692919893542523
244,46.8032,130.3648,-0.4688262092878855
451,26.4365,106.6555,-0.4653408374413466
1404,39.99139,-75.08083,-0.4650322262401105
1380,44.310555,-84.89187,-0.4641963738491835
1428,30.260279,-81.45361,-0.4639032511748088
245,32.633,116.8281,-0.4636188705527637
1009,55.79216,-3.2429,-0.4630745394453467
1453,32.41281,-86.2634,-0.4628206527346833
348,32.0551,118.7538,-0.4625748240538008
760,47.594257,1.302667,-0.4624992045222738
692,47.660056,9.485675,-0.4614289835285276
465,31.737,119.579,-0.4609775341877488
1200,43.89555,25.956575,-0.4600814828304915
70,40.0625,124.3303,-0.4582221117423328
643,37.4442,118.5857,-0.456700876998407
1180,56.15976,10.19364,-0.4562943961404743
283,33.6067,118.989,-0.4560982970812514
590,37.9844,106.2025,-0.4527179674667178
1028,44.39703,8.20604,-0.4512534413120279
839,48.247222,20.616403,-0.449921403972377
620,27.7314,112.0194,-0.4498499639289746
721,45.916943,6.135556,-0.4486128006241084
124,35.4209,119.471,-0.4471014191148163
194,33.0706,107.0154,-0.4467282858286883
962,45.957778,12.618611,-0.4463533061520959
846,47.105278,17.556667,-0.4444125492059959
868,47.739919,26.658519,-0.4434245691312618
546,30.9285,113.9153,-0.4426725207709674
1300,33.43395,-84.16181,-0.4405238755491441
845,47.561944,18.960008,-0.4399723561174967
530,31.2827,107.5277,-0.4396399909729968
667,26.6027,106.7109,-0.4392340589379291
644,37.4658,118.5019,-0.437959340659911
469,30.8388,106.1087,-0.436326082225564
1070,48.889039,8.665536,-0.4344359675838406
180,36.1911,113.1569,-0.4331574935052272
635,23.691,113.0426,-0.4311714775272141
17,41.0821,123.022,-0.4309392318763879
57,31.1317,104.3826,-0.4301005850681822
549,28.9398,118.8692,-0.4265500957537788
1347,37.71325,-119.7062,-0.4253181256830018
1053,50.125332,8.746343,-0.4243148846011529
869,47.913256,7.908035,-0.4224546478304017
403,27.1312,114.99,-0.4199238761315335
154,32.8605,115.8554,-0.4198365976945958
1109,54.334944,-0.80855,-0.4186508009161178
1154,41.66638888,-4.715,-0.4179817827550737
19,41.8822,123.9161,-0.4173125606306584
138,30.2313,115.0601,-0.4171200352010573
1069,52.398406,13.368103,-0.4155363253005965
208,41.2495,123.1683,-0.4123990768671529
955,47.4067,9.39438,-0.4118655352186476
825,48.04944444,14.44277778,-0.4095754292228821
37,41.7166,86.1972,-0.4093486871650137
60,41.0971,122.9642,-0.40891787185674
164,35.7636,115.0312,-0.4072918547786626
793,47.06701111,15.49368889,-0.4064593890095874
914,52.146264,14.638166,-0.4063615024741721
78,36.229,117.6795,-0.406067234905447
271,37.0851,114.5237,-0.4044613089613679
818,45.772167,3.0875,-0.4044175237826797
1018,45.000278,9.009444,-0.4043294691270154
33,34.3739,107.1186,-0.4016113558543956
439,29.1217,110.5319,-0.399470669552308
1145,50.42864609,14.91385937,-0.395533431078898
693,43.30277777,-1.98444444,-0.3948697416836097
99,40.0844,113.2711,-0.3940206088175098
519,30.1383,104.6295,-0.3932211993851731
681,48.847917,10.096292,-0.3905207751547079
398,29.7166,106.6205,-0.3887217624759823
175,42.8328,93.4961,-0.3884822967856907
698,49.77012634,13.36822128,-0.3878218876076464
988,47.34414,0.653778,-0.387668849085041
759,45.84083,9.34889,-0.3856281544389713
903,50.37658691,13.32762241,-0.3851808134824238
857,47.430833,19.184175,-0.3851049165873103
367,45.7733,126.689,-0.383735656858888
263,46.5656,131.12,-0.3831249406113586
1167,44.92008,2.441082,-0.3829169227155332
891,42.516944,1.56525,-0.3811887594473202
909,49.41123199,14.67638874,-0.3810094556587639
1118,50.65844442,5.627835291,-0.3800245609601324
357,32.1328,119.4303,-0.3777933831147155
69,40.6655,122.167,-0.3772160118955031
574,38.497,106.1015,-0.3769183191760945
685,48.85731,7.314175,-0.3767314692762339
966,51.406846,6.965589,-0.3762788559021113
1348,34.454514,-94.143524,-0.3748543437787514
261,46.6191,131.1652,-0.3742488643796208
379,30.6319,114.135,-0.3715466933213793
738,45.431539,28.054742,-0.3715446679243746
766,45.848333,11.569167,-0.3703047983452251
378,43.9166,125.3325,-0.3684931510033288
42,34.6258,112.4267,-0.3679881368035618
192,33.8715,109.9154,-0.3654545855721125
315,31.8571,117.25,-0.3653030478957489
1190,49.784339,22.756239,-0.3651963916344601
1431,40.73614,-73.82153,-0.3648499918657609
358,41.6989,123.4231,-0.3641316872860851
484,35.546,112.8453,-0.3621508908962843
527,27.8914,102.237,-0.3620435017517074
654,28.4586,119.93,-0.3610943021440503
1292,35.320107,-97.4841,-0.3607643076155847
669,29.4251,113.1493,-0.3584621770575142
717,43.404011,21.947746,-0.3559992277917325
653,29.6277,106.6556,-0.3551565980783634
783,41.669172,13.674326,-0.3550084488472634
53,30.3544,112.2008,-0.3532006032494131
1056,43.1788,-6.5527,-0.3531080680319546
404,24.8886,102.8204,-0.3528516153600928
489,36.881,118.746,-0.3526821412180533
835,48.39167,13.67085,-0.3514934702555409
16,43.8358,126.5844,-0.3512188093923558
345,34.2384,117.1918,-0.3497110740193295
1041,51.462734,13.526796,-0.3477647446490332
843,43.223044,27.587239,-0.3469139229634114
1134,45.736694,21.250808,-0.3461363648746141
9,44.6075,129.6364,-0.3442311005769845
402,29.4906,106.6349,-0.342955728287195
6,47.2988,123.945,-0.3416486101235751
1165,43.0819,-1.9127,-0.3412257726727365
925,52.99875,11.73846,-0.3411159162878844
1371,27.189215,-81.34035,-0.3402423076028157
923,51.054558,12.141322,-0.3386689965901095
287,33.9592,118.2442,-0.3363413246415623
1087,50.383217,8.060998,-0.3352560999198758
641,24.7791,113.6735,-0.3335365021841229
741,59.4944458,25.9305687,-0.3327460836676055
413,28.7199,104.5742,-0.3308622126649597
48,33.742,113.3257,-0.3302849711016844
539,28.3169,109.7325,-0.3302337021773404
390,39.9136,116.184,-0.3291946927521016
948,46.6775,12.972,-0.3288335335682005
1124,45.690278,9.643889,-0.3280301497526376
840,54.68611145,25.2108345,-0.3258172998213995
228,37.6982,112.6991,-0.3253036142715405
1052,57.70902,11.970241,-0.3252807028950811
1248,41.4271,-80.1451,-0.3237677279278638
52,30.3197,112.2494,-0.3198643814296568
707,43.230297,0.062339,-0.3153814723911347
488,43.9174,81.2996,-0.3153158636728632
817,47.8055556,13.043333,-0.3126140812249282
957,47.0674,8.46333,-0.3118477089247804
155,31.737,116.5079,-0.3111541597521067
890,47.2225,-1.5375,-0.3108564736971655
1447,40.74529,-73.41919,-0.3103601830017727
420,28.1136,116.9822,-0.3083678503651129
270,37.7124,112.469,-0.3067572294261181
1184,51.525955,6.97688,-0.3040356981395498
573,30.4663,106.6271,-0.3010307911288007
1386,41.81305,-88.07283,-0.3006950567216686
748,43.2941,-5.6796,-0.3004767439512457
149,33.5698,114.0055,-0.29972432341283
1214,45.297325,27.949461,-0.2991763136778873
1008,45.42009,4.395422,-0.299035234181645
359,41.7406,123.505,-0.2984177896561754
472,35.176,113.2467,-0.297758154968077
897,60.22393,25.10244,-0.2952443679325598
584,41.7173,125.9358,-0.293713755945485
729,46.072224,5.820833,-0.2937018981417097
867,51.207944,10.450997,-0.2920791624323267
749,43.313,-7.6937,-0.2917102267223223
464,31.354,119.818,-0.2904609653128424
171,35.5307,106.7021,-0.2899051779990613
1166,41.04,21.3564,-0.2878891126871025
201,30.5119,117.0331,-0.2864587001732197
1119,45.623056,13.7875,-0.2853333085441787
65,40.6288,109.8642,-0.2846544159859299
369,45.8167,126.561,-0.2845184481428824
555,31.7231,118.5228,-0.2815698314158518
1389,39.40745,-94.26537,-0.2801904081668911
1259,29.767998,-95.22058,-0.2785179040854058
1106,50.84971052,4.33410368,-0.2777472556015872
720,47.3456,5.002377,-0.2769450620795198
944,47.04472222,15.15277778,-0.2764348246943753
992,47.538193,6.868361,-0.275378164552265
1177,43.3665,-5.833,-0.2741361849725942
382,39.9295,116.3392,-0.2724753328495442
494,25.7759,113.0348,-0.2721117611496268
1257,41.182465,-81.33048,-0.2708832785631892
1017,53.187222,-6.121667,-0.2706306173716647
296,40.8336,114.8883,-0.2700767783493449
314,31.8707,117.2588,-0.2689274115229799
1364,36.060894,-86.28629,-0.2652914482629869
711,49.04781723,18.00782776,-0.2645302000493583
708,43.09625,-0.040497,-0.2643141747970029
951,47.4387,8.57012,-0.2627294816361407
289,30.4183,120.3019,-0.2614837363966734
123,34.5578,117.7276,-0.2607168983020796
747,46.671307,5.556806,-0.2593755625546384
179,44.3075,86.0697,-0.2589873677348862
1297,48.5103,-113.99681,-0.2581123658763291
185,31.6908,113.3833,-0.2574771770729225
1153,41.63528,-0.89361,-0.2572565361260356
690,44.3818,7.5382,-0.2555119501625748
423,32.0754,118.7997,-0.2537426158363948
1298,64.84569,-147.72742,-0.2536669491665315
264,47.4311,128.5159,-0.2534492081616267
990,42.697918,9.446417,-0.2518055635522016
448,31.172,120.658,-0.2509082060124401
830,48.733256,19.115268,-0.2475449256411733
332,45.6842,126.6206,-0.2474736469689991
712,52.029194,23.149389,-0.2468098990758117
463,31.909,120.237,-0.2462248338232338
436,28.9703,111.6975,-0.2460238838350611
553,24.8978,118.5972,-0.2450130061015607
1036,51.360755,9.271233,-0.2437193535908609
916,48.397079,10.008293,-0.2435545359148755
449,31.155,120.636,-0.2429291268702922
161,35.7511,114.2956,-0.2425684940717899
387,39.6334,118.1725,-0.2414695401028613
1046,40.33639,-1.10667,-0.2403377813800364
1262,36.085506,-83.76481,-0.2400121071125669
518,29.5844,103.7627,-0.2395703385902381
1019,52.437165,-1.829999,-0.2392423139945884
1147,52.115725,21.237297,-0.2389196797495458
49,33.737,113.2919,-0.2368414631456149
1289,35.379166,-82.7925,-0.236091254929071
126,37.5433,121.3719,-0.2349012594500733
615,37.6828,112.7195,-0.2335563366231828
1299,63.7232,-148.9676,-0.2334337662929515
146,32.1142,112.1825,-0.2329723114522141
754,49.744886,21.454617,-0.2313250705365291
1098,51.15013609,3.80873543,-0.2298407664516564
153,32.8929,115.8277,-0.2292409703281425
1254,34.002747,-89.79919,-0.2292144472577909
853,41.694342,24.738078,-0.2288672476898833
1357,42.14175,-80.03861,-0.2273606672726187
82,43.8711,87.5525,-0.2260530141729563
970,51.698954,7.122684,-0.2249195413139779
895,47.64892,-2.76399,-0.2245197310321304
1376,42.099697,-71.6194,-0.2243904873808618
1400,30.439722,-84.34639,-0.2241911773156775
984,54.09323,10.240596,-0.2184158849937664
1388,37.70097,-94.03474,-0.2161313866228118
570,27.9939,120.6748,-0.2156308520830023
394,39.1661,117.1444,-0.2144742017408088
833,47.71611111,13.63222222,-0.2141635461142592
31,34.3017,107.0708,-0.2134543935742773
702,60.37288,11.07407,-0.2108277763945086
1422,44.616943,-86.109406,-0.2102315382926368
1436,28.332226,-82.30564,-0.2099079252045768
979,51.396095,12.234054,-0.2081250663792218
452,24.5058,118.0936,-0.2041065078554798
21,41.3094,123.7169,-0.2033566335716048
564,29.8566,114.2936,-0.2026511054466268
291,37.8195,112.57,-0.2012545687713443
1051,46.2311,6.07417,-0.2002551723750601
368,45.5419,126.979,-0.1999846503965723
130,32.1195,114.0775,-0.1994237823332164
838,45.1391,7.0501,-0.1992007694031861
888,46.58389,0.345556,-0.1981293796981067
860,43.28334,5.511384,-0.1973889738657853
204,38.8411,105.6985,-0.1959602877942203
260,47.3382,130.1097,-0.1955149038702898
340,32.02,120.87,-0.1948620914369963
243,32.9673,117.3533,-0.1947436398739775
1222,49.23074,7.003174,-0.1937286698745684
1269,44.351696,-68.22698,-0.1935436780930963
1033,45.038333,9.669167,-0.1928942710618994
831,45.148333,9.940278,-0.1910745578415846
294,30.7478,120.726,-0.1909660626077426
71,40.1503,124.4256,-0.1893799041377921
630,27.9119,112.9074,-0.1875431062620834
58,30.8064,106.056,-0.1849759922820706
1295,41.6175,-87.199165,-0.1845461616313944
444,25.2697,110.2819,-0.1809599316724276
977,45.154075,26.818619,-0.1803763522395058
1449,27.946688,-82.731766,-0.180193133358647
1340,29.723333,-95.63583,-0.1793763302218686
331,31.5475,120.354,-0.1789323808142536
320,38.8632,115.493,-0.1787074050648384
288,30.2692,120.1903,-0.1763437934705968
184,30.1256,104.6296,-0.1750808705664665
166,31.0386,112.2213,-0.1744018406233254
1290,35.587143,-83.07416,-0.1733937573657362
805,46.05184,11.45389,-0.1699603887160936
1137,44.82112,20.459113,-0.1697225637327717
782,42.157856,11.908954,-0.1684507301910607
148,33.5698,114.0261,-0.1677790892291573
1004,51.52229,-0.125889,-0.1665250935682993
545,36.0621,114.4839,-0.1662401124387762
1313,38.86067,-90.10585,-0.1659246680356491
109,42.2816,118.9233,-0.1650945422992255
844,64.244226,19.767238,-0.1648100896242039
686,48.610363,7.781631,-0.1645043901185875
556,29.5698,115.9773,-0.1643394339928764
1066,45.263142,27.969506,-0.1642812532399623
528,26.5892,104.8,-0.1628972752694872
1317,42.060284,-87.86323,-0.1624502969683272
799,47.09436111,15.41511111,-0.1621167614518872
1122,43.867496,18.423061,-0.1613981550088804
507,27.2272,111.4328,-0.1602350021793241
1141,49.672507,9.001981,-0.1598785062927973
1446,43.670834,-110.59947,-0.1596007819418675
936,50.85780611,4.288706017,-0.1593856385429668
958,47.0495,6.97915,-0.1577333123235584
896,43.1804,-2.2682,-0.1572944953349541
198,32.6939,109.0281,-0.1570027482011576
399,29.4572,106.3754,-0.1567792670756897
1146,49.514959,8.402331,-0.1565449242896621
1083,40.314518,-3.716868,-0.1544510352120428
884,59.20243,9.4871,-0.1532811242971994
997,55.862281,-3.205782,-0.1530770703389767
577,30.6558,104.0219,-0.1529396715080566
1072,49.634841,9.657919,-0.1520516542337135
1251,35.59095,-78.4622,-0.1520349615166303
1073,48.507703,9.051178,-0.1501691287686206
682,47.809892,7.764528,-0.1489040802995478
73,40.1092,124.3633,-0.1475770624119949
737,49.233464,6.987601,-0.1472034298261582
1320,40.136337,-111.6605,-0.1470059441000322
1271,40.0877,-82.95977,-0.1456014671163815
428,30.7819,111.3275,-0.1453332783251056
806,47.128863,10.034324,-0.1434157024692678
129,36.2017,117.0885,-0.1420968001299072
534,28.2053,113.0792,-0.1406499020130301
1274,41.53694,-81.45887,-0.1402967557654199
647,36.8406,118.0253,-0.1402464284294696
1420,35.158688,-78.728035,-0.1364021262301362
492,26.3108,117.7275,-0.1353192375225922
277,39.5269,116.7244,-0.1343295336568733
848,46.62936,14.28931,-0.1338319998585695
1161,50.876983,18.416878,-0.1330052900642853
1393,33.578335,-86.77389,-0.1323429421003036
1045,41.932892,12.506947,-0.1323314265071295
859,43.305286,5.394716,-0.1323069445412112
776,46.651838,16.196777,-0.1319350580712079
540,28.2558,109.6414,-0.1315745767394084
543,29.315,110.4417,-0.1315635706159875
996,49.32273,11.02792,-0.1314852326695469
113,35.4216,119.523,-0.1300847546246257
1336,40.82799,-73.05754,-0.129021203833233
1068,47.145014,23.877389,-0.1274551036276889
1286,36.02661,-80.341965,-0.1254793230845785
514,28.6842,115.9314,-0.1244511506455582
1372,46.81826,-92.08936,-0.1243404211315641
214,46.0656,122.0392,-0.1204699776736142
1126,49.079012,19.3025249,-0.1203304608542232
50,34.7752,111.1922,-0.1163998271670003
1324,40.283092,-74.742615,-0.1156263871670743
1213,50.676856,17.950278,-0.1155450948936756
777,46.13111418,14.99611517,-0.1148544880050079
965,45.59667,5.918611,-0.114660355848262
871,54.436985,12.721938,-0.1145704930372905
1360,40.107224,-74.882225,-0.1139881295463093
1258,41.606663,-87.30494,-0.1122111657970836
187,32.4287,105.8628,-0.1111794387275279
661,35.4828,112.8271,-0.1107786688775491
735,45.475327,4.515003,-0.1100035566600562
886,53.246535,6.608937,-0.1076693898476059
1416,39.28102,-78.08157,-0.107049266156926
15,43.8245,126.5052,-0.1067243144619964
1181,50.30886,2.807369,-0.106703899888913
902,45.038831,24.298631,-0.1038910464451982
127,36.7023,119.1437,-0.1023958839269474
562,22.2281,113.299,-0.1014031734154533
44,36.0681,114.361,-0.1002762947629115
1191,48.445553,0.110833,-0.0986982885003892
986,46.802376,4.417486,-0.0986155374663455
790,46.835,14.84361111,-0.0981983330021692
343,32.1028,118.9125,-0.0980593488934465
323,33.575,119.007,-0.0976364113357663
931,50.12218857,14.46757793,-0.0966728354704706
97,35.2375,115.4747,-0.0966130400055825
1442,32.52127,-84.94463,-0.0951558257765259
1384,42.334984,-89.03777,-0.0939360404431167
1136,42.45639,14.23472,-0.0939063761356353
34,34.3622,107.2386,-0.0934281297029504
38,36.6868,117.532,-0.0934219716777477
14,31.6837,118.5092,-0.0927710666324226
152,32.2786,118.3244,-0.0917847479818158
1329,32.726658,-103.12292,-0.0907333713674899
1402,43.656765,-70.629135,-0.0906144801342089
68,40.6511,122.215,-0.0903511807358071
814,45.79728,3.113833,-0.0902438287141257
994,49.872303,8.664619,-0.0872613941031447
999,44.98375,26.015214,-0.0845073906285424
1337,38.20087,-77.37742,-0.0823350011007052
1350,42.51831,-89.06347,-0.0822035786270506
946,48.930932,21.913705,-0.0809149993149485
688,45.1828,5.7531,-0.0804229509260969
1438,35.206112,-111.65278,-0.0803408379525927
447,31.388,120.953,-0.080281261094588
1228,46.9631,7.46252,-0.0802276363819988
1322,40.816,-73.902,-0.0798256150698262
1421,39.46048,-76.633545,-0.0793885681682782
723,46.19583,6.240556,-0.0785383019907408
1043,45.411864,28.005967,-0.0782308051505361
1365,41.61524,-71.72,-0.07815775483514
1015,48.17278,6.452811,-0.0771177210782355
1223,47.0677,8.30068,-0.0753934545480129
1103,47.4029,8.6134,-0.07490141093412
176,41.1551,80.2613,-0.0748722846236214
1094,55.46333313,26.00416946,-0.074802631343235
350,31.7069,119.9468,-0.0743187269190472
873,55.39638901,10.38917255,-0.07418745954577
342,32.1065,118.8086,-0.0736442455208807
847,41.97833,21.47,-0.0734364817652866
1425,40.304695,-79.50567,-0.0722383454282358
765,45.809998,2.06,-0.0721624442803561
364,38.9511,121.565,-0.0694807550028119
736,49.254344,6.867744,-0.067969877096299
1091,46.708333,14.891667,-0.067813826000348
135,32.9692,112.548,-0.0666073492954161
1006,51.27399,1.098061,-0.0591304927004201
858,42.732292,23.310972,-0.0590934072961605
1356,39.96111,-77.475555,-0.0579002383083213
421,27.8246,114.9231,-0.0578421091992543
1055,49.73244858,13.40228081,-0.0578055202987338
1127,45.5966,7.76643,-0.0574808414694934
1192,42.40538,1.13,-0.0560447243147055
311,36.6868,117.0624,-0.0560174532390326
820,48.753179,21.245046,-0.0559176059564269
47,35.2127,113.2269,-0.0523342419406564
1318,42.04915,-88.273026,-0.0495836118486982
1319,39.866833,-88.92559,-0.048640891602632
618,28.4436,117.9756,-0.0485523512196929
932,43.322554,21.919025,-0.0455468517904522
652,37.374,120.399,-0.0445474760061235
706,42.09791019,1.848237224,-0.0442533954387888
22,43.8622,126.54,-0.0435243354986919
1443,39.399837,-119.73961,-0.043265236427633
1280,41.420883,-82.095726,-0.0421856932529742
1250,44.18089,-85.73898,-0.0409704897839826
1263,36.019184,-83.87381,-0.0396637477576376
1171,43.5166,-5.6707,-0.0387707128777513
940,48.248993,16.357079,-0.038484821153207
1047,51.862042,6.874469,-0.036622238496168
1401,30.681719,-91.36625,-0.0344615616075208
541,27.7044,111.9892,-0.0343412464687183
136,34.4045,115.6458,-0.0332823624876705
1277,39.42689,-84.20077,-0.0329637518300178
374,43.8805,125.3297,-0.0322224438323757
627,22.5978,114.297,-0.0320433940104967
1311,40.712776,-81.598335,-0.0317230314348454
730,45.683333,9.466667,-0.0315094252106889
921,48.773072,8.220214,-0.0300347835478139
1155,43.26444,-4.06278,-0.0300104072170652
1423,35.43477,-83.44213,-0.0293020566040183
1241,35.507225,-82.96362,-0.0285101585718167
1150,51.799722,16.3175,-0.0284614025596487
926,52.644169,13.483079,-0.0283029482039736
341,34.5885,119.176,-0.0273718291916061
473,26.6272,118.1756,-0.026715534682614
991,47.2474,6.015419,-0.0249675901398468
918,48.904228,11.948795,-0.0247487980131189
753,42.33611,-3.63611,-0.0243643499875296
755,51.259431,22.569133,-0.0241758804170325
1278,41.24045,-80.66272,-0.0240220792016263
642,24.7733,113.5824,-0.0239206476742111
934,47.5292,9.9267,-0.0233780383328081
285,40.8033,111.6572,-0.0232190892348759
703,50.02403641,15.76354885,-0.0198309138414488
1430,38.85287,-77.63462,-0.019509221125164
141,30.2092,115.0307,-0.0185603444594432
1039,50.766815,7.973542,-0.0167850933654272
385,40.3275,116.6275,-0.0145654184323414
1373,38.45934,-82.64041,-0.0140924219585091
919,48.376576,10.88837,-0.0131508377804003
1328,41.05192,-73.76366,-0.0129649238912522
281,37.8873,112.5139,-0.0114377959172429
1279,39.9428,-81.3373,-0.0102327064271755
1057,52.349703,13.424304,-0.0101178418895161
1107,50.6134125,5.570222814,-0.01002174998539
810,47.4885583,12.066633,-0.0080991298026399
182,36.5446,104.1724,-0.0077510689189339
663,31.6449,118.5024,-0.007714851787984
381,39.8863,116.4072,-0.0074043157972183
478,27.72,106.9178,-0.0070261787338957
1375,42.298492,-72.334076,-0.0042142768413756
1079,41.91614,0.191101,-0.0025127468090346
29,36.6028,109.4761,-0.0020959673167747
1409,43.54792,-96.70077,0.0017760633454157
217,39.3278,112.4072,0.0020630611526679
300,34.81334,113.56746,0.0026167460320938
762,45.158745,1.537222,0.0035351337454252
483,38.5167,102.1692,0.0036132319105601
89,34.1978,108.985,0.0054776375786702
700,43.610497,2.23015,0.0063547759383107
822,41.99917,21.44084,0.0069494632635222
841,47.557222,18.420836,0.0080745344606892
497,28.2597,112.9792,0.0099072335270901
1243,35.438557,-81.27675,0.0101620210651384
538,28.2675,109.6958,0.0104767997470261
298,34.77134,113.65724,0.0134429763770686
607,29.2956,117.2461,0.0141075214680267
786,46.80138889,13.49388889,0.0143637037112647
1321,40.72099,-74.192894,0.0145990429158314
557,32.6389,110.7258,0.0177484730184663
1433,40.56252,-80.503944,0.0184855038780445
362,40.7866,111.5512,0.0189639684942784
408,27.0968,115.0093,0.0214429943311106
673,49.419528,8.6767,0.0222489497669399
51,30.7856,106.1064,0.0235381633092764
976,45.56472,5.928333,0.0239095681721391
437,27.9153,113.0048,0.0247453166283724
536,23.4835,111.2711,0.0265388556747692
393,39.0927,117.202,0.0275320631494068
945,48.27329,14.31479,0.0285091742674027
172,42.9418,89.1904,0.0294806808891646
490,36.864,118.78,0.0303697371432336
742,45.871406,22.908594,0.0304319659276966
274,38.3254,116.8584,0.0308555206071897
1229,47.3815,8.56592,0.0312588002969534
249,30.97,117.8483,0.0314265563061124
145,32.0564,112.1392,0.0334985495117673
694,54.124819,22.038056,0.0343036564153682
186,30.2981,109.4978,0.0350932399624633
743,58.370556,26.734722,0.0355494924459161
1078,41.03028,21.33667,0.0358698853242024
750,43.2757,-5.596,0.0359782682830135
43,36.1017,114.3551,0.0386584817166156
1390,38.65643,-90.19835,0.0391661663995248
1341,29.625557,-95.26722,0.039590064219252
327,31.1907,121.703,0.0407197346927476
1407,41.965195,-87.87627,0.0418129734783057
125,37.5639,121.2514,0.0429745390354682
581,42.0353,119.2658,0.043282792035622
1245,33.81468,-80.781136,0.0434612040483974
303,36.5713,114.4918,0.0439862574058739
629,39.8261,109.9486,0.0458145776637021
310,36.663,117.0495,0.0544692843027517
250,50.2524,127.4833,0.0568873515538814
375,43.8772,125.3716,0.0571114716534282
66,39.8129,110.0023,0.0591148423953562
771,43.3583,-5.8664,0.0603515643524836
526,27.8851,102.2685,0.0609970156294067
181,34.5538,105.8945,0.0611390136161461
1424,42.27807,-85.54189,0.0639301902951269
499,34.77172,113.73961,0.0655713684367107
566,28.0089,120.634,0.0670746174070414
258,47.3416,130.2537,0.0680696163213049
1131,46.112775,24.22805,0.0681178086184794
1148,45.1619,5.7356,0.0699946703803662
662,35.4887,112.8508,0.0706805259411247
1185,51.536893,7.457409,0.0723750721447833
193,30.0475,101.9603,0.0727932678680955
133,32.9917,112.5192,0.074122947206125
1381,38.548138,-82.73116,0.0746135517449914
1369,43.176674,-85.41661,0.0755919142780392
1123,45.714444,11.368611,0.0758662141162075
458,31.381,120.999,0.0759026646753228
1266,36.0388,-85.7331,0.0772869555363285
275,38.2991,116.8842,0.0773818423099814
253,47.3086,130.2684,0.0796331965665691
1351,29.733727,-95.25759,0.0809601253925235
477,29.2617,117.1547,0.0818204619031119
699,49.45165634,17.45415878,0.0827473581642748
785,60.608299,15.6294,0.0835153652582566
1335,42.09142,-77.20978,0.0835923758822579
1242,35.2318,-77.5669,0.0860376692273439
523,29.9775,102.9905,0.0867639223172919
961,50.79664963,4.358623958,0.0870577653938686
1368,34.530716,-86.96754,0.0875452501522951
571,25.0492,101.538,0.0883512442494357
317,36.6734,117.1265,0.0896180941580755
237,50.2341,127.5144,0.0899800394526428
84,30.6306,104.1122,0.0907625623605511
967,53.480927,9.857223,0.0922275237289939
631,27.8614,112.9433,0.0924958338114126
622,39.2474,117.7918,0.0924984853522226
1294,44.735977,-68.67075,0.0931842633531398
74,41.1489,122.0303,0.0933663454503558
1413,41.094967,-85.101814,0.0942054679001355
1074,43.5512,-5.9197,0.0952939667632582
714,53.134088,17.995712,0.0975567359148855
1172,46.162556,-1.153603,0.0985234786694077
339,32.0005,120.86,0.1003924336701592
649,28.793,104.6055,0.1007500410435786
453,26.567,101.7227,0.1010148868164753
255,45.6077,122.7911,0.1022738183458363
1296,43.4351,-89.67979,0.1028462052818108
110,42.2728,118.9576,0.1029963321434009
894,50.159406,19.477464,0.1031665811118623
397,26.3003,106.805,0.1034380518840575
98,40.0917,113.3444,0.1047567531010696
1240,53.371306,-2.239218,0.1057484174505058
144,32.5714,110.8839,0.1062403108402341
1406,41.644066,-83.54616,0.1065067457773176
220,35.4936,112.8318,0.1073031351190181
286,33.9528,118.293,0.1074228431144117
224,39.3197,112.4258,0.1093252984231181
1343,41.78472,-72.63167,0.1093831359209994
1355,39.80933,-80.26567,0.1104760148768009
1419,41.645382,-70.89751,0.1114814850696122
1090,50.221941,8.446079,0.114321920741983
856,42.680558,23.296786,0.1144810720007361
246,33.9477,116.7856,0.1164854970917799
195,33.1138,107.0089,0.1165723321044446
346,32.0309,118.8109,0.1171048978733783
1303,33.588547,-84.06961,0.1208881497525195
588,35.5934,104.6194,0.1235544965550891
354,41.7653,123.4114,0.1244854106467824
1392,38.71085,-90.47606,0.1256830099538049
1315,42.139996,-87.799225,0.1270872145070011
226,39.9289,116.4174,0.1274043727654933
906,46.08253,10.95804,0.1277529126924273
361,32.4625,119.9189,0.1293540643182685
900,66.3217,29.40157,0.1313197524042205
45,34.7781,114.3389,0.1315232579512039
329,31.3008,121.467,0.1351922710137539
1326,42.68075,-73.75733,0.1354414502213543
512,25.0925,104.9022,0.136272805022722
889,50.74823,2.25978,0.1364391642787266
322,36.6114,116.9862,0.1365590812220111
578,39.1067,117.1941,0.1377464864846521
1060,46.564369,26.910667,0.1385439619383827
950,50.46519216,3.939714326,0.1388352924612919
1201,41.15604,15.09675,0.1389761792791865
370,43.8325,125.1761,0.1395627319013683
1158,51.748103,18.04931,0.1401629555267981
852,42.432356,25.637389,0.1405582616160988
1451,33.9828,-111.79871,0.1413620938632172
257,45.3039,130.9429,0.1417203903943651
482,31.5031,120.242,0.1417706642471978
1265,35.233475,-85.18158,0.1420902368023533
524,29.9833,103.0111,0.1450025199298942
1142,46.632142,27.730886,0.1460994911816364
1429,40.689255,-122.40219,0.1467164767286121
773,48.40861,15.619166,0.1477001315266398
828,43.9275,12.224722,0.1492628683962118
64,40.6821,109.8538,0.1504591068229611
612,24.6947,108.0497,0.1537728561550443
710,49.23290634,17.66717529,0.1555677744277699
1455,38.23887,-82.9881,0.1556416720052248
230,35.0303,110.9686,0.1575845592598789
1359,40.46542,-79.960754,0.1589983568354405
1412,29.901035,-95.32613,0.1592383600878903
636,23.4714,116.7519,0.1596662183641413
1307,43.7775,-91.2269,0.160889860794898
874,45.60822,5.270872,0.1616093594652561
440,29.3547,110.5594,0.1623542086703349
92,38.5036,106.1358,0.163102676696447
993,47.62,6.157611,0.1644441558443388
816,49.211447,18.771215,0.165440975501814
1405,43.577602,-116.178154,0.166231535877388
1363,35.96497,-84.22317,0.16844316205928
391,38.8394,117.457,0.1692877588892915
279,41.0026,117.9268,0.1696904427061678
36,34.493,109.4636,0.1698538968822198
5,47.3227,123.9483,0.1699492659553579
46,34.7965,114.2885,0.1723629665651304
879,41.53583,20.6989,0.1778879950074213
1282,35.500103,-82.59986,0.178127128999985
596,33.965,118.283,0.179360097241369
101,36.2125,113.0886,0.1794977102660868
1003,48.77586,5.162789,0.1800714973916759
1132,49.165508,9.224786,0.1802692496222154
1268,40.026035,-82.433,0.1808699280344501
1382,38.06503,-84.49761,0.1817605597699772
1183,51.303394,6.819887,0.182401660553577
360,40.7612,111.717,0.183785219853263
254,45.1722,124.7965,0.1868789085102894
953,45.69802778,18.83463889,0.1877753941530727
183,31.7275,113.3583,0.1885279576964028
366,45.7667,126.635,0.1908368483846756
855,42.142889,24.765239,0.1914031833943041
862,51.921389,4.401389,0.1926607976168232
1273,39.70595,-79.012,0.1939417776178588
219,35.5051,112.85,0.1948532872540551
215,40.761,107.4212,0.1968478040039231
834,48.257474,13.03923,0.1986786973308001
893,45.7789,4.9247,0.2008560719440678
928,51.5645,14.3764,0.2013383728665805
1398,27.939747,-82.000084,0.2017908143792092
1234,50.44914,2.9,0.2018917267132533
701,46.13167,9.56639,0.2022582316606015
1354,40.814182,-79.56475,0.2038899180416132
120,36.8103,118.0414,0.2042971172100754
1096,51.838221,5.856938,0.2047975035154998
143,32.6494,110.78,0.2051826551817195
705,45.5588,8.0564,0.20748156084891
791,56.00833511,21.88694763,0.2090347703014871
1331,41.058617,-74.25555,0.2090638384912372
695,49.50260925,18.53856087,0.2098238359635965
1383,39.117218,-94.635605,0.2110346617691174
446,27.6434,113.8385,0.2145102817114493
617,39.0845,117.1589,0.2148324617995105
675,48.962223,4.36,0.2187613185991288
105,37.8572,113.5758,0.21901264974319
1312,32.364567,-88.73149,0.2192896693208047
537,23.7233,114.6892,0.2205929822264175
344,34.2761,117.179,0.2208202046207456
1101,42.056383,25.59345,0.2257738132395174
881,51.468662,5.47235,0.227142350174645
763,46.17,1.87,0.2314193845782584
267,46.8028,130.2751,0.232693367095388
389,38.0058,114.4586,0.2329624106224583
1071,47.664361,9.169289,0.2346945464139792
20,41.8611,124.0436,0.2367219244953217
933,46.401944,13.011111,0.2369704830836144
223,39.3617,112.4575,0.2372771965546793
445,27.6253,113.8493,0.237489699580649
365,43.7783,125.245,0.2405844594504903
95,36.1856,113.0844,0.2415110004290312
495,28.1944,113.0014,0.242380791211752
924,49.544078,8.465281,0.2432379090037983
1120,50.94535924,3.15240159,0.2445440327683868
1378,42.474644,-70.97082,0.2464094957533217
901,48.68817,6.190431,0.2464127927397527
580,30.4519,114.8858,0.2494900387153572
768,50.429014,21.277367,0.2557310119715834
169,37.9251,102.6201,0.2615082442814008
312,31.3019,120.591,0.2634205597894619
476,46.7432,82.9994,0.2651181061833045
330,31.6219,120.275,0.2657551747907841
1426,30.848612,-85.60389,0.2672785376569921
1255,38.013332,-87.577225,0.268003317660926
211,41.5881,120.4318,0.2681536411883866
1330,40.92458,-75.06782,0.2695229000721539
1272,40.084515,-82.81558,0.2700580999716672
252,45.1214,124.8006,0.2719353252534213
927,54.88361,-1.406878,0.2720788616727049
922,47.649258,26.249011,0.2721757260438842
462,31.955,119.18,0.2723340683908772
1325,44.08747,-75.97316,0.2731226680832327
954,67.878588,21.062962,0.2738217725064907
427,30.6465,111.3549,0.2743067389201153
81,43.831,87.6432,0.2748607995462836
1441,31.188932,-85.423096,0.275170040860636
1133,49.07655,8.40666,0.2778124242205315
1305,46.0519,-89.654,0.2781502426716007
734,43.310833,-0.391111,0.2782334662312871
83,34.3731,109.2186,0.2783779017852936
987,49.052284,8.253538,0.2799481135751427
498,34.7178,113.7329,0.2802297861035202
371,43.8447,125.3863,0.2827401080534847
268,30.6764,104.1419,0.2835890863683359
1349,43.1818,-87.901,0.2844707304484884
739,49.357861,6.73354,0.2855179290566865
196,38.2911,109.7456,0.28559904562134
77,40.7677,120.8695,0.2860953277745111
170,35.5461,106.6692,0.2879282629919708
338,31.3708,120.641,0.2885154271170038
278,39.5111,116.6708,0.2893064845705175
349,45.7258,126.6411,0.2893111783350447
177,39.4467,76.0072,0.2895570192546579
882,51.60308,4.781016,0.2896689052156744
347,32.0745,118.7794,0.2901989914921505
745,40.41666666,-0.24916666,0.2907778095068908
8,44.5963,129.5904,0.2913373139318756
414,26.585,101.7169,0.2929563243092699
802,49.119442,6.180833,0.2936658618675967
1396,34.015434,-84.60742,0.2940300567409494
784,55.072222,24.283894,0.2953794292624511
746,42.14326062,2.510206967,0.2981237180373124
1117,51.0612777,3.77526239,0.29893141830485
326,45.7319,126.685,0.2998732117224507
851,43.126475,25.691211,0.3005393174874492
1219,47.60472222,15.67305556,0.3018800178913204
128,36.1937,117.1437,0.3037089906764404
804,48.124711,17.125496,0.3055888239248155
1345,41.97639,-72.388054,0.308269077200026
26,41.0879,121.1115,0.3100495430127999
947,48.33472,16.729445,0.3115552026359398
813,47.04735,16.07905,0.3148958206472091
1327,40.8679,-73.87809,0.315243707591001
532,27.725,111.9975,0.3153216481166201
1058,46.064275,23.563517,0.315982427855988
1252,42.416637,-83.90218,0.3163585272841678
764,45.869995,1.31,0.3182963993310904
611,36.5482,104.1465,0.3189690634583635
929,51.897598,14.057064,0.3201317864631159
887,52.039023,4.359376,0.3209538816404423
1339,38.8577,-77.05922,0.3218042949505486
1175,46.329586,-0.458889,0.321883199653323
969,51.453459,6.86505,0.3226808854533595
941,47.04027778,14.330725,0.3257920032892526
335,34.2778,117.2933,0.3268284567450821
583,41.7347,123.2444,0.3308807282489325
114,37.4674,116.3032,0.331134704432816
678,50.836389,19.130111,0.3318319423402406
456,29.7178,118.327,0.3348871889721592
968,50.889871,6.985074,0.3352757458016878
405,28.7562,104.639,0.3376440833263118
1218,51.028931,7.004976,0.3377688123171618
854,42.666508,23.400164,0.3377895828794713
39,35.8735,120.0405,0.3390007169579105
609,23.7256,109.2203,0.340256940988412
380,38.8639,115.5086,0.3434871518694031
1247,35.0608,-83.4306,0.344210588744871
849,47.676111,17.649736,0.3454311332614683
1063,48.326013,10.903051,0.3464692118236673
247,30.9412,117.8177,0.3482166397483853
1377,43.97462,-70.12461,0.3484047697908136
430,29.3578,113.1094,0.3485417006389089
1281,35.76541,-82.264946,0.3488956380450438
1435,41.49212,-81.67845,0.3527990940157313
1314,30.085262,-93.76134,0.3532940655751463
521,30.5944,114.3014,0.353869312035132
422,32.0023,118.7752,0.3555781999474224
718,41.096667,-8.555833,0.3584409937217452
1156,43.40444,-3.84194,0.3585549448926757
1102,50.010325,8.451527,0.3586847160636377
102,36.0783,111.5531,0.3602478875455139
1306,44.70735,-89.77192,0.363056752004192
1385,38.11515,-86.60325,0.3633356704727283
23,41.2864,123.7669,0.3637444117246861
485,31.0201,103.6202,0.3639682605194461
1207,38.748611,-9.148889,0.3650928827756203
679,48.899233,9.172792,0.3653388997763186
1308,42.5956,-87.88576,0.3663822580148496
812,47.27129,11.4169445,0.3665015075117334
769,41.47676936,2.088977264,0.3697009402838014
1226,46.586918,0.358583,0.3711309540149122
441,29.5102,106.5777,0.3725786828563222
324,40.8369,111.7516,0.3726179013449187
1342,29.583048,-95.01554,0.3728477569769214
474,30.2111,120.2072,0.3744229873573232
167,30.4742,114.9028,0.380506082362522
424,33.774,113.182,0.3807747077770744
134,32.9735,112.5003,0.384309872617843
1022,50.775482,3.12568,0.3873444694140528
419,30.3119,120.1197,0.3889177975920046
1284,32.535294,-93.74704,0.3905232523637104
429,36.0022,106.2792,0.3906774818691608
1408,40.3663,-80.6158,0.390778096246587
542,27.7569,111.9561,0.3933487418121444
774,47.40555556,15.36083333,0.3936604450419628
1050,46.522,6.63963,0.3954053936219088
787,49.50504,5.97694,0.3967493985855444
10,44.5462,129.6386,0.3983585116993527
511,26.8919,112.6006,0.3995560207384334
1403,29.939613,-89.92388,0.4011327668321416
1391,39.749027,-86.18627,0.4032253084304588
645,36.7019,119.12,0.4052747454984747
240,46.6528,126.964,0.4074335283627344
1362,41.265556,-75.84639,0.4075123231767834
744,43.34639,-4.06417,0.4078232566640664
1395,33.545277,-86.549164,0.4078569533279843
318,31.8403,117.1318,0.4091051489682368
480,27.5002,114.0997,0.4097420752113999
1244,34.09396,-80.9623,0.4111609446483075
406,30.1819,120.2697,0.4135124720368628
1310,45.2384,-86.994,0.4140237254229423
1410,29.68639,-95.29472,0.4147555045770322
491,43.941,81.3364,0.4156058061764324
1344,41.84046,-72.01037,0.4159032738699704
1027,49.90167,2.304597,0.4200148189810397
1415,30.419806,-91.182014,0.4201065075130133
1333,40.06483,-74.44405,0.4203302343547789
40,32.1059,114.1099,0.4222517532624569
174,42.8172,93.5128,0.4243399343205208
425,29.9572,121.713,0.4266360177969339
1316,29.632057,-98.56493,0.4277666471920757
1358,40.24699,-76.846985,0.4286430054122868
96,35.2464,115.4208,0.4298941563417671
112,37.4309,118.6614,0.4300476808868871
1270,41.515053,-81.24991,0.430288881757731
1208,44.386558,23.733658,0.4313507593015088
334,31.2284,121.533,0.4336440317763009
877,46.256617,26.792892,0.4339288588687308
1283,35.9359,-81.5306,0.4357178768759809
1304,34.474525,-85.408844,0.4361054083073409
455,36.885,120.515,0.4364830170683175
191,31.8896,102.2502,0.4373764122916111
1138,52.401352,13.059945,0.4385776363460672
108,37.8703,113.5614,0.4394762618776891
239,46.6365,126.9785,0.446421349315682
262,46.6554,131.1524,0.4468020020368795
150,33.5699,114.051,0.4469703899732452
883,50.736389,15.739722,0.447085555014885
715,43.6287,0.179069,0.4477004590202799
1301,34.785217,-84.62643,0.447832289417287
572,38.4418,106.2266,0.4503913843809378
1125,47.565439,14.244676,0.4530740667480565
1100,50.85671305,4.425760659,0.4536562129562604
1361,41.44278,-75.623055,0.4566799599080821
1261,35.63348,-83.941605,0.4572161798860087
1267,35.85611,-78.574165,0.4589436368076018
623,33.5828,114.0138,0.4594873347830485
173,42.9559,89.1673,0.4601291301971453
1260,32.82006,-96.860115,0.4605609312767598
1093,49.107502,6.122775,0.4608042275632908
732,45.9225,6.87,0.4626220083700235
111,42.2554,118.8788,0.4658456860844238
1246,33.342224,-81.788734,0.4667173326242496
197,38.2839,109.7289,0.4677928442285587
1288,30.229652,-90.96563,0.4732392923893365
722,49.40619,1.15515,0.473396027458503
461,32.6524,117.0067,0.4750770432333412
1434,43.68578,-74.98538,0.475494756377993
592,34.1781,117.1694,0.4800552829618324
59,30.8023,106.0789,0.4843471678272316
90,36.1031,103.631,0.4850189662079613
676,49.224167,4.020556,0.4861345071223475
80,40.6532,109.8756,0.4863223280230777
1374,42.19438,-72.555115,0.4877446249733237
1302,37.1655,-78.3069,0.4880875094815968
650,28.7728,104.6201,0.4892525711626725
1253,48.41252,-92.82922,0.4895038897815786
225,37.6945,112.7532,0.4921923111381568
1206,45.238642,19.835704,0.4934178995205001
1353,40.56333,-78.919975,0.4972026680062288
726,43.3069,-5.7057,0.4973119732935578
7,44.561,129.61,0.499019642043629
131,33.6128,114.6613,0.4990831772747418
1309,45.56498,-88.80859,0.5004032518190259
517,27.5578,109.9972,0.5052316697223291
265,47.7412,128.9102,0.5058067434994317
272,37.0886,114.4704,0.5109683043594847
1285,30.700895,-91.05607,0.5115491460882924
533,30.5366,105.5861,0.5163491616229152
1097,51.05833172,3.729298172,0.5169407884323202
949,50.81487387,3.322494319,0.5184092890447364
621,27.583,110.0394,0.5189282755238204
587,31.9996,118.7356,0.5191538299854943
1432,36.60843,-83.73694,0.5194128017763834
548,28.9666,118.8709,0.5207875269621453
639,33.3942,120.156,0.5219665934976573
1151,51.939783,15.518861,0.5229993397128808
417,28.2475,117.0311,0.5237727749215876
2,43.8306,126.555,0.5269875557378666
454,29.6963,118.2903,0.5279998679447484
829,46.143173,-0.396042,0.5361015120117432
725,49.02134,1.148319,0.5364078201448087
1366,42.86183,-71.878624,0.5367909981642481
655,30.5767,104.0594,0.5384776286497914
1264,35.10264,-85.16219,0.539533776667526
1088,42.05134069,0.729555647,0.5433578228202498
147,30.9891,112.1969,0.5439730669149316
1275,41.55523,-81.57526,0.5452359746447831
363,40.8062,111.7276,0.5462361907515664
333,45.7478,126.593,0.5478259305555495
292,37.8692,112.5369,0.5491570767097673
151,30.9743,118.7385,0.5516827690052197
637,36.913,121.531,0.5524187891692628
665,31.751,119.579,0.5529331260087631
625,33.4022,120.118,0.5549881042192769
500,30.2798,109.4707,0.555660181055509
658,29.4875,106.4782,0.5558892847085802
1129,51.49633,-0.460861,0.5594755981980839
633,36.5819,101.834,0.5607872628494326
1160,42.36831811,1.776783258,0.5739034258123157
798,42.404687,12.857794,0.5763730929118517
4,47.3386,123.9488,0.579071575853247
1194,49.18742,6.910867,0.5808552695040137
1076,47.3868,8.53981,0.5811480977735346
276,30.8669,120.0751,0.584728662972343
486,45.6094,84.895,0.5868907178692696
1231,46.34072,2.593945,0.5894134101624311
259,47.3388,130.3114,0.5917113931598132
1230,49.28222,4.051111,0.5920350466699017
529,31.2132,107.4988,0.5921570308464909
959,47.513333,21.624444,0.5923578041336546
1211,42.736572,11.87643,0.5977505626519619
978,44.865555,-0.939444,0.5983900731818769
1014,50.32276,3.39593,0.5989063910962698
619,30.9413,117.7807,0.5989680641357313
616,38.0378,114.5481,0.6015573358925257
107,37.8486,113.5819,0.6018810655327786
585,31.2864,120.628,0.6087863673357876
411,31.2071,121.577,0.6137386478952523
515,26.8956,112.6211,0.6143056444606115
299,34.80246,113.67526,0.6152996190150067
960,51.25210341,4.491362028,0.6160441551313475
395,39.1082,117.237,0.6193838280375609
426,37.3753,97.3731,0.6211202242480501
273,37.7541,115.6838,0.6211440644687014
780,46.58967,11.43317,0.6244096467911119
614,32.1873,119.4424,0.6265196818235225
1220,43.25811,-2.97344,0.6286923249569839
983,41.947654,12.533667,0.6288180289637835
190,31.2124,107.4644,0.6299524157830646
1111,47.47706,11.05722,0.6312255258774593
1170,43.5915,3.88681,0.6336265312727394
1116,51.34879529,4.339709947,0.6415427625053752
459,31.656,120.734,0.6426455771491336
613,30.7525,120.7846,0.6432747139538457
238,50.2472,127.5291,0.6456460724162109
54,31.4535,104.7563,0.6554664953561226
410,27.9831,116.3544,0.6572788280393843
232,37.5211,111.1406,0.6591660876253298
233,37.5136,111.1297,0.6627352273511381
509,27.3125,105.2864,0.6636156051428423
1075,44.319639,28.610292,0.6640282831384795
709,52.407578,20.955928,0.6642322977405755
935,50.88369465,4.382977505,0.6649749302019119
1224,53.74878,-0.341222,0.6657334572309893
552,28.6542,121.419,0.6686568557830763
728,49.442356,1.093789,0.6717238220005534
496,26.5939,104.89,0.6762433114808789
1179,46.555842,26.926942,0.6797846912084108
872,50.654066,10.769534,0.6814028243081914
1157,47.594913,7.568175,0.6814441434936583
1152,50.349608,18.236575,0.6865332495197775
116,37.4451,116.2991,0.6877187923606856
1174,52.077148,4.289185,0.689729846890936
563,29.6038,115.9114,0.6911697509445918
460,31.882,120.55,0.6930887439441081
513,25.0992,104.8811,0.6983536536112661
93,34.9976,118.2794,0.7110797270868409
3,47.3636,123.9305,0.7148250685695754
328,31.1654,121.412,0.7170654004271136
118,37.3803,118.0062,0.7185260942281684
1216,51.54052,5.85307,0.7206260748024794
55,31.4668,104.6697,0.7208416337983033
594,34.6972,119.3581,0.728040580205531
157,31.7905,116.4996,0.7291090917733716
35,34.3617,108.7233,0.7361249652806382
672,52.420319,16.877289,0.7395557661594271
815,49.028057,2.750278,0.7417929097827103
251,46.7975,130.3258,0.7439976447489999
1232,49.15167,-0.352778,0.7441448740570309
1149,43.3094,-2.0109,0.7476980628832519
724,43.32074,-3.11272,0.7633579585447073
640,29.6815,115.9872,0.7652177729939252
803,48.16206944,16.52561389,0.7786764583952068
468,47.8517,88.1264,0.7790574260243135
677,43.2561,-5.7759,0.7837371309747554
656,36.0822,111.5169,0.7858362830584569
91,38.4975,106.2328,0.7917987482622477
1187,43.285,13.42861,0.7996250684376623
751,49.259552,2.474397,0.803370682541757
229,35.0147,110.9956,0.8049114920904873
597,25.0441,101.5482,0.8201780616300911
589,41.0385,113.1076,0.8281580568589625
601,27.0803,114.9754,0.8339782634687033
657,29.8279,106.3787,0.8341827040139503
280,40.9763,117.9392,0.8343871578693663
1178,40.39472222,-3.73194444,0.8366568330044801
1233,47.30737,5.065881,0.8693465266485546
216,41.7325,125.9446,0.8783569356810182
885,51.407365,5.393328,0.8896726995627324
603,32.4535,105.8945,0.8962748159973244
1013,49.276386,2.482167,0.9031918803000804
651,23.1522,112.5544,0.9036218299448208
418,28.2642,117.0564,0.9062483893243438
600,26.5917,104.83,0.9355310419333336
1197,44.429489,24.351389,0.9410575929988956
479,27.7019,106.9242,0.9488175291617236
1007,48.9964,1.7033,0.9542596134267236
505,27.5721,109.5981,0.9804703204351268
