,lat,lon,Date_Mid_Senescence_Phase_1_aot40_r
1213,50.676856,17.950278,-0.968189200398426
1450,43.34317,-87.92087,-0.962602057163538
403,27.1312,114.99,-0.9600729463390192
1113,54.97825,-1.610528,-0.9532530861393818
396,39.6506,118.1705,-0.9429043627299336
470,26.2714,117.635,-0.9415926954776604
1151,51.939783,15.518861,-0.9319988148030144
113,35.4216,119.523,-0.9247648042277672
1116,51.34879529,4.339709947,-0.9226312001129222
305,39.9041,119.5251,-0.9194066353249852
394,39.1661,117.1444,-0.9045909496424404
115,34.7837,117.2852,-0.9021943906516442
642,24.7733,113.5824,-0.9015128982631408
676,49.224167,4.020556,-0.8979618606272306
1453,32.41281,-86.2634,-0.8976081091817373
79,35.0532,118.3429,-0.897531039182412
660,36.1851,120.3905,-0.8934563116581452
201,30.5119,117.0331,-0.8923127844924026
271,37.0851,114.5237,-0.8910468089978189
364,38.9511,121.565,-0.8901661324036549
343,32.1028,118.9125,-0.8889426830487914
328,31.1654,121.412,-0.8879535720402384
586,35.7668,115.0,-0.8877175730376405
323,33.575,119.007,-0.8804394068339874
282,30.1808,120.0883,-0.8789744290038897
1205,39.48963,16.3868,-0.8785954043263178
330,31.6219,120.275,-0.8784688912942651
388,38.0178,114.5331,-0.8768522337509108
280,40.9763,117.9392,-0.8755642905924956
203,43.9311,116.0781,-0.873276391423393
453,26.567,101.7227,-0.8716143145973712
1133,49.07655,8.40666,-0.8699769865861732
393,39.0927,117.202,-0.8652186468997418
433,32.0931,118.6414,-0.8555485366047446
1231,46.34072,2.593945,-0.8553044576692619
435,29.355,113.2117,-0.8533396893084262
591,36.61763,114.5129,-0.8511397089539684
1441,31.188932,-85.423096,-0.8508060496931402
447,31.388,120.953,-0.8438829916574899
1082,50.16443,9.399441,-0.8426637684170968
1103,47.4029,8.6134,-0.8422505728079388
555,31.7231,118.5228,-0.841021638909212
246,33.9477,116.7856,-0.8401230692586474
1023,47.44739,-0.550067,-0.8346103750839314
764,45.869995,1.31,-0.8325560602032929
169,37.9251,102.6201,-0.8319027337492649
257,45.3039,130.9429,-0.8303441302746923
1400,30.439722,-84.34639,-0.830138771399375
958,47.0495,6.97915,-0.8270191502408255
369,45.8167,126.561,-0.8260386813458155
914,52.146264,14.638166,-0.8256768678457671
1037,49.83918762,18.26368904,-0.8227014551934702
450,37.197,122.038,-0.8216819898176628
1210,47.068717,21.927233,-0.8214402504238852
573,30.4663,106.6271,-0.8210786597254681
1035,41.554167,14.674722,-0.8191345221240077
626,34.3497,107.2058,-0.8181606531933227
1100,50.85671305,4.425760659,-0.816475670151735
376,43.8463,125.2841,-0.8163513118019161
1198,51.067439,19.448694,-0.8160069053685217
516,27.5342,109.9781,-0.8132836285664412
434,29.4758,113.2621,-0.8130751318767083
1072,49.634841,9.657919,-0.810723500164086
1152,50.349608,18.236575,-0.8093155815476051
582,29.5462,103.7723,-0.8078531997408778
70,40.0625,124.3303,-0.8073780554233284
177,39.4467,76.0072,-0.8064204117540754
1204,41.886019,12.541618,-0.8063103496669671
681,48.847917,10.096292,-0.8062893101761833
982,50.892377,14.822846,-0.8049845634911604
1209,50.912475,15.31219,-0.7989750817611325
489,36.881,118.746,-0.7948790918623959
539,28.3169,109.7325,-0.7935077828630606
101,36.2125,113.0886,-0.7930494715330412
313,31.7848,117.1959,-0.792724906943367
1139,50.66109467,14.04306316,-0.7918568168747863
236,32.8977,117.3145,-0.7900009636499965
420,28.1136,116.9822,-0.7893050894297533
640,29.6815,115.9872,-0.7884896022176209
395,39.1082,117.237,-0.7882474392892
630,27.9119,112.9074,-0.7870226531092617
449,31.155,120.636,-0.7864808427242567
91,38.4975,106.2328,-0.7847929431148127
92,38.5036,106.1358,-0.7834425504461924
103,37.4236,122.1214,-0.7833390756260956
631,27.8614,112.9433,-0.7823935637250556
473,26.6272,118.1756,-0.7810074593504226
452,24.5058,118.0936,-0.7796933269555845
390,39.9136,116.184,-0.7767642150150961
624,35.878,120.005,-0.7764849765274424
61,41.0931,123.011,-0.7758538386881411
853,41.694342,24.738078,-0.7755506549351491
603,32.4535,105.8945,-0.7752069673386003
580,30.4519,114.8858,-0.7738199315976102
157,31.7905,116.4996,-0.773658011782553
67,40.7094,122.2703,-0.7716883314764862
711,49.04781723,18.00782776,-0.7702504973646537
1436,28.332226,-82.30564,-0.7689944826370756
1050,46.522,6.63963,-0.7683961791395388
1051,46.2311,6.07417,-0.7666994050082606
546,30.9285,113.9153,-0.7653505936203795
1448,34.264915,-88.76622,-0.7653236855588523
297,36.3083,120.3999,-0.7632021027570476
511,26.8919,112.6006,-0.7630763086274219
1088,42.05134069,0.729555647,-0.762615234744874
348,32.0551,118.7538,-0.7622868591316829
198,32.6939,109.0281,-0.7620588096787535
281,37.8873,112.5139,-0.7612341401710769
461,32.6524,117.0067,-0.7606750172956194
1022,50.775482,3.12568,-0.759293923391355
1167,44.92008,2.441082,-0.7585603074704901
106,37.8731,113.4894,-0.7565053073013291
1431,40.73614,-73.82153,-0.7564125544606055
39,35.8735,120.0405,-0.7546868016419015
1092,48.19223,14.51954,-0.7517370394041111
502,28.1322,113.0178,-0.7514423966655306
47,35.2127,113.2269,-0.7510807540625063
212,41.5646,120.4521,-0.7510578746249387
1264,35.10264,-85.16219,-0.7504603005076651
306,39.9499,119.5897,-0.7481604759797952
336,31.2472,120.561,-0.7472963626472241
1161,50.876983,18.416878,-0.7472787321157743
992,47.538193,6.868361,-0.7463494812712878
1249,36.306965,-79.09197,-0.7449239389121194
119,37.393,117.9776,-0.7448413653815105
346,32.0309,118.8109,-0.7448344282102242
88,34.3474,108.935,-0.7419627304635356
938,56.672901,12.8576,-0.7407518844514606
1191,48.445553,0.110833,-0.7407293792248495
189,31.1986,107.5082,-0.7368410324280088
278,39.5111,116.6708,-0.7362560766162861
429,36.0022,106.2792,-0.7347366808078613
83,34.3731,109.2186,-0.7338474823166287
1114,51.45258,0.070766,-0.7316280457848744
1048,43.5589,-5.9275,-0.7314408825735683
408,27.0968,115.0093,-0.7294969533002413
730,45.683333,9.466667,-0.7267738528212104
1185,51.536893,7.457409,-0.7264175700645951
622,39.2474,117.7918,-0.7239371839900758
1233,47.30737,5.065881,-0.7237827763143818
607,29.2956,117.2461,-0.7234441731682315
720,47.3456,5.002377,-0.7191230239067108
1397,33.331112,-87.00361,-0.7176674947434823
652,37.374,120.399,-0.7166720867729347
912,50.04613113,14.33141327,-0.7161610638709743
293,37.7394,112.5583,-0.7154965400724128
1063,48.326013,10.903051,-0.7135947689748716
243,32.9673,117.3533,-0.7130503616463384
76,40.7514,120.8392,-0.7122860414528991
1162,45.96141,4.465711,-0.7120921801590363
1291,39.9878,-79.2515,-0.7115521092804632
963,49.462229,11.0248,-0.7115360544522288
1011,43.91611,11.00694,-0.7104267182579739
802,49.119442,6.180833,-0.7102974929016213
935,50.88369465,4.382977505,-0.7102348948117228
1447,40.74529,-73.41919,-0.7078928338031694
503,26.2331,111.6236,-0.706977450146636
347,32.0745,118.7794,-0.7060324481455853
161,35.7511,114.2956,-0.7059009456353583
363,40.8062,111.7276,-0.701146658843979
560,34.343,106.0055,-0.6997621449325344
128,36.1937,117.1437,-0.6991885976074814
761,47.751475,23.605325,-0.6982668720047664
483,38.5167,102.1692,-0.6977551575396762
436,28.9703,111.6975,-0.6969542151699489
312,31.3019,120.591,-0.6947113989869182
158,33.8518,115.7789,-0.6935619218124484
389,38.0058,114.4586,-0.6933230039048817
419,30.3119,120.1197,-0.6919282921709835
1107,50.6134125,5.570222814,-0.6914405365572357
1073,48.507703,9.051178,-0.6912903773591637
94,35.0888,118.3956,-0.6870285628988009
688,45.1828,5.7531,-0.6859317188583052
1439,39.310833,-76.47444,-0.6846001189791482
122,36.8194,118.3092,-0.6840534869496617
15,43.8245,126.5052,-0.683502440480393
1240,53.371306,-2.239218,-0.6825942713197097
414,26.585,101.7169,-0.6820985976228345
87,34.2322,108.8922,-0.6819198413742873
661,35.4828,112.8271,-0.679222216300534
795,48.2702,16.2972,-0.6781648358045853
780,46.58967,11.43317,-0.6774194621162236
504,26.4364,111.5992,-0.6748994972637304
659,36.0855,111.5018,-0.6742310940561119
96,35.2464,115.4208,-0.6741480309476523
1166,41.04,21.3564,-0.6740102115314521
496,26.5939,104.89,-0.6735669910075177
159,30.6618,117.47,-0.6727663356139485
943,47.05917,15.016667,-0.6707375376548881
354,41.7653,123.4114,-0.6693596251708507
907,49.40159607,15.6102457,-0.668022270408854
375,43.8772,125.3716,-0.6649628355290943
58,30.8064,106.056,-0.6627183255900867
1387,33.317142,-86.82575,-0.6618360427786449
1443,39.399837,-119.73961,-0.6608559786107732
725,49.02134,1.148319,-0.6592781980089802
501,26.2081,111.6217,-0.6558993500939263
1144,42.58194,12.62361,-0.6549470066206512
916,48.397079,10.008293,-0.6547225901226303
438,27.8336,113.251,-0.6514061609131065
1016,42.42212,12.109196,-0.6502626825391362
589,41.0385,113.1076,-0.6498874112340929
1430,38.85287,-77.63462,-0.6472964157398045
1266,36.0388,-85.7331,-0.6471559586096527
928,51.5645,14.3764,-0.6469060210307945
1373,38.45934,-82.64041,-0.6462422060274283
68,40.6511,122.215,-0.6452590463840058
156,31.7643,116.4738,-0.6448947103183049
471,29.7091,106.4522,-0.6442852514142754
535,28.19,112.9394,-0.6441527432138511
1317,42.060284,-87.86323,-0.6411298766846553
173,42.9559,89.1673,-0.6405268462785526
893,45.7789,4.9247,-0.639964001566045
124,35.4209,119.471,-0.6384903360626997
339,32.0005,120.86,-0.6373098117125602
0,39.8784,116.3621,-0.6365582209139999
105,37.8572,113.5758,-0.6350291731234827
1355,39.80933,-80.26567,-0.6343335475582141
439,29.1217,110.5319,-0.6338552168248602
259,47.3388,130.3114,-0.6333804248072418
287,33.9592,118.2442,-0.6325584955054382
699,49.45165634,17.45415878,-0.6306267717543609
635,23.691,113.0426,-0.6292718867455106
261,46.6191,131.1652,-0.626507778239979
245,32.633,116.8281,-0.6253282129362197
754,49.744886,21.454617,-0.6250849472515686
1110,53.40337,-1.752006,-0.6245737017777233
215,40.761,107.4212,-0.6243443531845961
200,30.6145,116.9896,-0.6242325228143388
63,41.1196,123.044,-0.6239322273428874
143,32.6494,110.78,-0.6238847182550542
678,50.836389,19.130111,-0.6234021049365478
45,34.7781,114.3389,-0.6225392503389192
22,43.8622,126.54,-0.6215851489402237
77,40.7677,120.8695,-0.620777176265411
911,50.11108017,14.50309563,-0.6204121167087572
469,30.8388,106.1087,-0.6200834922368887
1232,49.15167,-0.352778,-0.6197913214983923
325,33.5981,119.036,-0.6184511712050761
384,40.135,116.6636,-0.6175188579126709
1062,51.321364,12.032141,-0.6173747403710727
385,40.3275,116.6275,-0.6169911143132716
944,47.04472222,15.15277778,-0.6168429948061528
1052,57.70902,11.970241,-0.61609171334953
1424,42.27807,-85.54189,-0.6154921562280219
1259,29.767998,-95.22058,-0.6146591881805863
594,34.6972,119.3581,-0.6142329572891233
410,27.9831,116.3544,-0.6070698298134396
1123,45.714444,11.368611,-0.6070166135674199
1093,49.107502,6.122775,-0.6043765013438303
267,46.8028,130.2751,-0.6034617430495225
391,38.8394,117.457,-0.6026731011277391
1239,45.248889,10.299444,-0.6022199272014775
302,30.558,114.2529,-0.6018583163215416
920,49.869422,9.171544,-0.6017519767730616
1438,35.206112,-111.65278,-0.6000440646371181
125,37.5639,121.2514,-0.5986381636086313
1364,36.060894,-86.28629,-0.5973139139806715
227,37.7067,112.7249,-0.5953216439567792
1416,39.28102,-78.08157,-0.5952954612648905
568,38.8959,115.5213,-0.5949579878510197
44,36.0681,114.361,-0.5948908473732881
534,28.2053,113.0792,-0.5948781755811051
614,32.1873,119.4424,-0.5947376707551675
757,43.15333,-4.25306,-0.594665177379951
1275,41.55523,-81.57526,-0.5929890798681741
628,34.5023,109.4259,-0.5915915837827104
168,37.9956,106.1856,-0.5898101370634345
888,46.58389,0.345556,-0.587486858668877
929,51.897598,14.057064,-0.586167701919719
671,45.499167,12.262222,-0.5855635270300407
350,31.7069,119.9468,-0.5825917930986362
865,50.978292,10.317236,-0.5822131575615214
544,39.7443,98.5061,-0.5819076463299813
342,32.1065,118.8086,-0.5808754186353562
314,31.8707,117.2588,-0.580607751594559
118,37.3803,118.0062,-0.5802024771201607
933,46.401944,13.011111,-0.5800951580291106
1077,43.21291,-3.1344,-0.5798351350557956
1336,40.82799,-73.05754,-0.5798136494393797
1234,50.44914,2.9,-0.5797159702874574
1309,45.56498,-88.80859,-0.579711702979186
981,50.731478,13.75145,-0.5790367767473467
180,36.1911,113.1569,-0.5781651857382639
708,43.09625,-0.040497,-0.5767865621705683
637,36.913,121.531,-0.5764385532822329
54,31.4535,104.7563,-0.5762893171288999
74,41.1489,122.0303,-0.575671327857291
107,37.8486,113.5819,-0.573469287504456
160,35.9019,114.17,-0.5722238338628444
1360,40.107224,-74.882225,-0.5715464206977026
1159,49.851334,3.284,-0.5710254244479798
497,28.2597,112.9792,-0.5707718452994538
1008,45.42009,4.395422,-0.5702053385421532
192,33.8715,109.9154,-0.5699423470623737
78,36.229,117.6795,-0.5693862553875596
331,31.5475,120.354,-0.5675724174317675
194,33.0706,107.0154,-0.5661302300633847
1038,45.696736,27.211622,-0.5658535154947448
903,50.37658691,13.32762241,-0.563724954110554
481,27.8403,112.9118,-0.5634121474476188
663,31.6449,118.5024,-0.5629851366950045
351,32.4639,119.888,-0.5621343767348752
1316,29.632057,-98.56493,-0.5612976965661618
400,27.0999,114.9658,-0.5606866286214377
1059,48.18169,11.46445,-0.5597796608286377
1279,39.9428,-81.3373,-0.5591407700595618
1065,48.947611,13.420573,-0.5588062585179424
713,53.028647,18.666103,-0.5578905788437782
56,31.1208,104.4239,-0.5577913256834117
592,34.1781,117.1694,-0.5574644251693225
90,36.1031,103.631,-0.5554001351734607
1406,41.644066,-83.54616,-0.5552630601974228
463,31.909,120.237,-0.5550141010991283
491,43.941,81.3364,-0.5536962725366805
290,37.9854,112.549,-0.5493533420227301
444,25.2697,110.2819,-0.548547292856363
587,31.9996,118.7356,-0.5482016690634964
315,31.8571,117.25,-0.5478814529208872
510,26.9056,112.5664,-0.546863100291241
897,60.22393,25.10244,-0.545393208045269
244,46.8032,130.3648,-0.5451754354394504
721,45.916943,6.135556,-0.5445165086124394
309,36.0658,120.4134,-0.5427662973862597
1086,50.13577,8.92157,-0.5407560108462102
657,29.8279,106.3787,-0.5404726044491155
221,35.4897,112.8676,-0.5398700572833219
465,31.737,119.579,-0.5397746569726051
222,39.3522,112.4397,-0.53802893121182
1258,41.606663,-87.30494,-0.5367374348790903
163,35.303,113.883,-0.5363365747414921
286,33.9528,118.293,-0.5363274227459823
1181,50.30886,2.807369,-0.5358131437245615
887,52.039023,4.359376,-0.5356723104072731
34,34.3622,107.2386,-0.5345938860898934
722,49.40619,1.15515,-0.5329803347118923
372,38.8661,121.5213,-0.5324727451908741
942,45.55879167,18.69876944,-0.5324598315788138
204,38.8411,105.6985,-0.5323603373029588
411,31.2071,121.577,-0.5317829517201357
17,41.0821,123.022,-0.5305248448295081
164,35.7636,115.0312,-0.5301414899552025
1173,50.900317,5.986853,-0.530065768524117
786,46.80138889,13.49388889,-0.529466919346888
1105,59.399355,18.077416,-0.5284885745100515
445,27.6253,113.8493,-0.5276536269316968
1338,38.48123,-77.3704,-0.5264032826955863
1015,48.17278,6.452811,-0.524854837394841
296,40.8336,114.8883,-0.5246147367368666
1195,50.0075,20.259167,-0.5239608122736212
217,39.3278,112.4072,-0.5234075880317652
1132,49.165508,9.224786,-0.522326234346673
230,35.0303,110.9686,-0.5194414199334807
1414,40.046665,-76.28333,-0.5192831745563641
464,31.354,119.818,-0.5184711999697902
533,30.5366,105.5861,-0.5183721410386216
625,33.4022,120.118,-0.513390914969137
601,27.0803,114.9754,-0.5128649401337195
275,38.2991,116.8842,-0.5108639340261979
185,31.6908,113.3833,-0.5085177125952415
769,41.47676936,2.088977264,-0.5065706485952965
1019,52.437165,-1.829999,-0.5061751793016971
392,39.0343,117.707,-0.5055149927000541
352,32.1875,119.6707,-0.503822289037773
1085,46.541047,24.559642,-0.5033742134473079
242,32.8911,117.4185,-0.5020152998126058
26,41.0879,121.1115,-0.5004949624905157
1242,35.2318,-77.5669,-0.4995400821285782
508,28.1308,112.8908,-0.4989342960742887
890,47.2225,-1.5375,-0.4989015211238539
1021,45.89,0.9,-0.4968308636979944
558,29.7535,116.0721,-0.4960383425866583
311,36.6868,117.0624,-0.4950463029178918
1175,46.329586,-0.458889,-0.4940660277501429
1034,43.66028,11.90167,-0.4926268539333612
556,29.5698,115.9773,-0.4915770753250097
117,36.4372,115.9848,-0.4914076969458218
210,42.2217,123.7153,-0.4910396859433029
1412,29.901035,-95.32613,-0.4908226016186345
576,38.4842,106.2757,-0.489495342585137
427,30.6465,111.3549,-0.4892333878808986
899,40.540351,-3.645253,-0.4886838814527847
930,51.746848,14.33447,-0.4881982136247969
220,35.4936,112.8318,-0.4861563454378065
1381,38.548138,-82.73116,-0.4860342327323823
1401,30.681719,-91.36625,-0.4849908391499436
423,32.0754,118.7997,-0.4839801359235142
693,43.30277777,-1.98444444,-0.4836333854685862
1451,33.9828,-111.79871,-0.4835930131130411
1410,29.68639,-95.29472,-0.4834767699398551
604,25.8481,114.9461,-0.4834726395131828
1057,52.349703,13.424304,-0.4821238605299214
345,34.2384,117.1918,-0.481945516880156
825,48.04944444,14.44277778,-0.4817140667295723
966,51.406846,6.965589,-0.4815229563934307
664,34.6692,112.3628,-0.4812732698147584
269,39.6973,106.8174,-0.4802352909539335
834,48.257474,13.03923,-0.4779290981551513
437,27.9153,113.0048,-0.4770269203699942
1095,47.86194444,15.32194444,-0.4757784270137461
1378,42.474644,-70.97082,-0.4746438240058639
989,53.63074,10.110595,-0.4743108847889339
687,45.183611,11.311389,-0.4733835815640504
224,39.3197,112.4258,-0.47037181390125
276,30.8669,120.0751,-0.4651018261323645
446,27.6434,113.8385,-0.4645056339960683
884,59.20243,9.4871,-0.4640590220635692
284,33.5039,119.135,-0.463851436438798
850,42.637192,23.243864,-0.4636174716882126
46,34.7965,114.2885,-0.461730895016712
993,47.62,6.157611,-0.4615368851711458
239,46.6365,126.9785,-0.4609149799491255
100,36.1989,113.1031,-0.4602800099699498
228,37.6982,112.6991,-0.4596545442645787
171,35.5307,106.7021,-0.4595490355446848
1190,49.784339,22.756239,-0.4594334886386602
181,34.5538,105.8945,-0.4574124309749423
176,41.1551,80.2613,-0.4569753679693217
12,46.586,125.153,-0.4567784552405484
20,41.8611,124.0436,-0.4543317508956336
112,37.4309,118.6614,-0.4540948033605184
551,33.015,114.0114,-0.4532642755344988
841,47.557222,18.420836,-0.4520213438241017
153,32.8929,115.8277,-0.4518293725465196
1422,44.616943,-86.109406,-0.4518146243414365
809,45.83611,8.80417,-0.4515358518679496
998,48.173194,11.648036,-0.4510333954123189
1353,40.56333,-78.919975,-0.4507387931136752
694,54.124819,22.038056,-0.4504304217575282
915,44.4122,8.1695,-0.4500236256802018
712,52.029194,23.149389,-0.4480184529429871
1080,50.970024,9.80026,-0.4479992027842823
75,40.7136,120.9092,-0.4450115735128308
778,45.54301186,13.71352366,-0.443146169450549
373,43.79,125.4605,-0.4414272784970442
830,48.733256,19.115268,-0.4405209962170971
321,36.6133,114.484,-0.4403134372402691
145,32.0564,112.1392,-0.43842599227725
939,46.23451421,15.262476,-0.4376828258398947
1054,40.62984,-3.17159,-0.437195298767101
1352,31.893913,-106.42583,-0.4337590783356653
1003,48.77586,5.162789,-0.4336084623456622
549,28.9398,118.8692,-0.4319726426168799
1331,41.058617,-74.25555,-0.4318334080253746
1427,39.52508,-119.80772,-0.4314359181760556
1445,35.988277,-77.5843,-0.4311414364390808
89,34.1978,108.985,-0.4302664670865896
765,45.809998,2.06,-0.4280560595205298
1115,59.316007,18.057807,-0.427230722523133
142,32.395,111.0419,-0.425593559146778
700,43.610497,2.23015,-0.4251260942690763
977,45.154075,26.818619,-0.4238321714808454
48,33.742,113.3257,-0.4231386965476183
488,43.9174,81.2996,-0.4228559637078848
773,48.40861,15.619166,-0.4219870592236889
139,30.2006,115.0817,-0.4215487362771395
116,37.4451,116.2991,-0.4208553435106715
976,45.56472,5.928333,-0.4206660972807657
1041,51.462734,13.526796,-0.4197859833126495
477,29.2617,117.1547,-0.4197387434547173
466,31.4,119.46,-0.4186819092488009
577,30.6558,104.0219,-0.4183396077325598
409,27.7844,114.3956,-0.4168610933806746
62,30.7236,103.9728,-0.4167764180000581
740,45.474156,28.034406,-0.4160373279590889
1418,45.49664,-122.602875,-0.4152002583251118
1058,46.064275,23.563517,-0.4149667066419966
519,30.1383,104.6295,-0.4142909493204578
583,41.7347,123.2444,-0.4134067589074111
340,32.02,120.87,-0.4114981215583447
1158,51.748103,18.04931,-0.4106944172904896
1274,41.53694,-81.45887,-0.4092217925229307
755,51.259431,22.569133,-0.4091147895536221
926,52.644169,13.483079,-0.4074678696116677
1225,41.31347521,2.013824628,-0.4065405529299578
777,46.13111418,14.99611517,-0.4056335550212277
869,47.913256,7.908035,-0.4044235250402163
382,39.9295,116.3392,-0.4031837876664739
768,50.429014,21.277367,-0.4029381738170818
1368,34.530716,-86.96754,-0.4027464095409466
820,48.753179,21.245046,-0.4025844091227962
739,49.357861,6.73354,-0.4019579961611016
110,42.2728,118.9576,-0.4015145259479429
997,55.862281,-3.205782,-0.4014911361375283
69,40.6655,122.167,-0.4008775426440732
123,34.5578,117.7276,-0.4007949027419782
756,43.16832,-2.63794,-0.3995475457553731
1069,52.398406,13.368103,-0.3985942945334866
927,54.88361,-1.406878,-0.3984046711116457
1435,41.49212,-81.67845,-0.3976259124849718
953,45.69802778,18.83463889,-0.3949355427247523
985,49.351124,8.423,-0.3949222267780111
162,35.7306,114.2878,-0.3946056007326957
1098,51.15013609,3.80873543,-0.3938667799614391
114,37.4674,116.3032,-0.3926083208986227
205,41.998,121.6094,-0.3922522214191486
801,45.463333,10.480833,-0.3907892763167602
599,32.3153,118.3093,-0.3902713686663763
241,32.9427,117.3605,-0.3900396101849247
93,34.9976,118.2794,-0.3897266848659828
165,35.7609,115.0574,-0.387354764158454
895,47.64892,-2.76399,-0.3865549253891945
188,30.5232,105.5582,-0.3865536904545356
486,45.6094,84.895,-0.3864157878978851
381,39.8863,116.4072,-0.3861064090216493
545,36.0621,114.4839,-0.3856802934317794
947,48.33472,16.729445,-0.3852778839100335
1109,54.334944,-0.80855,-0.3850295581924722
1226,46.586918,0.358583,-0.3832095190228965
648,28.3611,112.9581,-0.3831236441708813
574,38.497,106.1015,-0.3830285752688454
611,36.5482,104.1465,-0.3814301339774044
4,47.3386,123.9488,-0.3810826723636105
462,31.955,119.18,-0.3806607558557968
1017,53.187222,-6.121667,-0.3799391566526984
490,36.864,118.78,-0.3795561034922361
692,47.660056,9.485675,-0.3787905691069213
1186,44.564972,27.366081,-0.3776790922458519
379,30.6319,114.135,-0.3770300104760357
1010,53.56292,-1.510436,-0.3759738390558362
60,41.0971,122.9642,-0.3750547354297723
1002,53.37287,-3.022722,-0.3730718358190748
892,44.926111,10.370833,-0.3692457231681147
1033,45.038333,9.669167,-0.3690524678993966
1363,35.96497,-84.22317,-0.368616300348053
634,36.6428,101.748,-0.3681092401215048
140,30.2019,114.8988,-0.366593674476714
606,27.3033,111.5239,-0.3642598106751939
191,31.8896,102.2502,-0.3639938725896725
416,28.2264,117.0222,-0.3637738306885755
849,47.676111,17.649736,-0.3634324658230876
225,37.6945,112.7532,-0.3606050178760656
368,45.5419,126.979,-0.3595118299613894
151,30.9743,118.7385,-0.35859516972913
667,26.6027,106.7109,-0.3569219300554109
1385,38.11515,-86.60325,-0.3563421154460925
726,43.3069,-5.7057,-0.3563094730644773
946,48.930932,21.913705,-0.3559115659872305
1112,44.92467,10.5172,-0.3557420646810398
643,37.4442,118.5857,-0.3555224418030167
1217,53.24696,10.4565,-0.3532421912400311
542,27.7569,111.9561,-0.3525515692285129
43,36.1017,114.3551,-0.3523287956843291
675,48.962223,4.36,-0.3522421485826881
1171,43.5166,-5.6707,-0.3514797656273223
337,31.3097,120.669,-0.3503112306667977
209,42.3022,123.8139,-0.3479020903093034
326,45.7319,126.685,-0.3472708881061541
1083,40.314518,-3.716868,-0.346732684051464
362,40.7866,111.5512,-0.3457959246968758
334,31.2284,121.533,-0.3432918475996012
796,48.1061111,15.91944444,-0.3417136503517342
1273,39.70595,-79.012,-0.3416889072967989
831,45.148333,9.940278,-0.3415279516760364
1163,45.5476,9.16698,-0.3397928597975434
1329,32.726658,-103.12292,-0.3383359736540621
197,38.2839,109.7289,-0.3378725560821276
149,33.5698,114.0055,-0.3371263316570515
621,27.583,110.0394,-0.3367919125274103
85,34.2629,108.993,-0.3367599292586627
1315,42.139996,-87.799225,-0.3332784467958197
913,50.08148193,14.4426918,-0.3329880776177684
990,42.697918,9.446417,-0.3322198784243075
1228,46.9631,7.46252,-0.3317187947294822
1067,51.651166,12.302866,-0.3308436485385402
1141,49.672507,9.001981,-0.3304256879437872
682,47.809892,7.764528,-0.3283193395645404
790,46.835,14.84361111,-0.3269440803980574
322,36.6114,116.9862,-0.326420750361821
1452,40.27813,-105.54564,-0.3261631745112032
1000,48.021657,12.538174,-0.3255963476616116
1024,47.054443,-0.886111,-0.3255031300938622
260,47.3382,130.1097,-0.3242674783062542
285,40.8033,111.6572,-0.3235900574845484
298,34.77134,113.65724,-0.3228766571538192
134,32.9735,112.5003,-0.3220838391952885
1055,49.73244858,13.40228081,-0.320934064729462
1076,47.3868,8.53981,-0.3194902000149209
1386,41.81305,-88.07283,-0.3174214220273576
1068,47.145014,23.877389,-0.3161166605815944
1340,29.723333,-95.63583,-0.315344943950185
141,30.2092,115.0307,-0.314615995878598
86,34.2173,108.9356,-0.3133109091114815
1343,41.78472,-72.63167,-0.3131722249743303
219,35.5051,112.85,-0.3130883176383869
514,28.6842,115.9314,-0.3122168547724488
387,39.6334,118.1725,-0.3120907376614152
367,45.7733,126.689,-0.3115595631814117
763,46.17,1.87,-0.3111924546043859
733,48.051117,7.011114,-0.3105670046189558
900,66.3217,29.40157,-0.3103932015690633
684,50.010575,19.949189,-0.3101982121207119
832,48.53111111,14.57472222,-0.3097426925207658
66,39.8129,110.0023,-0.3093959152474401
1176,44.825,11.649722,-0.3091290988423171
673,49.419528,8.6767,-0.3081391238962183
152,32.2786,118.3244,-0.3076387386582365
1444,45.25928,-122.58815,-0.3067005610791091
919,48.376576,10.88837,-0.3057442731141283
674,50.007629,18.455548,-0.3049585041710964
779,45.93766834,13.91156335,-0.3046514404698902
407,31.4741,104.7778,-0.3040860312515189
808,48.782852,20.987197,-0.303037764837529
1382,38.06503,-84.49761,-0.3008187898526935
359,41.7406,123.505,-0.3005628523807699
590,37.9844,106.2025,-0.2993410071223258
1111,47.47706,11.05722,-0.2992658816809714
370,43.8325,125.1761,-0.2973489552479217
206,42.0224,121.6717,-0.2951277257882271
980,51.317905,12.297411,-0.2938472398037171
137,32.9771,113.9976,-0.2918182305250945
1255,38.013332,-87.577225,-0.2915585300979011
715,43.6287,0.179069,-0.2905781104298288
824,44.5,11.286111,-0.2903340139168771
710,49.23290634,17.66717529,-0.2877798869389022
921,48.773072,8.220214,-0.2875252253852003
1425,40.304695,-79.50567,-0.2870852877118492
690,44.3818,7.5382,-0.2868557040418935
283,33.6067,118.989,-0.2855640390099487
492,26.3108,117.7275,-0.2855550201159497
517,27.5578,109.9972,-0.2854982722248254
353,41.7867,123.4678,-0.2838111035516381
1428,30.260279,-81.45361,-0.2820651958016181
1393,33.578335,-86.77389,-0.2806463925910565
377,43.9027,125.2863,-0.2788727934541002
1214,45.297325,27.949461,-0.27782061283452
1245,33.81468,-80.781136,-0.2767840478900653
1319,39.866833,-88.92559,-0.276341960796933
148,33.5698,114.0261,-0.2755812737580403
1413,41.094967,-85.101814,-0.2748881671651002
202,41.2991,123.149,-0.2742307470883623
1298,64.84569,-147.72742,-0.2735581210122435
1102,50.010325,8.451527,-0.2733937371078783
308,30.6217,114.3646,-0.2730336904476677
1155,43.26444,-4.06278,-0.2712123442666836
1135,52.22174,-2.736665,-0.2710418845010172
936,50.85780611,4.288706017,-0.2705514591869487
836,44.79361,10.33167,-0.269437383903289
509,27.3125,105.2864,-0.2686156340561804
1396,34.015434,-84.60742,-0.2685534712909833
770,45.4512,7.878,-0.2668727158712976
231,38.4519,112.7383,-0.2668297826512664
964,49.300731,8.700103,-0.2659011828175278
49,33.737,113.2919,-0.2653016102586722
27,40.8434,121.0533,-0.2652973053411624
132,33.6347,114.6758,-0.2652219185275035
1420,35.158688,-78.728035,-0.2652215189109504
1334,43.05235,-76.05921,-0.2645343011891946
736,49.254344,6.867744,-0.2643800026505578
1328,41.05192,-73.76366,-0.2623133412185951
716,49.94498825,17.90953064,-0.2619666517021018
32,34.3672,107.1906,-0.2613700343848534
37,41.7166,86.1972,-0.2598972160428803
563,29.6038,115.9114,-0.2595885765633458
1124,45.690278,9.643889,-0.2593799270067675
484,35.546,112.8453,-0.2587050795917749
1322,40.816,-73.902,-0.2577125365063287
1268,40.026035,-82.433,-0.2576042755530626
666,26.5424,106.674,-0.2570624304937774
1332,35.9138,-81.191,-0.2564616006479616
291,37.8195,112.57,-0.2558255221430897
540,28.2558,109.6414,-0.2555030972902895
1356,39.96111,-77.475555,-0.2546561853544765
1089,48.12027778,14.878333,-0.2543034170566742
704,45.569,8.1876,-0.2539457598559181
619,30.9413,117.7807,-0.2531780103310292
803,48.16206944,16.52561389,-0.2524563487146588
564,29.8566,114.2936,-0.2506679180179084
924,49.544078,8.465281,-0.2488268499466979
1248,41.4271,-80.1451,-0.2479247123834348
870,52.800773,10.756733,-0.2478549880590359
863,52.602056,11.850274,-0.2475927439134619
19,41.8822,123.9161,-0.2451542178263021
324,40.8369,111.7516,-0.2442650680924379
1432,36.60843,-83.73694,-0.2439881744360549
948,46.6775,12.972,-0.242827484626981
1362,41.265556,-75.84639,-0.2423156183712242
1391,39.749027,-86.18627,-0.2420167616466332
691,48.001511,7.832122,-0.241254981043253
656,36.0822,111.5169,-0.2399030598315093
1293,35.614132,-97.47508,-0.2379637724611984
818,45.772167,3.0875,-0.2379056067871966
1104,51.75816,10.61248,-0.2349117683027109
417,28.2475,117.0311,-0.2334204154072044
743,58.370556,26.734722,-0.2333487109569909
104,36.0714,111.5028,-0.2330319705684302
799,47.09436111,15.41511111,-0.2322398128023872
1341,29.625557,-95.26722,-0.2299144591560291
289,30.4183,120.3019,-0.2288926639330233
860,43.28334,5.511384,-0.22841211119811
1194,49.18742,6.910867,-0.228274099291934
1004,51.52229,-0.125889,-0.2279608713037061
127,36.7023,119.1437,-0.2279332255533095
262,46.6554,131.1524,-0.2272604472011006
550,30.3714,114.8989,-0.2247040592063844
18,41.8491,123.7977,-0.2246795249590051
53,30.3544,112.2008,-0.2230058039389288
1377,43.97462,-70.12461,-0.2225600604682197
1027,49.90167,2.304597,-0.220533650406404
264,47.4311,128.5159,-0.2205045434062266
641,24.7791,113.6735,-0.2197711250077226
1399,32.362606,-88.27799,-0.2195292451534809
876,44.99694,11.07083,-0.2189489602121985
474,30.2111,120.2072,-0.2183417331565158
805,46.05184,11.45389,-0.2177061787970292
332,45.6842,126.6206,-0.21748037182153
357,32.1328,119.4303,-0.2173512715877154
1081,51.90158,10.48132,-0.2169224836723864
901,48.68817,6.190431,-0.2165337843079207
804,48.124711,17.125496,-0.216247850160431
724,43.32074,-3.11272,-0.2157457370326438
891,42.516944,1.56525,-0.2153289006651994
882,51.60308,4.781016,-0.2150464370367801
292,37.8692,112.5369,-0.214409768682341
146,32.1142,112.1825,-0.2135749956107622
28,34.6886,112.494,-0.2134049512806963
255,45.6077,122.7911,-0.2129479659100263
196,38.2911,109.7456,-0.2126590163563381
1276,38.81194,-76.74417,-0.212355088804578
455,36.885,120.515,-0.21185639944627
250,50.2524,127.4833,-0.2118383978874743
812,47.27129,11.4169445,-0.2112199204468838
1433,40.56252,-80.503944,-0.2111709796651885
1287,36.109005,-79.802315,-0.210929210481979
175,42.8328,93.4961,-0.2085201228728887
978,44.865555,-0.939444,-0.2081508617726853
1260,32.82006,-96.860115,-0.2064024077005337
965,45.59667,5.918611,-0.2051533338599639
815,49.028057,2.750278,-0.2045651700026348
304,36.6116,114.5302,-0.2039022868877224
1042,53.924712,9.532635,-0.2026611545721904
1321,40.72099,-74.192894,-0.2025283358786846
793,47.06701111,15.49368889,-0.202359916769841
344,34.2761,117.179,-0.2007235005336126
238,50.2472,127.5291,-0.2007200236120374
961,50.79664963,4.358623958,-0.2006995968215281
1221,43.4015,-5.8028,-0.1999231087953229
781,48.167961,17.106244,-0.1988836663804851
448,31.172,120.658,-0.1983888115462946
917,47.72514,10.306561,-0.1976947845828107
843,43.223044,27.587239,-0.1972280440577789
299,34.80246,113.67526,-0.1971772419809846
35,34.3617,108.7233,-0.1970998865556403
772,45.515278,10.219444,-0.1946766180124605
984,54.09323,10.240596,-0.1946564137568093
1369,43.176674,-85.41661,-0.1927428316964011
1106,50.84971052,4.33410368,-0.1923165548202164
1250,44.18089,-85.73898,-0.1920017869126037
1222,49.23074,7.003174,-0.1918986018984356
526,27.8851,102.2685,-0.1904125359588599
658,29.4875,106.4782,-0.1900633246361124
1125,47.565439,14.244676,-0.1898761482579498
1119,45.623056,13.7875,-0.1896680102175761
918,48.904228,11.948795,-0.1893991754730443
1394,33.553055,-86.815,-0.1893726716793512
187,32.4287,105.8628,-0.1892320548582902
179,44.3075,86.0697,-0.1864205704431374
1170,43.5915,3.88681,-0.185791115958385
697,49.66958237,12.6778841,-0.1850560496294357
718,41.096667,-8.555833,-0.1843118098385282
426,37.3753,97.3731,-0.183550410250147
627,22.5978,114.297,-0.1829259353404818
738,45.431539,28.054742,-0.1807547949572218
994,49.872303,8.664619,-0.1795444907052964
1047,51.862042,6.874469,-0.1794405667609599
822,41.99917,21.44084,-0.1782335324198521
1358,40.24699,-76.846985,-0.1776065970189239
1282,35.500103,-82.59986,-0.1775456036232308
1456,31.954287,-84.08101,-0.1757069121941056
442,36.7729,119.1936,-0.1728990258918974
677,43.2561,-5.7759,-0.1722964443668231
207,41.1953,123.2,-0.1721601731662602
273,37.7541,115.6838,-0.171123842495249
909,49.41123199,14.67638874,-0.1705833995846767
1,41.1442,123.0485,-0.1684655896701163
1148,45.1619,5.7356,-0.1677946397772112
1075,44.319639,28.610292,-0.166769104447004
1380,44.310555,-84.89187,-0.1665669113230632
922,47.649258,26.249011,-0.1649747985629879
1270,41.515053,-81.24991,-0.1646806489908963
458,31.381,120.999,-0.1635255191157172
277,39.5269,116.7244,-0.1631588195386239
536,23.4835,111.2711,-0.1626313361439295
686,48.610363,7.781631,-0.1625666665448991
1028,44.39703,8.20604,-0.1619195712717365
1306,44.70735,-89.77192,-0.160629609128154
842,47.091111,17.901122,-0.1605524414553567
1283,35.9359,-81.5306,-0.1597226962931597
424,33.774,113.182,-0.1590921290834175
967,53.480927,9.857223,-0.1582742092576088
1318,42.04915,-88.273026,-0.158073372039014
295,40.762,114.8902,-0.1578535947796959
759,45.84083,9.34889,-0.1573236692535142
361,32.4625,119.9189,-0.1572189451065904
254,45.1722,124.7965,-0.1538657343965951
532,27.725,111.9975,-0.1536623209781158
431,29.8253,106.4213,-0.1536602167568945
130,32.1195,114.0775,-0.1534289261626893
301,34.7525,113.64164,-0.1530378909424651
1354,40.814182,-79.56475,-0.1528224920997355
1039,50.766815,7.973542,-0.1522907915039495
1137,44.82112,20.459113,-0.149972469950996
952,46.951,7.44087,-0.1496725024104005
1071,47.664361,9.169289,-0.1473799320067466
807,47.410164,9.653713,-0.1460631705756703
612,24.6947,108.0497,-0.1440675228944689
785,60.608299,15.6294,-0.1440455094122425
1361,41.44278,-75.623055,-0.140839531652768
412,25.8333,114.9322,-0.1397800178231718
1303,33.588547,-84.06961,-0.137825076844701
268,30.6764,104.1419,-0.1376438532426777
867,51.207944,10.450997,-0.1373331497104435
828,43.9275,12.224722,-0.1362750747455176
988,47.34414,0.653778,-0.1350151157721732
885,51.407365,5.393328,-0.1337031457869916
108,37.8703,113.5614,-0.1295090443846585
97,35.2375,115.4747,-0.1290725383610902
1365,41.61524,-71.72,-0.128169346885832
1145,50.42864609,14.91385937,-0.1279723513664571
685,48.85731,7.314175,-0.1273908467790939
1164,43.675114,4.62921,-0.1264469591242377
1257,41.182465,-81.33048,-0.1247869753750425
705,45.5588,8.0564,-0.1242063618636494
645,36.7019,119.12,-0.1238147826618643
1398,27.939747,-82.000084,-0.1232126742236366
1449,27.946688,-82.731766,-0.122811014885773
1029,42.53417,12.52194,-0.1222188226878343
451,26.4365,106.6555,-0.1221954242390776
859,43.305286,5.394716,-0.1214323003462957
1392,38.71085,-90.47606,-0.120989843331829
1269,44.351696,-68.22698,-0.1209763147323193
975,49.628771,8.364779,-0.1200729296117946
951,47.4387,8.57012,-0.1187452947651768
1079,41.91614,0.191101,-0.1164494569529592
476,46.7432,82.9994,-0.1160538749418618
565,26.1028,119.2984,-0.1154517762060053
879,41.53583,20.6989,-0.1147342424168578
776,46.651838,16.196777,-0.1121900085419715
871,54.436985,12.721938,-0.112157884925617
1455,38.23887,-82.9881,-0.1116015945238867
1183,51.303394,6.819887,-0.1107279608671279
974,49.841221,7.866222,-0.1079711145134131
771,43.3583,-5.8664,-0.1076605391096235
1049,50.877923,12.0749,-0.1076273516087813
121,36.4847,117.8525,-0.1066285977398782
1342,29.583048,-95.01554,-0.1063785026755294
766,45.848333,11.569167,-0.1034354193181388
833,47.71611111,13.63222222,-0.1027776544245486
1440,47.5525,-122.06472,-0.1005563515627077
135,32.9692,112.548,-0.0999092526739102
1324,40.283092,-74.742615,-0.098372866236789
133,32.9917,112.5192,-0.0973837898977399
38,36.6868,117.532,-0.0964169709389399
1196,44.938125,26.044994,-0.0961018731763367
1032,45.60222,9.27611,-0.0956039426854797
303,36.5713,114.4918,-0.0936161005248482
40,32.1059,114.1099,-0.0930125998555098
866,50.979455,11.037924,-0.0907385655746818
272,37.0886,114.4704,-0.0889975052689659
126,37.5433,121.3719,-0.0882187421841548
1025,40.67354965,22.89343834,-0.0864192361262738
1090,50.221941,8.446079,-0.086260323566585
695,49.50260925,18.53856087,-0.0856998326894172
1372,46.81826,-92.08936,-0.0850143021234676
170,35.5461,106.6692,-0.0832093471193272
1138,52.401352,13.059945,-0.0829455150332719
166,31.0386,112.2213,-0.0823876943123018
1290,35.587143,-83.07416,-0.0793084033500713
136,34.4045,115.6458,-0.0786944662874198
620,27.7314,112.0194,-0.0786745487932408
457,36.253,120.014,-0.0781155445110271
1174,52.077148,4.289185,-0.0769952778570117
1297,48.5103,-113.99681,-0.0763352158166104
129,36.2017,117.0885,-0.0746642069536117
65,40.6288,109.8642,-0.0721861287912087
940,48.248993,16.357079,-0.0688499233613241
178,44.2967,86.0497,-0.0666224743807945
1389,39.40745,-94.26537,-0.0661878394945198
632,22.5311,113.0219,-0.0656298334159916
649,28.793,104.6055,-0.0644855846566264
240,46.6528,126.964,-0.0635732733342452
1429,40.689255,-122.40219,-0.0628826221830234
1302,37.1655,-78.3069,-0.0628399631298323
543,29.315,110.4417,-0.0625422903061282
760,47.594257,1.302667,-0.0619407744708811
806,47.128863,10.034324,-0.0613210761939179
817,47.8055556,13.043333,-0.0610865305258564
852,42.432356,25.637389,-0.0609908456138298
732,45.9225,6.87,-0.0606598565914875
1320,40.136337,-111.6605,-0.0590195865605709
1271,40.0877,-82.95977,-0.0582606576051327
1122,43.867496,18.423061,-0.0581668069397246
735,45.475327,4.515003,-0.0579576140552106
155,31.737,116.5079,-0.0579362908974454
515,26.8956,112.6211,-0.0565567593921952
552,28.6542,121.419,-0.0564352313923785
1384,42.334984,-89.03777,-0.0563074086952428
683,45.6725,12.238611,-0.0545925480666511
150,33.5699,114.051,-0.0545622586868684
1040,53.060045,8.916966,-0.0526185329099741
418,28.2642,117.0564,-0.0502224389183287
880,45.0028,7.8375,-0.0500831766532416
1180,56.15976,10.19364,-0.0485560634690057
1197,44.429489,24.351389,-0.0481373865475461
750,43.2757,-5.596,-0.0450784331081059
1131,46.112775,24.22805,-0.044615386177986
571,25.0492,101.538,-0.0443090899091232
521,30.5944,114.3014,-0.0442225303771513
816,49.211447,18.771215,-0.0439231985937817
327,31.1907,121.703,-0.0438879456954564
537,23.7233,114.6892,-0.0421064322828994
1178,40.39472222,-3.73194444,-0.039916692434527
616,38.0378,114.5481,-0.0369806724235746
1277,39.42689,-84.20077,-0.034526715321437
729,46.072224,5.820833,-0.0342758925467672
81,43.831,87.6432,-0.0331847937040178
1454,39.96528,-76.69945,-0.03259687993181
1121,50.85205095,4.347777506,-0.0324248945141474
358,41.6989,123.4231,-0.0323874280329961
270,37.7124,112.469,-0.0314708732286757
1066,45.263142,27.969506,-0.0273510108801633
752,45.3189,8.4024,-0.0269016747479673
826,45.1546,7.658,-0.0260145931766348
248,30.8792,117.7439,-0.0251813763348505
800,45.655,10.20083,-0.0246513038707442
600,26.5917,104.83,-0.023705727443147
1044,53.064262,14.285139,-0.0231211420939888
1060,46.564369,26.910667,-0.0223306544243341
1295,41.6175,-87.199165,-0.0222162891370472
527,27.8914,102.237,-0.0221436746055893
1216,51.54052,5.85307,-0.0214293243895974
193,30.0475,101.9603,-0.0198451239927411
1013,49.276386,2.482167,-0.0193432686486972
16,43.8358,126.5844,-0.019071192176802
294,30.7478,120.726,-0.0165023279607934
709,52.407578,20.955928,-0.0164810920045524
30,36.6106,109.5056,-0.0129249396601408
1177,43.3665,-5.833,-0.0112119205817072
232,37.5211,111.1406,-0.010601504385623
528,26.5892,104.8,-0.0101877371450489
596,33.965,118.283,-0.0098906733400779
1347,37.71325,-119.7062,-0.0093070992462797
234,42.8845,125.1358,-0.0091688702627483
1188,53.59617,8.09059,-0.0083878184865202
662,35.4887,112.8508,-0.0078980488510611
602,44.0114,87.2997,-0.00778402986382
1310,45.2384,-86.994,-0.0054503165445446
906,46.08253,10.95804,-0.0045983790533823
737,49.233464,6.987601,-0.0021544362657767
541,27.7044,111.9892,-0.0012717841602196
567,26.0746,119.317,-0.0006762503807312
898,47.737415,7.309075,0.001992326860823
857,47.430833,19.184175,0.0023420705505794
1253,48.41252,-92.82922,0.0025216421928509
572,38.4418,106.2266,0.0029255723180806
401,28.793,104.563,0.0040827821920235
1005,44.7037,8.0333,0.004372843041425
138,30.2313,115.0601,0.0045901342849754
561,29.6547,116.0172,0.0046035353601963
1357,42.14175,-80.03861,0.0054286540879322
881,51.468662,5.47235,0.0064699668947392
2,43.8306,126.555,0.0084189590001983
374,43.8805,125.3297,0.009189366308701
1312,32.364567,-88.73149,0.0113087096617092
404,24.8886,102.8204,0.0118239736660725
288,30.2692,120.1903,0.0129252588845328
744,43.34639,-4.06417,0.0133326930230068
1149,43.3094,-2.0109,0.0148040876849535
679,48.899233,9.172792,0.0153453934897507
1314,30.085262,-93.76134,0.0162621889671519
1426,30.848612,-85.60389,0.0171591835628727
1374,42.19438,-72.555115,0.0196967970490709
1012,46.137222,9.385,0.0209349150825815
1254,34.002747,-89.79919,0.0216560857344606
846,47.105278,17.556667,0.0221695743091713
650,28.7728,104.6201,0.0240145868576825
972,46.934128,26.38925,0.0270946114969326
52,30.3197,112.2494,0.0276143370179409
1330,40.92458,-75.06782,0.0279018030037246
923,51.054558,12.141322,0.0287814617781846
1053,50.125332,8.746343,0.0306182022375223
1359,40.46542,-79.960754,0.0318083159222705
472,35.176,113.2467,0.0344941764947072
341,34.5885,119.176,0.0345953556353998
1078,41.03028,21.33667,0.0372222486612103
329,31.3008,121.467,0.0376080183438222
480,27.5002,114.0997,0.0381163908041413
707,43.230297,0.062339,0.0385543606136271
184,30.1256,104.6296,0.038821554822836
1130,51.47707,0.317969,0.0390704126936636
1339,38.8577,-77.05922,0.0394611369587075
889,50.74823,2.25978,0.0403952381254172
758,45.47833,9.23583,0.0409694568429814
794,65.04338,25.4979,0.0416024730571243
402,29.4906,106.6349,0.0417660808717599
969,51.453459,6.86505,0.042302033901684
1229,47.3815,8.56592,0.0427717601588109
1351,29.733727,-95.25759,0.0430094374693107
894,50.159406,19.477464,0.0435666502878101
249,30.97,117.8483,0.0456493094439539
406,30.1819,120.2697,0.0461069115813196
14,31.6837,118.5092,0.0463924971375241
335,34.2778,117.2933,0.046902177296455
1219,47.60472222,15.67305556,0.0483212951707268
1206,45.238642,19.835704,0.0484509730727647
823,45.1763,7.7116,0.0486345765066335
775,46.06554495,14.51272032,0.0489901480264144
774,47.40555556,15.36083333,0.0509867080126962
762,45.158745,1.537222,0.052886897002059
647,36.8406,118.0253,0.0553010272837443
42,34.6258,112.4267,0.0556816267217348
956,44.9513,7.6362,0.0558947256225163
908,49.73508453,16.03419685,0.0563431086984794
1153,41.63528,-0.89361,0.0593424359929763
1099,57.810833,15.564736,0.0595540401720472
1349,43.1818,-87.901,0.0599768343527554
995,53.56414,9.967882,0.0619239658393648
1301,34.785217,-84.62643,0.0631060481600993
742,45.871406,22.908594,0.0641926118395811
1244,34.09396,-80.9623,0.0673984568513688
767,44.013056,12.42,0.0677531710743546
8,44.5963,129.5904,0.0681618805944151
593,33.3663,120.1544,0.0683274186478757
1154,41.66638888,-4.715,0.0701762587574012
174,42.8172,93.5128,0.0711045942589989
279,41.0026,117.9268,0.0713908753649793
934,47.5292,9.9267,0.071990813445023
316,31.7964,117.3027,0.0720354176376541
1419,41.645382,-70.89751,0.0750591349983522
1421,39.46048,-76.633545,0.0752147144449163
1220,43.25811,-2.97344,0.0758121930079703
633,36.5819,101.834,0.0775646339029698
3,47.3636,123.9305,0.0780775967517877
1223,47.0677,8.30068,0.0791795128320564
1045,41.932892,12.506947,0.0802343313538251
579,30.0003,120.5483,0.0806437047883607
813,47.04735,16.07905,0.0836463373295117
844,64.244226,19.767238,0.0872053459169942
868,47.739919,26.658519,0.0873424745510661
979,51.396095,12.234054,0.0875103103812839
428,30.7819,111.3275,0.087547519826678
211,41.5881,120.4318,0.0878748484161528
1142,46.632142,27.730886,0.0882980583738034
949,50.81487387,3.322494319,0.0886238812662017
167,30.4742,114.9028,0.0891845730079922
1084,52.25534,8.05286,0.0893842306076051
554,22.5545,114.1063,0.0901383594938025
584,41.7173,125.9358,0.0907457279048803
787,49.50504,5.97694,0.0909267655961169
25,41.3472,123.8142,0.0910073486045113
680,44.9089,8.2055,0.0923664271598293
1262,36.085506,-83.76481,0.0940149579441645
1215,53.694628,19.968892,0.0947776171754202
475,29.3867,117.3102,0.0961531308839568
1211,42.736572,11.87643,0.0970156804794698
338,31.3708,120.641,0.0973136558087277
819,45.6642,8.1598,0.097503045759506
996,49.32273,11.02792,0.0988036449671836
855,42.142889,24.765239,0.0994957492784874
1296,43.4351,-89.67979,0.1019043136635097
1117,51.0612777,3.77526239,0.103728121966687
581,42.0353,119.2658,0.1050472340205621
960,51.25210341,4.491362028,0.1061724851254082
838,45.1391,7.0501,0.1080084432601171
570,27.9939,120.6748,0.1084943724505482
1263,36.019184,-83.87381,0.1092735729686918
848,46.62936,14.28931,0.110493829897213
973,49.446,7.7673,0.1122122043134536
1143,52.411563,-1.560228,0.1133873401114828
440,29.3547,110.5594,0.113750215148929
1026,43.623608,1.438531,0.1140961850746442
886,53.246535,6.608937,0.1148483707574512
233,37.5136,111.1297,0.1149062825120084
454,29.6963,118.2903,0.1153696220194369
1267,35.85611,-78.574165,0.1169842916903151
706,42.09791019,1.848237224,0.117191176292472
154,32.8605,115.8554,0.1192919091119748
878,43.293137,5.574184,0.1194462769278922
646,36.6331,117.9592,0.120219083698514
333,45.7478,126.593,0.1208963256412204
896,43.1804,-2.2682,0.1212709943577755
655,30.5767,104.0594,0.1215121941406154
11,46.408,124.902,0.1226264521463951
925,52.99875,11.73846,0.1274304133063229
597,25.0441,101.5482,0.1274499789158663
1230,49.28222,4.051111,0.1284083549209176
654,28.4586,119.93,0.1289462325282099
1235,40.3597,-3.5429,0.1297824479008622
970,51.698954,7.122684,0.1299425192999524
1014,50.32276,3.39593,0.1300841012338221
1323,43.14618,-77.54817,0.1301451489529182
1126,49.079012,19.3025249,0.1318785079893776
1165,43.0819,-1.9127,0.1362654200391947
1335,42.09142,-77.20978,0.136691573754898
1252,42.416637,-83.90218,0.1367236486272987
51,30.7856,106.1064,0.1378668081660822
131,33.6128,114.6613,0.1384010609184366
494,25.7759,113.0348,0.1391289172675495
1251,35.59095,-78.4622,0.1391884815501885
120,36.8103,118.0414,0.1414311952520106
64,40.6821,109.8538,0.1435435560243904
1097,51.05833172,3.729298172,0.1439107019378218
1118,50.65844442,5.627835291,0.1451532110894664
432,29.7228,106.6263,0.1459977360240843
36,34.493,109.4636,0.146155107544004
386,40.217,116.2296,0.1461703525230875
1333,40.06483,-74.44405,0.1467471132890607
1409,43.54792,-96.70077,0.1477090561677299
1202,42.284,21.2738,0.1524803422605889
1311,40.712776,-81.598335,0.1542927685341295
585,31.2864,120.628,0.1543668803087676
398,29.7166,106.6205,0.1559952377564708
1350,42.51831,-89.06347,0.15651756405138
651,23.1522,112.5544,0.1566418336855071
968,50.889871,6.985074,0.157648091755138
263,46.5656,131.12,0.1582847076907917
1379,32.50996,-92.046196,0.158353311786825
223,39.3617,112.4575,0.1586886583902572
1256,39.48599,-87.40131,0.1615423302949726
506,27.7344,109.1839,0.1616403168343139
751,49.259552,2.474397,0.1630941234018089
507,27.2272,111.4328,0.1631616863983704
746,42.14326062,2.510206967,0.163335541192012
1308,42.5956,-87.88576,0.1633520762428408
875,40.641111,-8.100556,0.1650022394621444
383,39.9611,116.2878,0.1657677947654843
862,51.921389,4.401389,0.1658258237948039
548,28.9666,118.8709,0.168010968797913
415,28.9634,105.4324,0.1702381914548835
366,45.7667,126.635,0.1707466595716207
840,54.68611145,25.2108345,0.1711738444373026
319,38.9108,115.4713,0.1720504868721734
421,27.8246,114.9231,0.1726142196359812
1150,51.799722,16.3175,0.1730504898497251
226,39.9289,116.4174,0.1738668876215758
727,47.651725,23.570508,0.1759510459808599
902,45.038831,24.298631,0.1789502418520096
999,44.98375,26.015214,0.1789574965923356
82,43.8711,87.5525,0.1792860288674907
1043,45.411864,28.005967,0.1794133997551753
1146,49.514959,8.402331,0.1796713467794603
1237,41.9356664,2.238568301,0.1816573893168507
610,30.8955,120.0875,0.1830531114874642
378,43.9166,125.3325,0.1845103724280372
782,42.157856,11.908954,0.1847295151792506
399,29.4572,106.3754,0.1850680219107492
1182,51.839382,10.790143,0.1850854820339462
698,49.77012634,13.36822128,0.1882614807546221
23,41.2864,123.7669,0.1888424979840145
797,46.7675,15.956111,0.1895902023467431
717,43.404011,21.947746,0.1922774235892557
1140,50.68352509,14.04119492,0.1935765431948815
1403,29.939613,-89.92388,0.1961819485262582
349,45.7258,126.6411,0.197117370066138
689,43.25055555,-2.155,0.1979384879829444
518,29.5844,103.7627,0.1984638376202054
553,24.8978,118.5972,0.1998127101514013
1020,45.560556,11.539722,0.2011238427418741
422,32.0023,118.7752,0.2016950234272492
1070,48.889039,8.665536,0.2023282148544245
1280,41.420883,-82.095726,0.2040920837421683
71,40.1503,124.4256,0.2048445940949347
745,40.41666666,-0.24916666,0.2052661543099161
636,23.4714,116.7519,0.2053820328828519
1278,41.24045,-80.66272,0.2086867183227684
356,41.8411,123.5903,0.2086973303554976
883,50.736389,15.739722,0.2090138892928197
1007,48.9964,1.7033,0.2092083233904766
456,29.7178,118.327,0.2093643419235675
1367,41.3014,-72.90287,0.2094268576033461
430,29.3578,113.1094,0.210241244008208
1281,35.76541,-82.264946,0.2106763977374623
522,36.1758,117.1089,0.2110638886326987
821,45.1758,7.5602,0.2112879640877917
1018,45.000278,9.009444,0.2120286914837618
623,33.5828,114.0138,0.2125212858907471
1127,45.5966,7.76643,0.2146951674744844
1009,55.79216,-3.2429,0.2156531305198292
1289,35.379166,-82.7925,0.2171295706030826
1199,43.650722,25.363583,0.2188856271184071
1376,42.099697,-71.6194,0.2195466412212012
986,46.802376,4.417486,0.2206486709187737
524,29.9833,103.0111,0.2208548250322481
1134,45.736694,21.250808,0.221859333426228
1423,35.43477,-83.44213,0.2225721249068647
877,46.256617,26.792892,0.2238279359845739
904,50.78944397,14.08679867,0.2251677390966415
741,59.4944458,25.9305687,0.227050377693509
827,45.193889,9.164722,0.2290989522033781
811,43.39873,6.075611,0.2298016107473176
858,42.732292,23.310972,0.2309022799952313
1411,34.623238,-82.53206,0.2313466968175205
256,45.3001,130.9762,0.2314218379266919
33,34.3739,107.1186,0.2316095262917392
1375,42.298492,-72.334076,0.2329124590561899
102,36.0783,111.5531,0.2332888519321
425,29.9572,121.713,0.2342761106566043
1091,46.708333,14.891667,0.2352632811126224
669,29.4251,113.1493,0.2368833587226531
1187,43.285,13.42861,0.2390103810336441
1326,42.68075,-73.75733,0.240335353902
945,48.27329,14.31479,0.2415512890162869
1136,42.45639,14.23472,0.2425119862729052
147,30.9891,112.1969,0.2425652834600665
1404,39.99139,-75.08083,0.2445536364895598
1046,40.33639,-1.10667,0.2449035531256933
459,31.656,120.734,0.2452698495155784
714,53.134088,17.995712,0.2467792328027002
1265,35.233475,-85.18158,0.2498022256344563
788,47.541944,19.146122,0.2518677479514206
847,41.97833,21.47,0.2529226646653694
719,47.27476,4.099476,0.2533094872609621
955,47.4067,9.39438,0.2547245005757714
957,47.0674,8.46333,0.2548979669103993
468,47.8517,88.1264,0.256263648561809
784,55.072222,24.283894,0.2575661759244016
1064,56.2904,8.4274,0.2579693907877395
991,47.2474,6.015419,0.2605988056524287
441,29.5102,106.5777,0.260951251616947
144,32.5714,110.8839,0.2617553493126778
829,46.143173,-0.396042,0.2624394410675569
80,40.6532,109.8756,0.2637933731266933
1036,51.360755,9.271233,0.2646532956668021
987,49.052284,8.253538,0.2648711826984511
252,45.1214,124.8006,0.2660936399382129
1395,33.545277,-86.549164,0.266739216845845
613,30.7525,120.7846,0.2681864266059909
605,27.2442,111.5283,0.2684018441085593
300,34.81334,113.56746,0.2684939745351205
874,45.60822,5.270872,0.2692816948250091
1383,39.117218,-94.635605,0.2698603273029075
702,60.37288,11.07407,0.2710796004334823
5,47.3227,123.9483,0.2715755896031204
1001,47.73344,12.891241,0.2726087544525183
266,48.471,129.5029,0.2745899597056279
73,40.1092,124.3633,0.277156798875094
1168,43.79306,11.09778,0.2785699303295111
1169,45.84299,13.54308,0.2815020287841619
7,44.561,129.61,0.2820869125599481
1108,40.3419,-3.8337,0.286981933681112
598,26.4214,111.6156,0.2881537410994175
723,46.19583,6.240556,0.2902591562542952
478,27.72,106.9178,0.2932344019703438
971,49.438464,12.548869,0.2937983717020559
562,22.2281,113.299,0.2945072656311356
1390,38.65643,-90.19835,0.2953334741886902
1241,35.507225,-82.96362,0.2995478796773437
791,56.00833511,21.88694763,0.2999077770869187
1207,38.748611,-9.148889,0.3000731655611744
1120,50.94535924,3.15240159,0.3027485669322635
1434,43.68578,-74.98538,0.3049297631325091
405,28.7562,104.639,0.3079033182538191
24,41.2664,123.7992,0.3092026719184277
1294,44.735977,-68.67075,0.3092829434168716
538,28.2675,109.6958,0.3110186099391713
1292,35.320107,-97.4841,0.3120190723451406
190,31.2124,107.4644,0.313198025102718
629,39.8261,109.9486,0.3138717418344342
798,42.404687,12.857794,0.3140347550221193
1286,36.02661,-80.341965,0.31612807555104
31,34.3017,107.0708,0.318326708197962
467,29.334,120.04,0.3189002044288573
856,42.680558,23.296786,0.3222995157382998
854,42.666508,23.400164,0.3254595667151375
1348,34.454514,-94.143524,0.3266348284367937
95,36.1856,113.0844,0.3291106766930308
1238,40.6646,-3.7739,0.3291709798148336
413,28.7199,104.5742,0.3308023177202275
1305,46.0519,-89.654,0.3328884193538138
1446,43.670834,-110.59947,0.3340145027237787
1128,45.371944,11.841944,0.3344132429589121
443,49.2261,119.7594,0.3347044009368851
1313,38.86067,-90.10585,0.3354440063544262
639,33.3942,120.156,0.3356185714371784
1094,55.46333313,26.00416946,0.3370344294107863
229,35.0147,110.9956,0.3375770117553072
789,45.0249,7.6491,0.3388761050049476
111,42.2554,118.8788,0.339866666265653
1408,40.3663,-80.6158,0.34012078097451
216,41.7325,125.9446,0.3410534858047082
575,30.4576,106.6303,0.3433322495846768
653,29.6277,106.6556,0.3439044055059222
310,36.663,117.0495,0.3442961377146904
182,36.5446,104.1724,0.3443737333254985
873,55.39638901,10.38917255,0.3519950336782469
814,45.79728,3.113833,0.3522011463015824
783,41.669172,13.674326,0.3544456625538321
1442,32.52127,-84.94463,0.3545907659851221
525,37.5072,122.1067,0.3551914552498459
747,46.671307,5.556806,0.3576088866603633
1096,51.838221,5.856938,0.3578750392699041
595,34.4285,115.6702,0.3595847325598708
1157,47.594913,7.568175,0.3610082092095977
50,34.7752,111.1922,0.3615047814536229
703,50.02403641,15.76354885,0.3654283598206242
1371,27.189215,-81.34035,0.36643097986372
172,42.9418,89.1904,0.3665995866846233
258,47.3416,130.2537,0.3687760091178653
1184,51.525955,6.97688,0.3722093783550098
1101,42.056383,25.59345,0.3747584012844883
186,30.2981,109.4978,0.3782512138600407
493,31.9037,102.224,0.3787346148749497
317,36.6734,117.1265,0.379817161335499
1200,43.89555,25.956575,0.3798529661366805
360,40.7612,111.717,0.3803043869006455
1437,29.823318,-94.98379,0.3821661298344271
1407,41.965195,-87.87627,0.383286700190331
578,39.1067,117.1941,0.3835069686560087
59,30.8023,106.0789,0.3910387437917427
1325,44.08747,-75.97316,0.3922645405555938
1417,41.705227,-76.512726,0.3929565366500938
1061,50.048397,10.232076,0.3959158373526316
701,46.13167,9.56639,0.3972441663365651
1415,30.419806,-91.182014,0.4007768113262393
557,32.6389,110.7258,0.4041714833033971
1345,41.97639,-72.388054,0.4074635006615152
307,30.6189,114.282,0.4080557071046743
1236,42.44,-2.239,0.4106991507315272
910,49.20272446,16.61628723,0.4121646613549961
512,25.0925,104.9022,0.4149434189796501
1087,50.383217,8.060998,0.4154826795874219
861,46.765425,23.550258,0.4172429327619428
274,38.3254,116.8584,0.4178082027170129
57,31.1317,104.3826,0.4227009274528808
810,47.4885583,12.066633,0.4239281322612338
9,44.6075,129.6364,0.4254511968279886
84,30.6306,104.1122,0.426514754729649
569,26.8906,100.2203,0.4277850475472955
962,45.957778,12.618611,0.4278755963880155
696,49.91351318,14.7826252,0.4284601864596832
98,40.0917,113.3444,0.4334024071749662
837,44.73473,9.36693,0.4370232914667741
365,43.7783,125.245,0.4375795198041939
559,29.7046,115.9584,0.4399966594963349
1304,34.474525,-85.408844,0.4407132630511771
617,39.0845,117.1589,0.4495350671315014
13,46.6215,124.9042,0.4521999163587152
218,33.6406,114.6369,0.4523074298623247
529,31.2132,107.4988,0.4524729001731469
1272,40.084515,-82.81558,0.4543005143567967
485,31.0201,103.6202,0.4628059794480847
1247,35.0608,-83.4306,0.4641832760386974
864,42.90056,13.33667,0.4658198945812211
1307,43.7775,-91.2269,0.4728764860226851
872,50.654066,10.769534,0.4740563800971241
1327,40.8679,-73.87809,0.4747728577042598
931,50.12218857,14.46757793,0.4756044420031221
1156,43.40444,-3.84194,0.4783963556837636
247,30.9412,117.8177,0.4805231926680714
1300,33.43395,-84.16181,0.4808792724969605
851,43.126475,25.691211,0.4818987826585803
10,44.5462,129.6386,0.4822994310041508
460,31.882,120.55,0.4858506631698711
1299,63.7232,-148.9676,0.4875669499542139
523,29.9775,102.9905,0.4969208901432781
531,29.5822,105.0406,0.4984498832967436
1261,35.63348,-83.941605,0.5024914699711811
905,45.873889,10.1775,0.5031488761439991
644,37.4658,118.5019,0.5044205572662496
1147,52.115725,21.237297,0.5045418938305789
1212,42.36417,13.38306,0.5062586085301751
109,42.2816,118.9233,0.508127084089647
1129,51.49633,-0.460861,0.5096898707888166
845,47.561944,18.960008,0.5099837634914816
941,47.04027778,14.330725,0.5102209247633214
318,31.8403,117.1318,0.5103084465689028
237,50.2341,127.5144,0.5103909815179071
251,46.7975,130.3258,0.5109489279523176
1224,53.74878,-0.341222,0.5115846421576533
1074,43.5512,-5.9197,0.5126404037933754
1243,35.438557,-81.27675,0.5149567870400477
183,31.7275,113.3583,0.5163595180379654
1056,43.1788,-6.5527,0.5209195982532406
1344,41.84046,-72.01037,0.5283790104621383
792,45.760833,11.736667,0.5320885671418
1246,33.342224,-81.788734,0.5386181845687814
482,31.5031,120.242,0.5400825221350715
1288,30.229652,-90.96563,0.5411121871326522
954,67.878588,21.062962,0.541357559872489
498,34.7178,113.7329,0.5422482674521534
208,41.2495,123.1683,0.5438144609425711
547,44.5782,129.6115,0.5444652691415538
1189,46.1625,12.360833,0.546091608048256
320,38.8632,115.493,0.5529027931677836
72,40.1461,124.3933,0.5539315915985806
513,25.0992,104.8811,0.5564885410194538
1218,51.028931,7.004976,0.5575761365126801
731,45.0419,7.6259,0.5587490376301855
1227,41.636078,25.379683,0.5593098005315335
839,48.247222,20.616403,0.5619475722850915
371,43.8447,125.3863,0.5633144774092093
397,26.3003,106.805,0.56635997394338
835,48.39167,13.67085,0.5676462786384714
1201,41.15604,15.09675,0.5678663579941845
520,30.1506,104.6356,0.5690537976005279
665,31.751,119.579,0.5696485051598094
734,43.310833,-0.391111,0.5736908014883638
668,26.5161,106.694,0.5746082885870827
1285,30.700895,-91.05607,0.5757680450424878
950,50.46519216,3.939714326,0.5779229553192026
672,52.420319,16.877289,0.5785303489145227
1192,42.40538,1.13,0.5858469359214381
1006,51.27399,1.098061,0.5986566997733825
6,47.2988,123.945,0.5994743501566946
618,28.4436,117.9756,0.6027365117311819
265,47.7412,128.9102,0.6035786262497335
499,34.77172,113.73961,0.6075599283846812
213,43.1713,124.4002,0.6107298364848961
1402,43.656765,-70.629135,0.6160108452813157
937,57.8634,11.9216,0.6219021315013914
670,28.687,115.8518,0.6257413738252573
495,28.1944,113.0014,0.6331022508024865
1208,44.386558,23.733658,0.6341092547345882
530,31.2827,107.5277,0.6467189113654563
380,38.8639,115.5086,0.6509155011373687
728,49.442356,1.093789,0.6521071156884812
983,41.947654,12.533667,0.6521375990977792
41,35.0697,109.0697,0.655042363567895
1030,50.5976,-3.71651,0.661504923877888
55,31.4668,104.6697,0.6661929483269781
749,43.313,-7.6937,0.6686648998172618
1346,39.4125,-107.23056,0.67187349190456
214,46.0656,122.0392,0.6842191147609847
1337,38.20087,-77.37742,0.6860488548245439
608,27.5444,109.9453,0.6931923424354219
253,47.3086,130.2684,0.6991547166073452
1284,32.535294,-93.74704,0.7060358532122712
748,43.2941,-5.6796,0.7095547274966524
753,42.33611,-3.63611,0.7116253912561068
1193,42.39197569,2.842138412,0.7179353941275325
932,43.322554,21.919025,0.7182431353907242
1172,46.162556,-1.153603,0.7186771791496124
1160,42.36831811,1.776783258,0.7233019237867966
609,23.7256,109.2203,0.7285721940761324
21,41.3094,123.7169,0.7305886743244926
566,28.0089,120.634,0.7369831734210245
959,47.513333,21.624444,0.7483190154318274
1370,42.51334,-83.005974,0.7595923887194588
195,33.1138,107.0089,0.7609275627522848
1366,42.86183,-71.878624,0.7616473967312828
1388,37.70097,-94.03474,0.7623663422212426
479,27.7019,106.9242,0.7790864222370604
500,30.2798,109.4707,0.7811936768529019
1405,43.577602,-116.178154,0.7836235883616121
615,37.6828,112.7195,0.7859254528629637
505,27.5721,109.5981,0.7881760129818856
588,35.5934,104.6194,0.7985126352514403
1179,46.555842,26.926942,0.8101573923209396
29,36.6028,109.4761,0.8354308202016005
99,40.0844,113.2711,0.835824806068165
1031,45.226667,11.665833,0.836839961716612
199,30.2756,118.1371,0.8429743929349561
355,41.8467,123.4264,0.8572887345824689
487,46.098,85.6979,0.8718800288266352
235,41.9419,126.4077,0.8935329656140544
638,23.0822,114.4053,0.899677648335638
1203,40.71099,14.70244,0.9121044302400696
