,lat,lon,EVI2_Onset_Greenness_Maximum_1_temp_r
1235,40.3597,-3.5429,-0.9843530438700716
1225,41.31347521,2.013824628,-0.9712359381521736
1076,47.3868,8.53981,-0.9688733797500584
1211,42.736572,11.87643,-0.9501731248436782
1212,42.36417,13.38306,-0.9339984201664572
1060,46.564369,26.910667,-0.9148788501300462
1228,46.9631,7.46252,-0.910183953158492
1091,46.708333,14.891667,-0.9006758659871819
1158,51.748103,18.04931,-0.8955495877290556
1229,47.3815,8.56592,-0.8904557081861709
955,47.4067,9.39438,-0.8861246199604165
711,49.04781723,18.00782776,-0.8852946740836533
1178,40.39472222,-3.73194444,-0.8775553744161843
946,48.930932,21.913705,-0.8727988633160242
724,43.32074,-3.11272,-0.8692770358726637
1093,49.107502,6.122775,-0.8559690703812978
1162,45.96141,4.465711,-0.840720998373451
1052,57.70902,11.970241,-0.8357937724805892
1009,55.79216,-3.2429,-0.8286082771962681
1203,40.71099,14.70244,-0.8209817551686037
1233,47.30737,5.065881,-0.8086730045615043
1046,40.33639,-1.10667,-0.8078076443904445
906,46.08253,10.95804,-0.8065214063666523
1192,42.40538,1.13,-0.801217758943363
1167,44.92008,2.441082,-0.8002193116528199
1137,44.82112,20.459113,-0.7955402635939305
1174,52.077148,4.289185,-0.7881262295328424
713,53.028647,18.666103,-0.7810458045011917
938,56.672901,12.8576,-0.779272860185168
1133,49.07655,8.40666,-0.7786129494307726
1151,51.939783,15.518861,-0.7691132927255051
1202,42.284,21.2738,-0.7687035941778554
1169,45.84299,13.54308,-0.7678273011676022
715,43.6287,0.179069,-0.7670846279551164
1204,41.886019,12.541618,-0.7629102950905062
1103,47.4029,8.6134,-0.7572860282098973
843,43.223044,27.587239,-0.7545536110561373
910,49.20272446,16.61628723,-0.7529688824126296
1142,46.632142,27.730886,-0.7486038630807528
1094,55.46333313,26.00416946,-0.7477399170049033
987,49.052284,8.253538,-0.746177275470126
753,42.33611,-3.63611,-0.7454265539870025
736,49.254344,6.867744,-0.7423993451460537
769,41.47676936,2.088977264,-0.7310279872568498
993,47.62,6.157611,-0.7169757594049485
926,52.644169,13.483079,-0.7151347608931194
1075,44.319639,28.610292,-0.708173335954752
893,45.7789,4.9247,-0.706124515572363
1144,42.58194,12.62361,-0.6986979034965425
707,43.230297,0.062339,-0.695089625343959
705,45.5588,8.0564,-0.694631847872547
1118,50.65844442,5.627835291,-0.6915980383391388
1083,40.314518,-3.716868,-0.6915877732174904
1031,45.226667,11.665833,-0.6683831686520506
714,53.134088,17.995712,-0.6655881859219176
1028,44.39703,8.20604,-0.662867450327201
821,45.1758,7.5602,-0.6612347832198362
1139,50.66109467,14.04306316,-0.6597716610793852
981,50.731478,13.75145,-0.6573286526806399
1112,44.92467,10.5172,-0.6556328134928322
990,42.697918,9.446417,-0.6549895093898849
784,55.072222,24.283894,-0.6537847046737724
948,46.6775,12.972,-0.6532926212253588
1109,54.334944,-0.80855,-0.6520481805810843
644,37.4658,118.5019,-0.6489784065122643
298,34.77134,113.65724,-0.6449374947434903
1216,51.54052,5.85307,-0.639022166280091
592,34.1781,117.1694,-0.6373340079338009
692,47.660056,9.485675,-0.636828145853169
32,34.3672,107.1906,-0.6321072773848612
1227,41.636078,25.379683,-0.6309943904722024
879,41.53583,20.6989,-0.630602755768144
193,30.0475,101.9603,-0.6291531219184453
755,51.259431,22.569133,-0.6276549921516986
1215,53.694628,19.968892,-0.6274937064664488
1119,45.623056,13.7875,-0.6256803840375322
858,42.732292,23.310972,-0.6238521933683322
353,41.7867,123.4678,-0.6217834426316897
710,49.23290634,17.66717529,-0.6214669254590849
372,38.8661,121.5213,-0.6203855283835806
645,36.7019,119.12,-0.6142376578639297
1198,51.067439,19.448694,-0.6141783213722232
696,49.91351318,14.7826252,-0.6121618901932776
79,35.0532,118.3429,-0.6067646306615992
1107,50.6134125,5.570222814,-0.6060015415383976
866,50.979455,11.037924,-0.60382694699167
480,27.5002,114.0997,-0.6025965172676926
338,31.3708,120.641,-0.6019504240858629
352,32.1875,119.6707,-0.5969768376005761
818,45.772167,3.0875,-0.5965901407983587
859,43.305286,5.394716,-0.5907755140810388
1220,43.25811,-2.97344,-0.5882613164874582
363,40.8062,111.7276,-0.587390261874393
718,41.096667,-8.555833,-0.585656467998788
75,40.7136,120.9092,-0.5853027926509314
257,45.3039,130.9429,-0.5846237434872594
662,35.4887,112.8508,-0.5831050422676334
395,39.1082,117.237,-0.5814464375419277
907,49.40159607,15.6102457,-0.5809223739590346
195,33.1138,107.0089,-0.5807789191750056
88,34.3474,108.935,-0.5794934120151334
1102,50.010325,8.451527,-0.5790254352386037
699,49.45165634,17.45415878,-0.5788336831624222
232,37.5211,111.1406,-0.5768582786981301
833,47.71611111,13.63222222,-0.5754052184447835
3,47.3636,123.9305,-0.5752369592632056
974,49.841221,7.866222,-0.5733722459861347
73,40.1092,124.3633,-0.5732968026909196
210,42.2217,123.7153,-0.5719955569707393
223,39.3617,112.4575,-0.5715920822488615
1240,53.371306,-2.239218,-0.5715113025408731
107,37.8486,113.5819,-0.5683402159903076
595,34.4285,115.6702,-0.5672984378068914
411,31.2071,121.577,-0.5661417287383421
490,36.864,118.78,-0.5643303886242996
38,36.6868,117.532,-0.5614505185500417
329,31.3008,121.467,-0.5582755607271053
510,26.9056,112.5664,-0.557875511616398
64,40.6821,109.8538,-0.5573949107772129
742,45.871406,22.908594,-0.5548492521454705
202,41.2991,123.149,-0.5507819085430374
274,38.3254,116.8584,-0.5506309167350198
140,30.2019,114.8988,-0.5492834893167422
266,48.471,129.5029,-0.5477274638489501
502,28.1322,113.0178,-0.5459102959495444
11,46.408,124.902,-0.5449221834276152
896,43.1804,-2.2682,-0.5445613589268351
525,37.5072,122.1067,-0.5436161651972061
201,30.5119,117.0331,-0.5431002251841528
283,33.6067,118.989,-0.5397379547061165
111,42.2554,118.8788,-0.5393059434413472
873,55.39638901,10.38917255,-0.5392376542517917
728,49.442356,1.093789,-0.5389832760748793
887,52.039023,4.359376,-0.5387337763345948
590,37.9844,106.2025,-0.5379869593194825
880,45.0028,7.8375,-0.5377592849098269
1123,45.714444,11.368611,-0.5377407838675125
334,31.2284,121.533,-0.5366508031332482
1000,48.021657,12.538174,-0.5349985462431889
357,32.1328,119.4303,-0.53385096097886
96,35.2464,115.4208,-0.5330812510118041
1172,46.162556,-1.153603,-0.5318758817700936
1008,45.42009,4.395422,-0.5317809543209167
1108,40.3419,-3.8337,-0.5303877301572677
723,46.19583,6.240556,-0.528823994809054
110,42.2728,118.9576,-0.5278237837164033
827,45.193889,9.164722,-0.5268069132734172
1004,51.52229,-0.125889,-0.5241311202273323
129,36.2017,117.0885,-0.5238061309353356
1088,42.05134069,0.729555647,-0.5226539109207123
132,33.6347,114.6758,-0.5222897874236303
837,44.73473,9.36693,-0.5208795232310575
39,35.8735,120.0405,-0.5113683254979152
430,29.3578,113.1094,-0.5088647262811354
84,30.6306,104.1122,-0.5052100112723118
85,34.2629,108.993,-0.5051694969293063
564,29.8566,114.2936,-0.5050637237570624
24,41.2664,123.7992,-0.5014350808591236
428,30.7819,111.3275,-0.5012292202625968
1237,41.9356664,2.238568301,-0.4976105383360158
306,39.9499,119.5897,-0.4971159996155501
651,23.1522,112.5544,-0.4968999904146713
118,37.3803,118.0062,-0.4963294990340413
410,27.9831,116.3544,-0.4951778355343985
1035,41.554167,14.674722,-0.4939317974245369
712,52.029194,23.149389,-0.4878026544517725
884,59.20243,9.4871,-0.487146933887446
109,42.2816,118.9233,-0.4843787048356838
915,44.4122,8.1695,-0.4838444523133045
988,47.34414,0.653778,-0.4806631053923064
689,43.25055555,-2.155,-0.4792494791213026
225,37.6945,112.7532,-0.4779980520626418
1184,51.525955,6.97688,-0.4776645008293051
580,30.4519,114.8858,-0.4730973297011786
1126,49.079012,19.3025249,-0.4716002928136601
155,31.737,116.5079,-0.4711196670318811
752,45.3189,8.4024,-0.4697077684381352
1065,48.947611,13.420573,-0.4673963481332115
688,45.1828,5.7531,-0.4673316085459399
757,43.15333,-4.25306,-0.4641294132077523
80,40.6532,109.8756,-0.4632456016782829
639,33.3942,120.156,-0.4618310094276825
1095,47.86194444,15.32194444,-0.4600754507818953
1016,42.42212,12.109196,-0.4592487797856053
69,40.6655,122.167,-0.4574198899485588
17,41.0821,123.022,-0.4572006533483331
1081,51.90158,10.48132,-0.4513004600480985
1111,47.47706,11.05722,-0.450332679591623
759,45.84083,9.34889,-0.4476282171592057
599,32.3153,118.3093,-0.4471300562711092
1116,51.34879529,4.339709947,-0.4457906866904655
521,30.5944,114.3014,-0.4449025745839777
901,48.68817,6.190431,-0.4444048431436046
1223,47.0677,8.30068,-0.4434873886233881
26,41.0879,121.1115,-0.4433049197494315
507,27.2272,111.4328,-0.4421975982124319
112,37.4309,118.6614,-0.4370044337722086
783,41.669172,13.674326,-0.4355716134471361
527,27.8914,102.237,-0.4326733056120864
1186,44.564972,27.366081,-0.4305119408633121
125,37.5639,121.2514,-0.4304938069704575
169,37.9251,102.6201,-0.4295868515882419
185,31.6908,113.3833,-0.4293484586801223
56,31.1208,104.4239,-0.4278563007455881
501,26.2081,111.6217,-0.427154863500076
782,42.157856,11.908954,-0.4240293604589552
482,31.5031,120.242,-0.4232029701045783
89,34.1978,108.985,-0.422276011405743
1047,51.862042,6.874469,-0.4218847010179284
1084,52.25534,8.05286,-0.4206570693005124
40,32.1059,114.1099,-0.4165267765050679
748,43.2941,-5.6796,-0.4161408680898367
233,37.5136,111.1297,-0.4159110183171774
1082,50.16443,9.399441,-0.414218551169231
106,37.8731,113.4894,-0.4137321339302865
765,45.809998,2.06,-0.4128967669178865
72,40.1461,124.3933,-0.411870478806648
244,46.8032,130.3648,-0.4109694113591359
484,35.546,112.8453,-0.4095563467456592
70,40.0625,124.3303,-0.4062627408358168
545,36.0621,114.4839,-0.4039142286619777
1070,48.889039,8.665536,-0.4010134085934023
815,49.028057,2.750278,-0.4005922427874027
845,47.561944,18.960008,-0.4003757951608165
294,30.7478,120.726,-0.4001937545633229
412,25.8333,114.9322,-0.3994876774531922
13,46.6215,124.9042,-0.3993420625578761
516,27.5342,109.9781,-0.3975616253966551
944,47.04472222,15.15277778,-0.3961272956705354
1419,41.645382,-70.89751,-0.395752187705178
393,39.0927,117.202,-0.3956462278208226
578,39.1067,117.1941,-0.39542893168669
811,43.39873,6.075611,-0.3951595037032181
848,46.62936,14.28931,-0.3945704039963636
1320,40.136337,-111.6605,-0.3938938318251929
1205,39.48963,16.3868,-0.3937482368420877
1099,57.810833,15.564736,-0.3934252095901326
1361,41.44278,-75.623055,-0.3929265491343677
1421,39.46048,-76.633545,-0.3927842333983182
438,27.8336,113.251,-0.3923534560506526
980,51.317905,12.297411,-0.3922838293849195
758,45.47833,9.23583,-0.3917432116944462
663,31.6449,118.5024,-0.3917223866177682
74,41.1489,122.0303,-0.3904416545313325
792,45.760833,11.736667,-0.389788717036847
1447,40.74529,-73.41919,-0.3896416426542792
912,50.04613113,14.33141327,-0.3866390149338263
832,48.53111111,14.57472222,-0.3859545117325367
350,31.7069,119.9468,-0.3857587802691271
1100,50.85671305,4.425760659,-0.38367623671772
828,43.9275,12.224722,-0.3826981995012883
1337,38.20087,-77.37742,-0.3821050886333095
1196,44.938125,26.044994,-0.3818522932505464
961,50.79664963,4.358623958,-0.3815318187687867
860,43.28334,5.511384,-0.3808769575041723
272,37.0886,114.4704,-0.380834050436147
175,42.8328,93.4961,-0.3795998908653922
1249,36.306965,-79.09197,-0.3776279395769807
424,33.774,113.182,-0.3772806392130275
55,31.4668,104.6697,-0.3764751432536332
1427,39.52508,-119.80772,-0.3759574008568708
1263,36.019184,-83.87381,-0.3736810355682451
365,43.7783,125.245,-0.3727132134408077
196,38.2911,109.7456,-0.3726195844573512
895,47.64892,-2.76399,-0.3698158256670145
332,45.6842,126.6206,-0.3689057092337968
307,30.6189,114.282,-0.3656233255833822
1187,43.285,13.42861,-0.3650366251294939
1055,49.73244858,13.40228081,-0.3636367401722264
291,37.8195,112.57,-0.3634257068247766
381,39.8863,116.4072,-0.3620672894192045
7,44.561,129.61,-0.3607361729160958
908,49.73508453,16.03419685,-0.3599464481140823
240,46.6528,126.964,-0.3599236103064031
1378,42.474644,-70.97082,-0.3586688404203019
61,41.0931,123.011,-0.3585267498636834
1025,40.67354965,22.89343834,-0.3578983500242786
290,37.9854,112.549,-0.3571811129623858
114,37.4674,116.3032,-0.3561985266144559
66,39.8129,110.0023,-0.3556149428229329
384,40.135,116.6636,-0.3549631185958124
449,31.155,120.636,-0.3526164037714969
945,48.27329,14.31479,-0.3507240466718449
780,46.58967,11.43317,-0.3506925925768631
584,41.7173,125.9358,-0.3502790491555584
1335,42.09142,-77.20978,-0.3499774503281211
1036,51.360755,9.271233,-0.3494685722370248
625,33.4022,120.118,-0.3494195099681143
12,46.586,125.153,-0.3493720403842621
535,28.19,112.9394,-0.3489459121807859
1245,33.81468,-80.781136,-0.3487733874254712
191,31.8896,102.2502,-0.3485103562000424
726,43.3069,-5.7057,-0.3482232345423821
1424,42.27807,-85.54189,-0.3476421228532212
63,41.1196,123.044,-0.3452917166478068
585,31.2864,120.628,-0.3427445540342688
1358,40.24699,-76.846985,-0.3426909082398536
1291,39.9878,-79.2515,-0.3420469552883348
5,47.3227,123.9483,-0.3416770129968612
1159,49.851334,3.284,-0.3414770307219079
394,39.1661,117.1444,-0.3408065416771085
680,44.9089,8.2055,-0.3388520778327511
14,31.6837,118.5092,-0.338830465544331
703,50.02403641,15.76354885,-0.3376052999114718
1435,41.49212,-81.67845,-0.33752284143958
414,26.585,101.7169,-0.3362412677744317
1243,35.438557,-81.27675,-0.3347624969771876
105,37.8572,113.5758,-0.3341348991688574
862,51.921389,4.401389,-0.334087838501625
776,46.651838,16.196777,-0.3313567973805934
751,49.259552,2.474397,-0.3306301732179166
137,32.9771,113.9976,-0.3299386335525674
255,45.6077,122.7911,-0.3280709536703053
831,45.148333,9.940278,-0.3274639543838095
1264,35.10264,-85.16219,-0.3258003983164625
237,50.2341,127.5144,-0.3244981678733095
1086,50.13577,8.92157,-0.3225255650003204
1380,44.310555,-84.89187,-0.3215382944094125
235,41.9419,126.4077,-0.3209999303932206
271,37.0851,114.5237,-0.3199941436894962
1318,42.04915,-88.273026,-0.3190433986430044
616,38.0378,114.5481,-0.317644082647009
243,32.9673,117.3533,-0.3176409711113683
761,47.751475,23.605325,-0.3162730225286856
1125,47.565439,14.244676,-0.3159417305486041
258,47.3416,130.2537,-0.3150946704086769
1073,48.507703,9.051178,-0.3141534720940866
881,51.468662,5.47235,-0.313001884105839
919,48.376576,10.88837,-0.3124839439932647
835,48.39167,13.67085,-0.3116977326263698
1097,51.05833172,3.729298172,-0.3108382193280319
376,43.8463,125.2841,-0.3095025297589207
694,54.124819,22.038056,-0.3085947508577848
838,45.1391,7.0501,-0.3074023035756283
847,41.97833,21.47,-0.304954239745531
387,39.6334,118.1725,-0.3043675012156159
1409,43.54792,-96.70077,-0.3036178518716851
614,32.1873,119.4424,-0.3001814929439805
203,43.9311,116.0781,-0.2992977586074536
503,26.2331,111.6236,-0.2985309738780175
4,47.3386,123.9488,-0.2977032410917546
108,37.8703,113.5614,-0.2954651624080769
958,47.0495,6.97915,-0.295373579489082
1402,43.656765,-70.629135,-0.2948628799655133
731,45.0419,7.6259,-0.2942087032794227
379,30.6319,114.135,-0.2941540243935042
1293,35.614132,-97.47508,-0.2934107931032144
966,51.406846,6.965589,-0.2925200144276622
456,29.7178,118.327,-0.2924419964648711
999,44.98375,26.015214,-0.2897962820907376
260,47.3382,130.1097,-0.2876212068372589
609,23.7256,109.2203,-0.2875419097008945
649,28.793,104.6055,-0.287180976545098
1406,41.644066,-83.54616,-0.2852088446970031
1026,43.623608,1.438531,-0.2843126456740448
157,31.7905,116.4996,-0.2832994952979744
126,37.5433,121.3719,-0.2814458878640702
499,34.77172,113.73961,-0.2811378681777087
1059,48.18169,11.46445,-0.2805082700629952
1255,38.013332,-87.577225,-0.2787690468570813
211,41.5881,120.4318,-0.2770498843422435
197,38.2839,109.7289,-0.2765147506760353
928,51.5645,14.3764,-0.2764302519192225
349,45.7258,126.6411,-0.2761303717570401
1276,38.81194,-76.74417,-0.2757345718183948
15,43.8245,126.5052,-0.2756700108179364
1250,44.18089,-85.73898,-0.2751570322248914
373,43.79,125.4605,-0.2746392751167582
789,45.0249,7.6491,-0.2740701427043137
891,42.516944,1.56525,-0.272322181330988
1305,46.0519,-89.654,-0.2722432891797945
1438,35.206112,-111.65278,-0.2717311211853261
1024,47.054443,-0.886111,-0.271631742138566
964,49.300731,8.700103,-0.2711001523873235
586,35.7668,115.0,-0.2702628075024831
1367,41.3014,-72.90287,-0.2692762288791004
299,34.80246,113.67526,-0.2690981324804605
1078,41.03028,21.33667,-0.2679576921075614
740,45.474156,28.034406,-0.2677051314646387
268,30.6764,104.1419,-0.2667133076236306
493,31.9037,102.224,-0.2657697504200605
704,45.569,8.1876,-0.2641209555691835
453,26.567,101.7227,-0.2639865438194755
631,27.8614,112.9433,-0.2629467978347138
534,28.2053,113.0792,-0.2619656599075843
937,57.8634,11.9216,-0.2618039207745624
520,30.1506,104.6356,-0.2603600279089851
756,43.16832,-2.63794,-0.2598802920586902
1188,53.59617,8.09059,-0.2595362459003994
679,48.899233,9.172792,-0.2587534986039519
1376,42.099697,-71.6194,-0.2566312301811209
209,42.3022,123.8139,-0.256159487071429
1396,34.015434,-84.60742,-0.2549381870785276
1217,53.24696,10.4565,-0.2545240915450008
1360,40.107224,-74.882225,-0.2535754502849495
37,41.7166,86.1972,-0.2528047047934332
1296,43.4351,-89.67979,-0.2516022247558738
1283,35.9359,-81.5306,-0.2512483380372847
1141,49.672507,9.001981,-0.2510744607989633
455,36.885,120.515,-0.2504458011504004
1334,43.05235,-76.05921,-0.2477218250434652
87,34.2322,108.8922,-0.2474832633156795
971,49.438464,12.548869,-0.2474015266529716
673,49.419528,8.6767,-0.2467069685433021
849,47.676111,17.649736,-0.246391253769188
822,41.99917,21.44084,-0.2458522031171704
145,32.0564,112.1392,-0.2457515310953493
131,33.6128,114.6613,-0.2454697177589732
173,42.9559,89.1673,-0.2448910265845331
1007,48.9964,1.7033,-0.2448810423407988
1326,42.68075,-73.75733,-0.2447582077579732
362,40.7866,111.5512,-0.2443951334180893
194,33.0706,107.0154,-0.2418110464385742
82,43.8711,87.5525,-0.2416427721013035
916,48.397079,10.008293,-0.2391223776784374
1451,33.9828,-111.79871,-0.2388181072126003
81,43.831,87.6432,-0.2371719443342996
285,40.8033,111.6572,-0.2325440975080881
814,45.79728,3.113833,-0.2304150937922174
364,38.9511,121.565,-0.2297352885858055
618,28.4436,117.9756,-0.2276134630903603
135,32.9692,112.548,-0.22561441609656
1315,42.139996,-87.799225,-0.2255966497854312
310,36.663,117.0495,-0.2251490116721673
795,48.2702,16.2972,-0.2233834281838851
1327,40.8679,-73.87809,-0.2228118493787675
515,26.8956,112.6211,-0.2218247885921629
1131,46.112775,24.22805,-0.2218195289788092
121,36.4847,117.8525,-0.2217535209008077
1045,41.932892,12.506947,-0.2215000456911577
1251,35.59095,-78.4622,-0.2200943836582647
532,27.725,111.9975,-0.2184850088315657
629,39.8261,109.9486,-0.2182074764866231
295,40.762,114.8902,-0.2179857899193179
1442,32.52127,-84.94463,-0.2178978103557842
341,34.5885,119.176,-0.2176432714220965
190,31.2124,107.4644,-0.2158078296749729
488,43.9174,81.2996,-0.2134259539093157
289,30.4183,120.3019,-0.2131630677741639
747,46.671307,5.556806,-0.2117204996960018
102,36.0783,111.5531,-0.2104430365412574
52,30.3197,112.2494,-0.2087087205182826
829,46.143173,-0.396042,-0.2067079521240512
22,43.8622,126.54,-0.2066554570886491
1089,48.12027778,14.878333,-0.2046806906209295
25,41.3472,123.8142,-0.2041806768031702
812,47.27129,11.4169445,-0.2033866793051701
839,48.247222,20.616403,-0.2018046413682311
1271,40.0877,-82.95977,-0.2003456148999807
151,30.9743,118.7385,-0.2000282470685553
778,45.54301186,13.71352366,-0.1998986550959162
1393,33.578335,-86.77389,-0.1996424369768554
1324,40.283092,-74.742615,-0.1983857214182202
220,35.4936,112.8318,-0.1977104639441834
435,29.355,113.2117,-0.1959222742378951
764,45.869995,1.31,-0.1937911733382294
1357,42.14175,-80.03861,-0.1933883138034662
348,32.0551,118.7538,-0.1932846861773159
31,34.3017,107.0708,-0.1932565911860946
226,39.9289,116.4174,-0.1931405859980234
543,29.315,110.4417,-0.1929636588002175
34,34.3622,107.2386,-0.1924356385183608
556,29.5698,115.9773,-0.1912304634259048
1032,45.60222,9.27611,-0.1906253656473032
1017,53.187222,-6.121667,-0.1903908707369045
596,33.965,118.283,-0.1903511247655935
440,29.3547,110.5594,-0.1900904169107155
1370,42.51334,-83.005974,-0.1897097143791359
448,31.172,120.658,-0.1886031066322811
670,28.687,115.8518,-0.186602365051716
1365,41.61524,-71.72,-0.1848118091871041
1269,44.351696,-68.22698,-0.1841184358170445
95,36.1856,113.0844,-0.1821223877676354
857,47.430833,19.184175,-0.1797673049339013
300,34.81334,113.56746,-0.1777590144181867
1287,36.109005,-79.802315,-0.1758335999688418
1005,44.7037,8.0333,-0.1754914021485574
1242,35.2318,-77.5669,-0.1751409950714744
1342,29.583048,-95.01554,-0.1751237117471666
976,45.56472,5.928333,-0.1750828739174395
27,40.8434,121.0533,-0.1737908818036184
1294,44.735977,-68.67075,-0.1725129196246954
221,35.4897,112.8676,-0.1724267379361431
1336,40.82799,-73.05754,-0.1708737999194584
113,35.4216,119.523,-0.1695153691858327
743,58.370556,26.734722,-0.1656667774950541
1416,39.28102,-78.08157,-0.1655394004740767
1433,40.56252,-80.503944,-0.1636320966401602
45,34.7781,114.3389,-0.1631040676606032
49,33.737,113.2919,-0.1623653635645547
1067,51.651166,12.302866,-0.161955965541667
1054,40.62984,-3.17159,-0.1617393727001706
1222,49.23074,7.003174,-0.1614657107224934
178,44.2967,86.0497,-0.1608585655052667
1231,46.34072,2.593945,-0.1601830163430737
489,36.881,118.746,-0.1599008233365512
47,35.2127,113.2269,-0.1598421650061333
1413,41.094967,-85.101814,-0.1569197203559892
1121,50.85205095,4.347777506,-0.1565906232482976
877,46.256617,26.792892,-0.1556977352453468
83,34.3731,109.2186,-0.1551085250530363
816,49.211447,18.771215,-0.1549151743861987
284,33.5039,119.135,-0.1534912783824502
183,31.7275,113.3583,-0.1529021227409328
495,28.1944,113.0014,-0.1522876506729445
1371,27.189215,-81.34035,-0.1508887568068626
459,31.656,120.734,-0.149733632749938
1363,35.96497,-84.22317,-0.1470119674072558
1341,29.625557,-95.26722,-0.1465485248674805
419,30.3119,120.1197,-0.145813835673035
276,30.8669,120.0751,-0.1441136136896471
802,49.119442,6.180833,-0.1439617835018753
156,31.7643,116.4738,-0.1438874554500743
963,49.462229,11.0248,-0.1431568846672227
313,31.7848,117.1959,-0.1425806132003916
774,47.40555556,15.36083333,-0.142400419414601
345,34.2384,117.1918,-0.1401249222420008
354,41.7653,123.4114,-0.1366465376213037
735,45.475327,4.515003,-0.1363005201949382
1190,49.784339,22.756239,-0.1358878405970501
361,32.4625,119.9189,-0.1345277523191753
1023,47.44739,-0.550067,-0.1337048712725292
779,45.93766834,13.91156335,-0.1328168043293489
98,40.0917,113.3444,-0.1323858627711166
1364,36.060894,-86.28629,-0.1304449891332955
656,36.0822,111.5169,-0.1300910051769397
464,31.354,119.818,-0.1299956241494925
1443,39.399837,-119.73961,-0.1297327258979653
682,47.809892,7.764528,-0.1286716458246513
992,47.538193,6.868361,-0.1270769443537685
1362,41.265556,-75.84639,-0.1268366738987132
302,30.558,114.2529,-0.126386994369013
36,34.493,109.4636,-0.1248495758570132
388,38.0178,114.5331,-0.1224902552076978
461,32.6524,117.0067,-0.1223097070142057
20,41.8611,124.0436,-0.1217743442308169
537,23.7233,114.6892,-0.1191813047150687
170,35.5461,106.6692,-0.118811591760278
476,46.7432,82.9994,-0.1186955274625265
46,34.7965,114.2885,-0.118504744765052
574,38.497,106.1015,-0.1180835758640676
330,31.6219,120.275,-0.1179476710641067
403,27.1312,114.99,-0.1174496035346395
719,47.27476,4.099476,-0.1172772903238537
1317,42.060284,-87.86323,-0.1157724617348001
899,40.540351,-3.645253,-0.1156885870326389
619,30.9413,117.7807,-0.1151835061887034
241,32.9427,117.3605,-0.1146484988034746
206,42.0224,121.6717,-0.1139417340021245
959,47.513333,21.624444,-0.1135304796945114
273,37.7541,115.6838,-0.1121069762194822
90,36.1031,103.631,-0.1120834438320509
321,36.6133,114.484,-0.1110284945089697
643,37.4442,118.5857,-0.1105223728498186
1436,28.332226,-82.30564,-0.1103569244419844
470,26.2714,117.635,-0.1075943245041647
950,50.46519216,3.939714326,-0.1073716760512292
444,25.2697,110.2819,-0.1072810030724368
1257,41.182465,-81.33048,-0.1068828485864269
1397,33.331112,-87.00361,-0.1066064886352829
143,32.6494,110.78,-0.1060932081028809
141,30.2092,115.0307,-0.1047373133955619
286,33.9528,118.293,-0.1040516767081417
371,43.8447,125.3863,-0.1030302002970589
610,30.8955,120.0875,-0.1024881026037893
1288,30.229652,-90.96563,-0.1018869279266573
1314,30.085262,-93.76134,-0.1005162256262559
962,45.957778,12.618611,-0.0989149244231255
1165,43.0819,-1.9127,-0.0976855536014934
1430,38.85287,-77.63462,-0.0965461046193001
186,30.2981,109.4978,-0.0964320865307107
378,43.9166,125.3325,-0.0956100015014787
236,32.8977,117.3145,-0.095320945762224
1224,53.74878,-0.341222,-0.0922993288567185
281,37.8873,112.5139,-0.0922326727757587
245,32.633,116.8281,-0.0919797223861351
458,31.381,120.999,-0.0904928252493655
1066,45.263142,27.969506,-0.090185064930901
1194,49.18742,6.910867,-0.0874701873317946
622,39.2474,117.7918,-0.0846540311865944
50,34.7752,111.1922,-0.0840760500457689
366,45.7667,126.635,-0.0839990768128746
21,41.3094,123.7169,-0.0830519839438073
604,25.8481,114.9461,-0.0819987726280865
1420,35.158688,-78.728035,-0.0803968078200478
526,27.8851,102.2685,-0.0799508034109393
1267,35.85611,-78.574165,-0.0765686538118441
23,41.2864,123.7669,-0.0752499016383928
425,29.9572,121.713,-0.0730940905758953
1449,27.946688,-82.731766,-0.070982740008093
518,29.5844,103.7627,-0.069549015076098
1322,40.816,-73.902,-0.068638345593056
1330,40.92458,-75.06782,-0.0683025460090103
868,47.739919,26.658519,-0.0673339321587987
242,32.8911,117.4185,-0.0650588059321119
654,28.4586,119.93,-0.0640971393108839
249,30.97,117.8483,-0.063789090319652
347,32.0745,118.7794,-0.0634213021979785
1138,52.401352,13.059945,-0.0630349587385579
552,28.6542,121.419,-0.0615484341731521
681,48.847917,10.096292,-0.0614032853666818
512,25.0925,104.9022,-0.0613958046529424
207,41.1953,123.2,-0.0613819370450852
878,43.293137,5.574184,-0.0597655471380503
957,47.0674,8.46333,-0.0582982312917523
322,36.6114,116.9862,-0.0575830264292691
147,30.9891,112.1969,-0.0573328783269124
739,49.357861,6.73354,-0.0570196251116566
1455,38.23887,-82.9881,-0.0558568087280645
1368,34.530716,-86.96754,-0.0550066130439662
492,26.3108,117.7275,-0.0544067197354074
487,46.098,85.6979,-0.0530813478415421
327,31.1907,121.703,-0.0521532335374233
528,26.5892,104.8,-0.0498665361316788
1182,51.839382,10.790143,-0.0498019234397278
360,40.7612,111.717,-0.0489257142927426
1354,40.814182,-79.56475,-0.0487685315258864
1238,40.6646,-3.7739,-0.0449618991368141
565,26.1028,119.2984,-0.0439399635163126
1348,34.454514,-94.143524,-0.0438815003781125
1272,40.084515,-82.81558,-0.0425152290080543
786,46.80138889,13.49388889,-0.0416795297098483
1308,42.5956,-87.88576,-0.0398710256698349
1284,32.535294,-93.74704,-0.0384636308420724
864,42.90056,13.33667,-0.0380958546585259
1244,34.09396,-80.9623,-0.0372696980081738
922,47.649258,26.249011,-0.0371873696851447
1311,40.712776,-81.598335,-0.036618713819124
1340,29.723333,-95.63583,-0.0360430440256947
1366,42.86183,-71.878624,-0.035447080194904
1274,41.53694,-81.45887,-0.0339608143528336
1350,42.51831,-89.06347,-0.0331955392733682
1450,43.34317,-87.92087,-0.0322885427257119
1074,43.5512,-5.9197,-0.0319191585877016
977,45.154075,26.818619,-0.0319045171675698
1304,34.474525,-85.408844,-0.0317400652062104
176,41.1551,80.2613,-0.0312074865101025
855,42.142889,24.765239,-0.026610117819551
262,46.6554,131.1524,-0.0259629936554833
717,43.404011,21.947746,-0.0258136686894248
770,45.4512,7.878,-0.0257316683724886
1279,39.9428,-81.3373,-0.0247316094771608
798,42.404687,12.857794,-0.0234374887214438
222,39.3522,112.4397,-0.0213594957039186
172,42.9418,89.1904,-0.0210896112351314
259,47.3388,130.3114,-0.0208725302054031
161,35.7511,114.2956,-0.0205787096307883
92,38.5036,106.1358,-0.0195503660410968
1064,56.2904,8.4274,-0.0194702048306803
234,42.8845,125.1358,-0.0191588206139141
1010,53.56292,-1.510436,-0.0189979645026857
1383,39.117218,-94.635605,-0.0186660364028915
994,49.872303,8.664619,-0.0173242283923554
911,50.11108017,14.50309563,-0.0164475676694454
101,36.2125,113.0886,-0.0159915022384335
989,53.63074,10.110595,-0.0159225971860416
1374,42.19438,-72.555115,-0.0158079267627107
1101,42.056383,25.59345,-0.0157814731729245
465,31.737,119.579,-0.0154673086782781
738,45.431539,28.054742,-0.0153044646601427
219,35.5051,112.85,-0.0151606396495826
1234,50.44914,2.9,-0.014728495605493
894,50.159406,19.477464,-0.0111961710270184
1120,50.94535924,3.15240159,-0.0097752214668453
965,45.59667,5.918611,-0.0096041040835853
754,49.744886,21.454617,-0.0094919793895597
308,30.6217,114.3646,-0.0056782217296525
729,46.072224,5.820833,-0.0049487832392813
902,45.038831,24.298631,-0.0041335653810219
941,47.04027778,14.330725,-0.0018864163351032
1408,40.3663,-80.6158,-0.0008422856645105
42,34.6258,112.4267,-0.0006269778416513
1391,39.749027,-86.18627,-0.0001710631736827
1265,35.233475,-85.18158,-3.1473058592860004e-05
93,34.9976,118.2794,0.0023693111456565
806,47.128863,10.034324,0.0025158421275485
263,46.5656,131.12,0.0036450490362484
323,33.575,119.007,0.0037155724192968
1003,48.77586,5.162789,0.0065515422570902
19,41.8822,123.9161,0.0079032872871902
1042,53.924712,9.532635,0.0079802031319214
138,30.2313,115.0601,0.0099919496752607
239,46.6365,126.9785,0.0105205198787075
733,48.051117,7.011114,0.0134527699909064
146,32.1142,112.1825,0.0136670685420267
732,45.9225,6.87,0.0136958892427485
1117,51.0612777,3.77526239,0.0155271488491987
1323,43.14618,-77.54817,0.017506521892887
869,47.913256,7.908035,0.0175150490084644
9,44.6075,129.6364,0.0179849961463936
1193,42.39197569,2.842138412,0.0188722882137306
1432,36.60843,-83.73694,0.0193020920578239
581,42.0353,119.2658,0.0195538139507291
1386,41.81305,-88.07283,0.019842989482926
1260,32.82006,-96.860115,0.0204308629215834
918,48.904228,11.948795,0.0205521159651202
358,41.6989,123.4231,0.0215213928650135
1395,33.545277,-86.549164,0.0217026430030569
198,32.6939,109.0281,0.0218758135317349
1401,30.681719,-91.36625,0.0221181749105442
1037,49.83918762,18.26368904,0.0223974265909196
6,47.2988,123.945,0.0225053302611049
1414,40.046665,-76.28333,0.0226764785667409
486,45.6094,84.895,0.0243483958276327
1106,50.84971052,4.33410368,0.0245451535962071
65,40.6288,109.8642,0.025584362081667
267,46.8028,130.2751,0.0263415125082407
124,35.4209,119.471,0.0291750586963631
734,43.310833,-0.391111,0.0294640636709808
969,51.453459,6.86505,0.0297199100219907
572,38.4418,106.2266,0.0305191300156578
1333,40.06483,-74.44405,0.032580014469913
1273,39.70595,-79.012,0.0336172440760708
889,50.74823,2.25978,0.038602810239629
1241,35.507225,-82.96362,0.0389639970106703
382,39.9295,116.3392,0.040403996080493
939,46.23451421,15.262476,0.0411699869182173
886,53.246535,6.608937,0.0411772637428077
1258,41.606663,-87.30494,0.0450161651104646
577,30.6558,104.0219,0.0456771929162913
563,29.6038,115.9114,0.045821674842779
561,29.6547,116.0172,0.0472913754957957
1154,41.66638888,-4.715,0.0476260651433828
750,43.2757,-5.596,0.0480685207246263
318,31.8403,117.1318,0.0506192520333314
478,27.72,106.9178,0.0507955628864199
238,50.2472,127.5291,0.0512628837860567
1381,38.548138,-82.73116,0.0517378023744528
389,38.0058,114.4586,0.0518000783560892
1422,44.616943,-86.109406,0.0525417172016976
1124,45.690278,9.643889,0.0526297901267691
319,38.9108,115.4713,0.0533015537181835
1418,45.49664,-122.602875,0.0546947743962084
677,43.2561,-5.7759,0.0574181384630556
904,50.78944397,14.08679867,0.057525798311549
214,46.0656,122.0392,0.0580700706125164
1208,44.386558,23.733658,0.0581421677389728
174,42.8172,93.5128,0.059427115151897
167,30.4742,114.9028,0.0605231880566857
1389,39.40745,-94.26537,0.0609029135462813
1039,50.766815,7.973542,0.0609683663279773
204,38.8411,105.6985,0.0620397245356551
1252,42.416637,-83.90218,0.0649753015970065
1415,30.419806,-91.182014,0.0659442217458622
967,53.480927,9.857223,0.0665174333468051
617,39.0845,117.1589,0.0673967779304243
1239,45.248889,10.299444,0.0678446337865866
942,45.55879167,18.69876944,0.0685463516040296
985,49.351124,8.423,0.0693241709284832
1372,46.81826,-92.08936,0.0707661301148167
391,38.8394,117.457,0.0732954445030698
913,50.08148193,14.4426918,0.0741208663147797
627,22.5978,114.297,0.0750537960422546
385,40.3275,116.6275,0.0752511302618937
127,36.7023,119.1437,0.0768088753374165
1425,40.304695,-79.50567,0.0774613518786545
434,29.4758,113.2621,0.0775439006736157
652,37.374,120.399,0.0775531826063711
1404,39.99139,-75.08083,0.0796160830634057
550,30.3714,114.8989,0.0819481289528085
903,50.37658691,13.32762241,0.0823115569145985
413,28.7199,104.5742,0.0825217771493433
1262,36.085506,-83.76481,0.0826316380348151
867,51.207944,10.450997,0.0846837062439853
99,40.0844,113.2711,0.0855415568883291
933,46.401944,13.011111,0.0860271708037602
1115,59.316007,18.057807,0.0863556196683153
1090,50.221941,8.446079,0.0867455444382414
775,46.06554495,14.51272032,0.0870998404201752
128,36.1937,117.1437,0.088524386978826
35,34.3617,108.7233,0.089123669460965
874,45.60822,5.270872,0.0894807824765083
1325,44.08747,-75.97316,0.0899515415060831
1077,43.21291,-3.1344,0.0911290709623099
1338,38.48123,-77.3704,0.0921180135541507
984,54.09323,10.240596,0.0924350650363131
1253,48.41252,-92.82922,0.0924631743383304
686,48.610363,7.781631,0.0931967281458132
1282,35.500103,-82.59986,0.0949189636714512
513,25.0992,104.8811,0.0951241679752939
189,31.1986,107.5082,0.0953748406878666
744,43.34639,-4.06417,0.096136779584337
805,46.05184,11.45389,0.0966436480568148
968,50.889871,6.985074,0.0975914536538553
998,48.173194,11.648036,0.0986066900397382
1020,45.560556,11.539722,0.0988168461746474
320,38.8632,115.493,0.0999324072090875
558,29.7535,116.0721,0.1013909137652452
997,55.862281,-3.205782,0.1023620393385661
454,29.6963,118.2903,0.1030833130945645
570,27.9939,120.6748,0.1058661189742073
261,46.6191,131.1652,0.1059363931884889
139,30.2006,115.0817,0.1061016587100332
1426,30.848612,-85.60389,0.1068510510083857
1309,45.56498,-88.80859,0.1089807729582161
943,47.05917,15.016667,0.1097567316110497
727,47.651725,23.570508,0.1115829754853527
1302,37.1655,-78.3069,0.1120101740775451
588,35.5934,104.6194,0.1128674477413765
68,40.6511,122.215,0.1130317286857524
807,47.410164,9.653713,0.1136698199900456
1021,45.89,0.9,0.1141317883228085
199,30.2756,118.1371,0.11449061348251
48,33.742,113.3257,0.1156106262655991
701,46.13167,9.56639,0.116340759257023
192,33.8715,109.9154,0.1164038866296546
270,37.7124,112.469,0.117365161308027
646,36.6331,117.9592,0.1180904446972607
636,23.4714,116.7519,0.1184041427234454
1247,35.0608,-83.4306,0.1184507134442809
506,27.7344,109.1839,0.1204618491011198
523,29.9775,102.9905,0.1219858231610707
1306,44.70735,-89.77192,0.1232900425713677
296,40.8336,114.8883,0.1233735486542389
544,39.7443,98.5061,0.1234270146188955
369,45.8167,126.561,0.1237448700275997
442,36.7729,119.1936,0.1242344853790785
1136,42.45639,14.23472,0.126058720217677
1181,50.30886,2.807369,0.1273608133588564
253,47.3086,130.2684,0.1301361442583007
386,40.217,116.2296,0.1313672791759127
460,31.882,120.55,0.132117106522309
1454,39.96528,-76.69945,0.1330658726799427
1332,35.9138,-81.191,0.13334726925951
1087,50.383217,8.060998,0.136824935749676
690,44.3818,7.5382,0.1387537221707789
374,43.8805,125.3297,0.1391940066679113
720,47.3456,5.002377,0.1408415237311286
653,29.6277,106.6556,0.1422106610290107
447,31.388,120.953,0.1472282500066822
573,30.4663,106.6271,0.1478803160662718
808,48.782852,20.987197,0.1479764471385051
1289,35.379166,-82.7925,0.1481293571082531
58,30.8064,106.056,0.1489212752840371
917,47.72514,10.306561,0.1502087829002543
1098,51.15013609,3.80873543,0.1509158385674152
136,34.4045,115.6458,0.1509861917554844
674,50.007629,18.455548,0.1510823657323386
188,30.5232,105.5582,0.1514800662619108
1147,52.115725,21.237297,0.1530207206310303
445,27.6253,113.8493,0.1531273541181147
1355,39.80933,-80.26567,0.1534112638938584
380,38.8639,115.5086,0.1545682115535291
995,53.56414,9.967882,0.1549498836870668
773,48.40861,15.619166,0.1604091319024618
687,45.183611,11.311389,0.1607950235567239
264,47.4311,128.5159,0.1623064232047083
248,30.8792,117.7439,0.162799281268966
1206,45.238642,19.835704,0.1630089129370749
793,47.06701111,15.49368889,0.1630962280879538
1412,29.901035,-95.32613,0.1632253883130745
876,44.99694,11.07083,0.163336427564672
648,28.3611,112.9581,0.1637938861885315
749,43.313,-7.6937,0.1665121272460339
420,28.1136,116.9822,0.1668709233239018
452,24.5058,118.0936,0.1677264063279529
1297,48.5103,-113.99681,0.1689713842289179
1248,41.4271,-80.1451,0.1694434365892606
182,36.5446,104.1724,0.1702023223142292
1440,47.5525,-122.06472,0.1705321131656372
18,41.8491,123.7977,0.1717869641375184
1072,49.634841,9.657919,0.1719553450875183
531,29.5822,105.0406,0.1738237475203133
1369,43.176674,-85.41661,0.1740849404999386
51,30.7856,106.1064,0.1763217423924397
405,28.7562,104.639,0.1779518711630878
1161,50.876983,18.416878,0.1796719975407381
16,43.8358,126.5844,0.1812304058373397
850,42.637192,23.243864,0.1818359463429741
339,32.0005,120.86,0.1820962505436702
533,30.5366,105.5861,0.1822334472160928
166,31.0386,112.2213,0.1840479928106422
297,36.3083,120.3999,0.1844884549009195
227,37.7067,112.7249,0.1876808964851709
834,48.257474,13.03923,0.1895321871502497
548,28.9666,118.8709,0.190498230613399
1439,39.310833,-76.47444,0.1912542916503134
71,40.1503,124.4256,0.1917848943088886
1173,50.900317,5.986853,0.1919694778796443
252,45.1214,124.8006,0.1920293103465088
275,38.2991,116.8842,0.1931097945306035
1153,41.63528,-0.89361,0.1937729779958976
1328,41.05192,-73.76366,0.1958974038997021
120,36.8103,118.0414,0.1981206605786327
650,28.7728,104.6201,0.1984799302286124
801,45.463333,10.480833,0.1999749843812573
280,40.9763,117.9392,0.2005644821735985
355,41.8467,123.4264,0.2009861177856968
148,33.5698,114.0261,0.202459721039748
1280,41.420883,-82.095726,0.2025169811509372
1029,42.53417,12.52194,0.203086749728589
640,29.6815,115.9872,0.2037141464535326
1347,37.71325,-119.7062,0.2048878767815775
474,30.2111,120.2072,0.205820778418783
947,48.33472,16.729445,0.2070940023643724
1300,33.43395,-84.16181,0.2093390966394142
844,64.244226,19.767238,0.211101120581799
1166,41.04,21.3564,0.2111028372432582
466,31.4,119.46,0.2111325780904866
813,47.04735,16.07905,0.2112531745212548
1170,43.5915,3.88681,0.2115134313290803
1268,40.026035,-82.433,0.21265233153964
1278,41.24045,-80.66272,0.2127598671478982
433,32.0931,118.6414,0.2135222591299737
870,52.800773,10.756733,0.21514625033459
317,36.6734,117.1265,0.2155088145304672
53,30.3544,112.2008,0.2156657700478677
571,25.0492,101.538,0.2181743687030547
41,35.0697,109.0697,0.2185250108765452
508,28.1308,112.8908,0.2217877540473885
669,29.4251,113.1493,0.2225769109292302
817,47.8055556,13.043333,0.2227629154374631
277,39.5269,116.7244,0.2241707897882632
820,48.753179,21.245046,0.2263389573650508
496,26.5939,104.89,0.2271252833820739
1441,31.188932,-85.423096,0.2278619291075118
553,24.8978,118.5972,0.2321929659447715
536,23.4835,111.2711,0.2328792427068702
1356,39.96111,-77.475555,0.2339170348224734
130,32.1195,114.0775,0.2344912582169519
335,34.2778,117.2933,0.2356299480578048
469,30.8388,106.1087,0.236484392834465
1301,34.785217,-84.62643,0.2368429219359842
208,41.2495,123.1683,0.237908861108995
1275,41.55523,-81.57526,0.2395039565656181
600,26.5917,104.83,0.2419214980642222
1375,42.298492,-72.334076,0.2427597528801608
30,36.6106,109.5056,0.2443489626154348
28,34.6886,112.494,0.2450426234894356
771,43.3583,-5.8664,0.2450612877147217
1277,39.42689,-84.20077,0.245496071935125
1321,40.72099,-74.192894,0.2457645491858579
1299,63.7232,-148.9676,0.2464941298683207
871,54.436985,12.721938,0.2465645918960994
781,48.167961,17.106244,0.2481577353327335
797,46.7675,15.956111,0.2483786769102752
457,36.253,120.014,0.250113567073941
427,30.6465,111.3549,0.2504593063445253
1207,38.748611,-9.148889,0.2507459442540529
953,45.69802778,18.83463889,0.2508427763920952
683,45.6725,12.238611,0.2512467536111492
991,47.2474,6.015419,0.2521451104419943
1345,41.97639,-72.388054,0.2540282382488933
930,51.746848,14.33447,0.2581328773258642
314,31.8707,117.2588,0.2582925358210303
1261,35.63348,-83.941605,0.2584327180068211
331,31.5475,120.354,0.2584884915046685
123,34.5578,117.7276,0.2640309579990592
292,37.8692,112.5369,0.2654969777642501
224,39.3197,112.4258,0.2658963230337122
439,29.1217,110.5319,0.2662033128126541
978,44.865555,-0.939444,0.2671377401229479
934,47.5292,9.9267,0.2711037356698538
217,39.3278,112.4072,0.271441786576429
1183,51.303394,6.819887,0.2715655638074308
473,26.6272,118.1756,0.2719341490099827
675,48.962223,4.36,0.2719606829520074
597,25.0441,101.5482,0.2729479052276888
115,34.7837,117.2852,0.2734573035309591
1359,40.46542,-79.960754,0.2765499896385623
794,65.04338,25.4979,0.2772611112450205
621,27.583,110.0394,0.2773085418807609
1437,29.823318,-94.98379,0.2783261550960016
1298,64.84569,-147.72742,0.2791390042903032
1113,54.97825,-1.610528,0.2819682879776991
667,26.6027,106.7109,0.2821519137001324
344,34.2761,117.179,0.2827964546771586
637,36.913,121.531,0.2829647687115628
851,43.126475,25.691211,0.284991036011578
1256,39.48599,-87.40131,0.2855223690568854
772,45.515278,10.219444,0.2869220252351441
1349,43.1818,-87.901,0.2880489278280354
826,45.1546,7.658,0.2881323808992212
304,36.6116,114.5302,0.2911221045082128
546,30.9285,113.9153,0.2922027758048185
162,35.7306,114.2878,0.2932020428957038
983,41.947654,12.533667,0.2935675462169635
43,36.1017,114.3551,0.2936702102387223
400,27.0999,114.9658,0.2941861807047528
897,60.22393,25.10244,0.2945607500359387
519,30.1383,104.6295,0.2960021631708123
623,33.5828,114.0138,0.2967403810996938
1259,29.767998,-95.22058,0.2967568223280941
60,41.0971,122.9642,0.2970008823935353
404,24.8886,102.8204,0.2982639445868508
1446,43.670834,-110.59947,0.2984313994063293
278,39.5111,116.6708,0.2993152279947851
1377,43.97462,-70.12461,0.2999488408208884
177,39.4467,76.0072,0.2999981823586104
582,29.5462,103.7723,0.3005213272075084
1387,33.317142,-86.82575,0.3027703612096857
642,24.7733,113.5824,0.3035040871039489
1392,38.71085,-90.47606,0.3043821863572553
324,40.8369,111.7516,0.3047492243103237
1286,36.02661,-80.341965,0.305320680190855
359,41.7406,123.505,0.3093828206794418
254,45.1722,124.7965,0.3106841709007417
54,31.4535,104.7563,0.3109732563925767
370,43.8325,125.1761,0.3149049258027128
1303,33.588547,-84.06961,0.3150180352142788
594,34.6972,119.3581,0.3156329635207004
165,35.7609,115.0574,0.3170575663105173
566,28.0089,120.634,0.3177027531334363
1385,38.11515,-86.60325,0.3199553616414664
1407,41.965195,-87.87627,0.3210257703216591
1400,30.439722,-84.34639,0.3213988023237642
819,45.6642,8.1598,0.3214320072558821
1384,42.334984,-89.03777,0.3215475335864098
1071,47.664361,9.169289,0.3216210011198125
78,36.229,117.6795,0.3219740722999212
144,32.5714,110.8839,0.3222876866061797
86,34.2173,108.9356,0.322525367846395
426,37.3753,97.3731,0.3240056946829598
368,45.5419,126.979,0.324540933905524
1079,41.91614,0.191101,0.3245451086516029
1382,38.06503,-84.49761,0.3264715087216936
1403,29.939613,-89.92388,0.3272254945523823
929,51.897598,14.057064,0.3276098476874571
854,42.666508,23.400164,0.3282031241023225
767,44.013056,12.42,0.3282044221760897
67,40.7094,122.2703,0.3282778773010241
76,40.7514,120.8392,0.3296446761121918
179,44.3075,86.0697,0.3323172861332092
549,28.9398,118.8692,0.3327516188637396
10,44.5462,129.6386,0.332961063909938
555,31.7231,118.5228,0.3403951465291156
343,32.1028,118.9125,0.3418267436103835
979,51.396095,12.234054,0.3436411233871717
1452,40.27813,-105.54564,0.3437644601723034
1069,52.398406,13.368103,0.3450542275612338
116,37.4451,116.2991,0.3472709661267023
356,41.8411,123.5903,0.350198359934976
1353,40.56333,-78.919975,0.3520981264453077
133,32.9917,112.5192,0.3523332057218711
975,49.628771,8.364779,0.3528984935045233
608,27.5444,109.9453,0.3530868374276009
100,36.1989,113.1031,0.3541184602820627
746,42.14326062,2.510206967,0.3546419103847895
1281,35.76541,-82.264946,0.356545459154588
367,45.7733,126.689,0.3577505506102629
661,35.4828,112.8271,0.3582786426481414
1445,35.988277,-77.5843,0.3586748918516498
803,48.16206944,16.52561389,0.359688962832694
900,66.3217,29.40157,0.3597338940168263
392,39.0343,117.707,0.3603070854685378
883,50.736389,15.739722,0.3612277502722753
882,51.60308,4.781016,0.3612781804526344
1201,41.15604,15.09675,0.3613002851847154
397,26.3003,106.805,0.3615794512031718
228,37.6982,112.6991,0.3631103838661452
44,36.0681,114.361,0.3633388814430314
187,32.4287,105.8628,0.3642521162375112
256,45.3001,130.9762,0.3644800830269344
153,32.8929,115.8277,0.3660330657198902
1270,41.515053,-81.24991,0.3664929577779879
973,49.446,7.7673,0.3668501508290038
184,30.1256,104.6296,0.3677229034607141
1313,38.86067,-90.10585,0.3687799211071126
287,33.9592,118.2442,0.3690818243050031
1221,43.4015,-5.8028,0.3699073045703652
1006,51.27399,1.098061,0.3707887376183991
1127,45.5966,7.76643,0.3716719953365432
57,31.1317,104.3826,0.3722709848159989
1388,37.70097,-94.03474,0.3742153003595264
1140,50.68352509,14.04119492,0.3754047880624835
612,24.6947,108.0497,0.375524978420784
468,47.8517,88.1264,0.3762143653691239
59,30.8023,106.0789,0.3774525359130891
632,22.5311,113.0219,0.3808387818412567
282,30.1808,120.0883,0.3809946669667212
620,27.7314,112.0194,0.3819694587082879
164,35.7636,115.0312,0.3827004775913453
1316,29.632057,-98.56493,0.3841575546087755
1352,31.893913,-106.42583,0.3851063911047732
840,54.68611145,25.2108345,0.3864927567555625
491,43.941,81.3364,0.3872607778866995
265,47.7412,128.9102,0.3888859485559617
443,49.2261,119.7594,0.3889066219723938
1290,35.587143,-83.07416,0.3896700209228516
1444,45.25928,-122.58815,0.393027225646558
542,27.7569,111.9561,0.3935019673067926
1319,39.866833,-88.92559,0.3979206839254944
1056,43.1788,-6.5527,0.3988742416274587
952,46.951,7.44087,0.4016070254357848
328,31.1654,121.412,0.4019938424680221
529,31.2132,107.4988,0.4027121965212019
615,37.6828,112.7195,0.4037595793658902
796,48.1061111,15.91944444,0.4062758087320416
1344,41.84046,-72.01037,0.4157099701357436
697,49.66958237,12.6778841,0.4178233527118585
1379,32.50996,-92.046196,0.4188914005478439
33,34.3739,107.1186,0.4191823893739584
1346,39.4125,-107.23056,0.4202874424051378
1312,32.364567,-88.73149,0.4229195685160738
1132,49.165508,9.224786,0.4232625653477168
333,45.7478,126.593,0.4247214059702026
417,28.2475,117.0311,0.425746781751633
311,36.6868,117.0624,0.426313417709188
312,31.3019,120.591,0.426691104395873
1339,38.8577,-77.05922,0.4295865700584632
763,46.17,1.87,0.4302162160584814
890,47.2225,-1.5375,0.4306778326922402
1373,38.45934,-82.64041,0.4325129965655291
540,28.2558,109.6414,0.433494743448762
517,27.5578,109.9972,0.4350072000176231
218,33.6406,114.6369,0.4367656003807664
134,32.9735,112.5003,0.4378395024209046
799,47.09436111,15.41511111,0.4386815329342201
1219,47.60472222,15.67305556,0.4415331046680969
340,32.02,120.87,0.4418592422688655
1429,40.689255,-122.40219,0.4429084072476838
1399,32.362606,-88.27799,0.4445725253010983
1001,47.73344,12.891241,0.4541647789639043
1285,30.700895,-91.05607,0.454299059228254
483,38.5167,102.1692,0.4565868797595734
149,33.5698,114.0055,0.4573208684897928
1050,46.522,6.63963,0.4573218728602304
1307,43.7775,-91.2269,0.4574298265891485
1310,45.2384,-86.994,0.4579300822167125
905,45.873889,10.1775,0.4597831204731225
1292,35.320107,-97.4841,0.4598014064017679
377,43.9027,125.2863,0.4599356537858357
1040,53.060045,8.916966,0.460154678870505
630,27.9119,112.9074,0.4604993184487144
665,31.751,119.579,0.4607357096300943
1246,33.342224,-81.788734,0.4613387437353701
29,36.6028,109.4761,0.4621913922705523
1014,50.32276,3.39593,0.4622852521129033
1351,29.733727,-95.25759,0.4625095227208243
982,50.892377,14.822846,0.4651936123593587
303,36.5713,114.4918,0.4664206955747733
1394,33.553055,-86.815,0.4684905248007011
698,49.77012634,13.36822128,0.4689139222682814
1096,51.838221,5.856938,0.4692887061235373
804,48.124711,17.125496,0.4719875132608445
205,41.998,121.6094,0.4722563592837556
451,26.4365,106.6555,0.4742477753830071
1105,59.399355,18.077416,0.4760297084465865
150,33.5699,114.051,0.4769120532850142
1168,43.79306,11.09778,0.4774176663007999
685,48.85731,7.314175,0.4785247665970283
785,60.608299,15.6294,0.478671598208185
436,28.9703,111.6975,0.4805645610781013
163,35.303,113.883,0.4823773116940418
494,25.7759,113.0348,0.4826502132591476
1128,45.371944,11.841944,0.4830110169625509
853,41.694342,24.738078,0.4832809717414224
1034,43.66028,11.90167,0.4835079470154234
1179,46.555842,26.926942,0.4863805911599201
935,50.88369465,4.382977505,0.4869205189464493
691,48.001511,7.832122,0.4873140829731589
557,32.6389,110.7258,0.4878969396728596
1431,40.73614,-73.82153,0.4884569612436005
1110,53.40337,-1.752006,0.4886598886129074
923,51.054558,12.141322,0.4889659585565681
524,29.9833,103.0111,0.4907989810357871
415,28.9634,105.4324,0.492519256929667
551,33.015,114.0114,0.4936079476353838
624,35.878,120.005,0.4943575899830468
700,43.610497,2.23015,0.495695864414386
1398,27.939747,-82.000084,0.4969385351656351
91,38.4975,106.2328,0.4974127384513146
481,27.8403,112.9118,0.4997810523853199
1149,43.3094,-2.0109,0.503165785875948
777,46.13111418,14.99611517,0.5044123495838561
514,28.6842,115.9314,0.506191727754529
1177,43.3665,-5.833,0.5065273351901419
212,41.5646,120.4521,0.5082042838599935
421,27.8246,114.9231,0.5082660307873511
1015,48.17278,6.452811,0.5084175157495047
346,32.0309,118.8109,0.5095112096618107
602,44.0114,87.2997,0.5099461145740729
960,51.25210341,4.491362028,0.5131183959568372
383,39.9611,116.2878,0.5164339086554743
247,30.9412,117.8177,0.5183223616335824
925,52.99875,11.73846,0.5213176219708892
722,49.40619,1.15515,0.5221749665693446
628,34.5023,109.4259,0.5223336579585969
1197,44.429489,24.351389,0.5224053713234228
158,33.8518,115.7789,0.5236030605226552
1411,34.623238,-82.53206,0.5260835029938957
119,37.393,117.9776,0.5261836371118971
399,29.4572,106.3754,0.5275181490330432
576,38.4842,106.2757,0.5279797730663695
888,46.58389,0.345556,0.5300751633843004
970,51.698954,7.122684,0.5315695420284491
441,29.5102,106.5777,0.5317201166638226
152,32.2786,118.3244,0.533081082729955
104,36.0714,111.5028,0.5359309850151932
836,44.79361,10.33167,0.5367817738178433
741,59.4944458,25.9305687,0.5385521897498262
762,45.158745,1.537222,0.538965308795289
498,34.7178,113.7329,0.5420898899799232
305,39.9041,119.5251,0.5427010506961576
401,28.793,104.563,0.5427885313812298
462,31.955,119.18,0.5429438833804415
269,39.6973,106.8174,0.5430818352957579
500,30.2798,109.4707,0.5435607326258036
638,23.0822,114.4053,0.5450410850808138
1130,51.47707,0.317969,0.5452936855204439
1331,41.058617,-74.25555,0.5464005907522138
423,32.0754,118.7997,0.5465092546603695
1155,43.26444,-4.06278,0.5531827714082441
611,36.5482,104.1465,0.5535949290156549
633,36.5819,101.834,0.5551096817710872
1423,35.43477,-83.44213,0.5560017788027685
760,47.594257,1.302667,0.5569550748601046
1343,41.78472,-72.63167,0.5585021623866865
180,36.1911,113.1569,0.5589058192525048
1180,56.15976,10.19364,0.5590614533661137
1266,36.0388,-85.7331,0.5605336548411546
230,35.0303,110.9686,0.560817351925898
892,44.926111,10.370833,0.5611145195935593
932,43.322554,21.919025,0.5672590328276126
1058,46.064275,23.563517,0.5699810479895111
429,36.0022,106.2792,0.571322069507817
437,27.9153,113.0048,0.5730172719225086
569,26.8906,100.2203,0.5765655838777703
914,52.146264,14.638166,0.5767963542121942
684,50.010575,19.949189,0.5776088454092301
562,22.2281,113.299,0.5806081853822136
279,41.0026,117.9268,0.581002452553788
1210,47.068717,21.927233,0.5810681695839826
695,49.50260925,18.53856087,0.5825257541300121
530,31.2827,107.5277,0.583281020670733
181,34.5538,105.8945,0.583299151864882
598,26.4214,111.6156,0.5842971300633134
931,50.12218857,14.46757793,0.5873411197607021
885,51.407365,5.393328,0.5902929977899094
8,44.5963,129.5904,0.5965153089615024
672,52.420319,16.877289,0.5968314577990508
1122,43.867496,18.423061,0.5989498819039131
326,45.7319,126.685,0.6026308383060306
406,30.1819,120.2697,0.6026578612347347
103,37.4236,122.1214,0.6036326418397119
1002,53.37287,-3.022722,0.6042240487740383
422,32.0023,118.7752,0.6062698869405796
824,44.5,11.286111,0.6071285067581642
541,27.7044,111.9892,0.6077641302807835
730,45.683333,9.466667,0.6087510766678954
409,27.7844,114.3956,0.6129999006748459
641,24.7791,113.6735,0.6135046086301373
647,36.8406,118.0253,0.6144077062669558
1013,49.276386,2.482167,0.6157689171337524
142,32.395,111.0419,0.616465081394436
293,37.7394,112.5583,0.6166966243315821
1134,45.736694,21.250808,0.6190005121721885
2,43.8306,126.555,0.6196880909806093
591,36.61763,114.5129,0.6200401018303646
1175,46.329586,-0.458889,0.6256857570658182
706,42.09791019,1.848237224,0.6275057691985588
301,34.7525,113.64164,0.6276800323271159
477,29.2617,117.1547,0.6292069331543131
539,28.3169,109.7325,0.629558977625961
122,36.8194,118.3092,0.6321276283634163
1254,34.002747,-89.79919,0.6325733295813614
1148,45.1619,5.7356,0.6330905195983426
408,27.0968,115.0093,0.6331918777631191
159,30.6618,117.47,0.6333093982141331
1057,52.349703,13.424304,0.6344627984780845
1199,43.650722,25.363583,0.6345031362983357
416,28.2264,117.0222,0.6346312478456779
315,31.8571,117.25,0.6379381241741076
231,38.4519,112.7383,0.6387839821209778
485,31.0201,103.6202,0.6389134141562643
215,40.761,107.4212,0.6445625473033041
1011,43.91611,11.00694,0.6448468600119165
1453,32.41281,-86.2634,0.6452191905950626
605,27.2442,111.5283,0.647093180280203
1,41.1442,123.0485,0.6494962930177571
398,29.7166,106.6205,0.6494978795665998
956,44.9513,7.6362,0.6523984183091214
678,50.836389,19.130111,0.6540351017975502
725,49.02134,1.148319,0.654054367062167
607,29.2956,117.2461,0.6543554715187757
660,36.1851,120.3905,0.6555247838382205
865,50.978292,10.317236,0.655585883026086
390,39.9136,116.184,0.6565853769540042
791,56.00833511,21.88694763,0.6567592301880393
1209,50.912475,15.31219,0.6568511465367375
587,31.9996,118.7356,0.6573952231002167
251,46.7975,130.3258,0.6581813780781425
1410,29.68639,-95.29472,0.66091847245324
160,35.9019,114.17,0.66098675220903
97,35.2375,115.4747,0.6623579925041526
538,28.2675,109.6958,0.6657461862033985
246,33.9477,116.7856,0.6659118980861004
288,30.2692,120.1903,0.66733944959918
809,45.83611,8.80417,0.6673609627109393
1068,47.145014,23.877389,0.6696398089828562
954,67.878588,21.062962,0.6723881849093394
463,31.909,120.237,0.6740011414682682
1030,50.5976,-3.71651,0.6751766850543508
375,43.8772,125.3716,0.6764675539107228
1405,43.577602,-116.178154,0.6790103076235711
737,49.233464,6.987601,0.6793063328612902
1390,38.65643,-90.19835,0.6803355404628554
721,45.916943,6.135556,0.6809771898108654
766,45.848333,11.569167,0.6851097580003568
634,36.6428,101.748,0.6858924545307302
77,40.7677,120.8695,0.6877356665266595
1214,45.297325,27.949461,0.6888725301028357
432,29.7228,106.6263,0.689557427632109
1022,50.775482,3.12568,0.6912978797792219
250,50.2524,127.4833,0.6921653784389437
986,46.802376,4.417486,0.6936660989393637
396,39.6506,118.1705,0.695158702336134
606,27.3033,111.5239,0.6960338681571948
856,42.680558,23.296786,0.697321471497427
1434,43.68578,-74.98538,0.6997634444804909
171,35.5307,106.7021,0.700134816222039
589,41.0385,113.1076,0.7026537892640478
823,45.1763,7.7116,0.705494835006325
1189,46.1625,12.360833,0.7082555048584328
1080,50.970024,9.80026,0.7084831476371326
1195,50.0075,20.259167,0.709396089257891
342,32.1065,118.8086,0.7096357612820426
1043,45.411864,28.005967,0.7127128765609837
497,28.2597,112.9792,0.7132738433813428
709,52.407578,20.955928,0.7137782014846745
1044,53.064262,14.285139,0.7194076638331677
560,34.343,106.0055,0.7262922419878065
154,32.8605,115.8554,0.7263361837332247
509,27.3125,105.2864,0.7285299544201499
702,60.37288,11.07407,0.7297005735004272
568,38.8959,115.5213,0.7330942711030272
472,35.176,113.2467,0.7340752882786941
547,44.5782,129.6115,0.7342927421265972
475,29.3867,117.3102,0.7347878631188209
1104,51.75816,10.61248,0.7354299270221774
1051,46.2311,6.07417,0.7358204623286079
863,52.602056,11.850274,0.736299250983087
842,47.091111,17.901122,0.736826389528786
671,45.499167,12.262222,0.7379414367915935
1185,51.536893,7.457409,0.7388854400885506
825,48.04944444,14.44277778,0.7402683110293387
216,41.7325,125.9446,0.7405190869513623
745,40.41666666,-0.24916666,0.7412464278877824
1226,46.586918,0.358583,0.7423829180012783
471,29.7091,106.4522,0.7424158742316898
593,33.3663,120.1544,0.7445184137825763
655,30.5767,104.0594,0.7493110011202997
830,48.733256,19.115268,0.7506501587650749
309,36.0658,120.4134,0.7506543799901921
213,43.1713,124.4002,0.7520727730409356
168,37.9956,106.1856,0.7539301015672708
676,49.224167,4.020556,0.7555695415152173
852,42.432356,25.637389,0.7565219592044534
951,47.4387,8.57012,0.7580615983345413
940,48.248993,16.357079,0.7599552545091834
431,29.8253,106.4213,0.7641930100085697
200,30.6145,116.9896,0.7684125103022883
351,32.4639,119.888,0.7688297778024781
559,29.7046,115.9584,0.7713573421596357
1160,42.36831811,1.776783258,0.7722552778017647
325,33.5981,119.036,0.7730934715810844
1295,41.6175,-87.199165,0.7756702743250027
337,31.3097,120.669,0.7760186852655356
1329,32.726658,-103.12292,0.7761386775371387
1085,46.541047,24.559642,0.7771452449808272
1150,51.799722,16.3175,0.7772115398665134
936,50.85780611,4.288706017,0.7806535472434208
511,26.8919,112.6006,0.7835328944874542
402,29.4906,106.6349,0.785883766635187
1061,50.048397,10.232076,0.7860616833755645
446,27.6434,113.8385,0.787052787961849
504,26.4364,111.5992,0.7874238810799644
229,35.0147,110.9956,0.7880829597911129
972,46.934128,26.38925,0.7904927561748988
875,40.641111,-8.100556,0.7937336132669772
1038,45.696736,27.211622,0.7951486791949978
1027,49.90167,2.304597,0.7978433383448847
467,29.334,120.04,0.8008639870506115
601,27.0803,114.9754,0.8026400107375486
920,49.869422,9.171544,0.8053526029105367
1041,51.462734,13.526796,0.8057343655788475
898,47.737415,7.309075,0.8059530856227504
575,30.4576,106.6303,0.8106353759141189
1176,44.825,11.649722,0.8149031723952478
522,36.1758,117.1089,0.8158560197901712
768,50.429014,21.277367,0.8185306913714858
668,26.5161,106.694,0.8192390632299787
708,43.09625,-0.040497,0.8215579138711795
1417,41.705227,-76.512726,0.8219745167522928
1428,30.260279,-81.45361,0.8222042148024248
407,31.4741,104.7778,0.822851932730775
1012,46.137222,9.385,0.8240421598845776
635,23.691,113.0426,0.8302708122733364
1063,48.326013,10.903051,0.8322349547905873
0,39.8784,116.3621,0.8352315724555923
1191,48.445553,0.110833,0.837508517871582
927,54.88361,-1.406878,0.8417674787833782
1164,43.675114,4.62921,0.8424763443404404
921,48.773072,8.220214,0.8433225394128117
716,49.94498825,17.90953064,0.8444479477371786
909,49.41123199,14.67638874,0.8448711759248877
1156,43.40444,-3.84194,0.846117246504712
841,47.557222,18.420836,0.8482989636103314
1448,34.264915,-88.76622,0.8489139156506572
418,28.2642,117.0564,0.849734867094891
1049,50.877923,12.0749,0.8499869764681816
613,30.7525,120.7846,0.8516670952978485
1230,49.28222,4.051111,0.8522558960618678
450,37.197,122.038,0.8532601846270959
583,41.7347,123.2444,0.8536082324308232
94,35.0888,118.3956,0.8548625805545778
1062,51.321364,12.032141,0.8560163073352439
788,47.541944,19.146122,0.8567741819043635
603,32.4535,105.8945,0.8609223727444931
1053,50.125332,8.746343,0.8648313614941874
1143,52.411563,-1.560228,0.865810746806697
787,49.50504,5.97694,0.8706871424232898
810,47.4885583,12.066633,0.8712542145456005
800,45.655,10.20083,0.8729381568221178
62,30.7236,103.9728,0.8743551474606748
1145,50.42864609,14.91385937,0.8752213958294833
316,31.7964,117.3027,0.8790880514712477
117,36.4372,115.9848,0.8798667836898176
554,22.5545,114.1063,0.8819892619543506
996,49.32273,11.02792,0.8825836925943029
567,26.0746,119.317,0.8840400772107551
1129,51.49633,-0.460861,0.884167529603475
579,30.0003,120.5483,0.886343030963889
1157,47.594913,7.568175,0.8890919549885027
1048,43.5589,-5.9275,0.8927771497731551
924,49.544078,8.465281,0.8979090304623865
657,29.8279,106.3787,0.8989676040323801
658,29.4875,106.4782,0.8992655623077959
949,50.81487387,3.322494319,0.9003138651864601
1152,50.349608,18.236575,0.9037668755661754
1092,48.19223,14.51954,0.9110354829989408
872,50.654066,10.769534,0.9176183113849448
1146,49.514959,8.402331,0.9201457862403896
1163,45.5476,9.16698,0.9202211967167712
1135,52.22174,-2.736665,0.921411724944524
1236,42.44,-2.239,0.923343213016239
479,27.7019,106.9242,0.92532695292391
1171,43.5166,-5.6707,0.9274654557207908
1114,51.45258,0.070766,0.927724943885046
790,46.835,14.84361111,0.9303305408622482
1213,50.676856,17.950278,0.934587942120664
1033,45.038333,9.669167,0.9378463510522888
1232,49.15167,-0.352778,0.9422361101069214
846,47.105278,17.556667,0.942259677692979
861,46.765425,23.550258,0.9433688256969698
693,43.30277777,-1.98444444,0.9434589568249108
1018,45.000278,9.009444,0.9466597087049742
336,31.2472,120.561,0.9476645514630636
505,27.5721,109.5981,0.9533133526377606
666,26.5424,106.674,0.9692947532597052
659,36.0855,111.5018,0.9713118106874352
664,34.6692,112.3628,0.9786581539029676
1019,52.437165,-1.829999,0.9811460692752172
1200,43.89555,25.956575,0.9844947214807008
1456,31.954287,-84.08101,0.9921845584463443
626,34.3497,107.2058,0.997800649920558
1218,51.028931,7.004976,0.9988373986492124
