,lat,lon,Date_Mid_Greenup_Phase_1_aot40_r
598,26.4214,111.6156,-0.8946572193420119
1408,40.3663,-80.6158,-0.8708787826661367
601,27.0803,114.9754,-0.828472453052846
505,27.5721,109.5981,-0.8265938019284721
650,28.7728,104.6201,-0.8012620652642554
502,28.1322,113.0178,-0.7990017098374445
379,30.6319,114.135,-0.7806089865256702
507,27.2272,111.4328,-0.7717506515691436
190,31.2124,107.4644,-0.7698465385609301
284,33.5039,119.135,-0.7646303305962392
131,33.6128,114.6613,-0.7635911020040842
508,28.1308,112.8908,-0.7628615638944174
669,29.4251,113.1493,-0.7524769704824907
466,31.4,119.46,-0.751416210322647
558,29.7535,116.0721,-0.7472205773281709
527,27.8914,102.237,-0.7428939300960778
591,36.61763,114.5129,-0.7353617944861174
476,46.7432,82.9994,-0.7312741176417377
579,30.0003,120.5483,-0.730325804567372
273,37.7541,115.6838,-0.7258646961977498
89,34.1978,108.985,-0.7169574504059887
292,37.8692,112.5369,-0.7100186895615399
253,47.3086,130.2684,-0.7077544312427222
165,35.7609,115.0574,-0.7003472458958274
329,31.3008,121.467,-0.6993406785545897
468,47.8517,88.1264,-0.6967452086563192
392,39.0343,117.707,-0.6877812630269903
448,31.172,120.658,-0.6840607018702619
43,36.1017,114.3551,-0.6793210402436323
174,42.8172,93.5128,-0.6786749714693312
1309,45.56498,-88.80859,-0.6756221939380629
491,43.941,81.3364,-0.6745767545086149
1427,39.52508,-119.80772,-0.673652614973966
603,32.4535,105.8945,-0.664502806601169
453,26.567,101.7227,-0.6632583712956577
138,30.2313,115.0601,-0.6561246081549053
541,27.7044,111.9892,-0.654673845854115
427,30.6465,111.3549,-0.6530540764401084
438,27.8336,113.251,-0.6485765257907306
64,40.6821,109.8538,-0.6467631821971719
1300,33.43395,-84.16181,-0.6401545002601539
154,32.8605,115.8554,-0.6312411795687749
1420,35.158688,-78.728035,-0.6267054369380732
1269,44.351696,-68.22698,-0.6225320102058953
191,31.8896,102.2502,-0.6186786966611504
408,27.0968,115.0093,-0.6179830066667638
500,30.2798,109.4707,-0.6178825437094673
175,42.8328,93.4961,-0.617353369889439
609,23.7256,109.2203,-0.6157435850218722
1393,33.578335,-86.77389,-0.6145825084090661
551,33.015,114.0114,-0.6043381747510566
1325,44.08747,-75.97316,-0.6024108307267454
852,42.432356,25.637389,-0.5993831656925941
51,30.7856,106.1064,-0.5976754083225339
1077,43.21291,-3.1344,-0.5961431418704656
87,34.2322,108.8922,-0.5960436340367042
694,54.124819,22.038056,-0.5937512032604646
1213,50.676856,17.950278,-0.5920264311084592
878,43.293137,5.574184,-0.5912132397549315
821,45.1758,7.5602,-0.5897308187432807
739,49.357861,6.73354,-0.5896263579522188
630,27.9119,112.9074,-0.5877116805983372
473,26.6272,118.1756,-0.5876356778065042
1312,32.364567,-88.73149,-0.5869001513421134
853,41.694342,24.738078,-0.5866951777159982
904,50.78944397,14.08679867,-0.585747895393731
389,38.0058,114.4586,-0.573814930631064
139,30.2006,115.0817,-0.5701350584648696
105,37.8572,113.5758,-0.5694893855772023
663,31.6449,118.5024,-0.5691132580678119
296,40.8336,114.8883,-0.5624098130642238
1183,51.303394,6.819887,-0.5619064188690751
1170,43.5915,3.88681,-0.5610941114647375
1131,46.112775,24.22805,-0.5586298584457567
55,31.4668,104.6697,-0.5583933045072089
894,50.159406,19.477464,-0.5566317108457508
193,30.0475,101.9603,-0.5554925076138895
698,49.77012634,13.36822128,-0.5506676251755818
1211,42.736572,11.87643,-0.5505519993779162
883,50.736389,15.739722,-0.5455699639405044
589,41.0385,113.1076,-0.5454685918370089
820,48.753179,21.245046,-0.5436576342277513
250,50.2524,127.4833,-0.5428137149734884
413,28.7199,104.5742,-0.5417099214573979
615,37.6828,112.7195,-0.5395767829894144
989,53.63074,10.110595,-0.5375404187378113
720,47.3456,5.002377,-0.5349347205609586
85,34.2629,108.993,-0.5333403372110916
1161,50.876983,18.416878,-0.5325473073624667
380,38.8639,115.5086,-0.5269709290399447
1054,40.62984,-3.17159,-0.5263927406086246
549,28.9398,118.8692,-0.523701319925737
31,34.3017,107.0708,-0.522255155608622
1380,44.310555,-84.89187,-0.5197080974929812
405,28.7562,104.639,-0.5189223863646953
1029,42.53417,12.52194,-0.518513582509682
916,48.397079,10.008293,-0.5159289918386472
394,39.1661,117.1444,-0.515527834183341
956,44.9513,7.6362,-0.5149056120378662
414,26.585,101.7169,-0.5113149923787732
401,28.793,104.563,-0.5098708845730011
521,30.5944,114.3014,-0.5026396255132318
970,51.698954,7.122684,-0.5021753161018704
511,26.8919,112.6006,-0.5010517199204813
1036,51.360755,9.271233,-0.4993362815381373
1013,49.276386,2.482167,-0.4985965664400864
1132,49.165508,9.224786,-0.4977170582731809
59,30.8023,106.0789,-0.4975356134735261
1024,47.054443,-0.886111,-0.4952676754474004
1344,41.84046,-72.01037,-0.4949280422980294
974,49.841221,7.866222,-0.4948229187543663
562,22.2281,113.299,-0.4935221672487975
228,37.6982,112.6991,-0.4932834829412966
332,45.6842,126.6206,-0.4919682253179064
166,31.0386,112.2213,-0.4910992818680174
1044,53.064262,14.285139,-0.4908604449692597
869,47.913256,7.908035,-0.4907207737737126
81,43.831,87.6432,-0.488604944161541
954,67.878588,21.062962,-0.4871093283548516
42,34.6258,112.4267,-0.4855035884778515
754,49.744886,21.454617,-0.4854078552687663
86,34.2173,108.9356,-0.4838142640076247
1452,40.27813,-105.54564,-0.4820995100181333
808,48.782852,20.987197,-0.4805397548177085
1047,51.862042,6.874469,-0.4792874072411907
1235,40.3597,-3.5429,-0.4769761988421269
1027,49.90167,2.304597,-0.4741509688733601
815,49.028057,2.750278,-0.4732644986461882
465,31.737,119.579,-0.471111056276135
1404,39.99139,-75.08083,-0.4708866285215174
619,30.9413,117.7807,-0.4701685536074719
691,48.001511,7.832122,-0.4696616327581494
1437,29.823318,-94.98379,-0.46853319252164
307,30.6189,114.282,-0.4684374676904183
985,49.351124,8.423,-0.4669837588545892
415,28.9634,105.4324,-0.4668085208153527
814,45.79728,3.113833,-0.4666041277704011
421,27.8246,114.9231,-0.4643442733842219
975,49.628771,8.364779,-0.4641105011668011
797,46.7675,15.956111,-0.4636670085503564
1195,50.0075,20.259167,-0.4616527787469995
1067,51.651166,12.302866,-0.4616351349647999
1443,39.399837,-119.73961,-0.4615880931245463
795,48.2702,16.2972,-0.4601875373232619
1070,48.889039,8.665536,-0.4572015575329266
689,43.25055555,-2.155,-0.4570706932286151
72,40.1461,124.3933,-0.4562491148017543
857,47.430833,19.184175,-0.453576831254764
949,50.81487387,3.322494319,-0.451479177309453
992,47.538193,6.868361,-0.4514300874242922
455,36.885,120.515,-0.4509061198410812
1086,50.13577,8.92157,-0.4505669049740931
232,37.5211,111.1406,-0.4496787703548593
186,30.2981,109.4978,-0.4463899590688283
433,32.0931,118.6414,-0.4460154138878883
183,31.7275,113.3583,-0.4453735440541294
994,49.872303,8.664619,-0.4438244836640418
1010,53.56292,-1.510436,-0.4436673347528999
1353,40.56333,-78.919975,-0.4430053650803853
158,33.8518,115.7789,-0.4429975340057329
605,27.2442,111.5283,-0.4412856070049417
1220,43.25811,-2.97344,-0.4374695934329794
670,28.687,115.8518,-0.4373030796099428
1232,49.15167,-0.352778,-0.437038758818444
806,47.128863,10.034324,-0.4366404615109672
1090,50.221941,8.446079,-0.4364492672511668
88,34.3474,108.935,-0.4358271135776755
1428,30.260279,-81.45361,-0.4353340168340329
606,27.3033,111.5239,-0.4351735949655514
1345,41.97639,-72.388054,-0.4337403280155321
756,43.16832,-2.63794,-0.4324464228405571
751,49.259552,2.474397,-0.4323114259407775
533,30.5366,105.5861,-0.4318222423835832
865,50.978292,10.317236,-0.4318199317094686
279,41.0026,117.9268,-0.4317896064567494
969,51.453459,6.86505,-0.4310414205856989
844,64.244226,19.767238,-0.4260688256202993
968,50.889871,6.985074,-0.4245320086925268
1165,43.0819,-1.9127,-0.4223865926882691
1140,50.68352509,14.04119492,-0.4219062831319604
1152,50.349608,18.236575,-0.4213029216471423
897,60.22393,25.10244,-0.4209898910538936
1198,51.067439,19.448694,-0.4203637480480141
743,58.370556,26.734722,-0.4197414184979132
1381,38.548138,-82.73116,-0.4167422745298338
463,31.909,120.237,-0.4155544169518614
926,52.644169,13.483079,-0.4119255044722548
684,50.010575,19.949189,-0.411598076533934
1018,45.000278,9.009444,-0.4101626820597125
608,27.5444,109.9453,-0.4095593301340141
462,31.955,119.18,-0.4086635126674077
933,46.401944,13.011111,-0.4084695873372492
825,48.04944444,14.44277778,-0.4073446165410264
871,54.436985,12.721938,-0.406002634352987
444,25.2697,110.2819,-0.404834035010193
697,49.66958237,12.6778841,-0.4018866348319947
1265,35.233475,-85.18158,-0.4014881253046596
789,45.0249,7.6491,-0.3998271647113706
981,50.731478,13.75145,-0.3987230652622037
900,66.3217,29.40157,-0.3963518319293985
133,32.9917,112.5192,-0.3949839938212902
908,49.73508453,16.03419685,-0.3943920406967812
109,42.2816,118.9233,-0.3939820485320147
1301,34.785217,-84.62643,-0.3937255189976251
1016,42.42212,12.109196,-0.3906211932583895
1145,50.42864609,14.91385937,-0.3880303446521273
1442,32.52127,-84.94463,-0.3870048401128331
1039,50.766815,7.973542,-0.3868040429984544
124,35.4209,119.471,-0.3839214645975776
354,41.7653,123.4114,-0.3817292223591302
276,30.8669,120.0751,-0.3807533807191671
8,44.5963,129.5904,-0.3796443311279214
860,43.28334,5.511384,-0.3772971988461325
722,49.40619,1.15515,-0.3771604392153143
709,52.407578,20.955928,-0.3769024221485928
1366,42.86183,-71.878624,-0.376117523547032
794,65.04338,25.4979,-0.3746273384989501
906,46.08253,10.95804,-0.3743179718054614
1234,50.44914,2.9,-0.3739441294826914
838,45.1391,7.0501,-0.3736563554833173
917,47.72514,10.306561,-0.3733133318407794
412,25.8333,114.9322,-0.3732539262517342
695,49.50260925,18.53856087,-0.3731697540933879
915,44.4122,8.1695,-0.3714974737190213
542,27.7569,111.9561,-0.3711379579009928
623,33.5828,114.0138,-0.3708744607396685
1417,41.705227,-76.512726,-0.3661997702935805
937,57.8634,11.9216,-0.3624897408588332
2,43.8306,126.555,-0.3618373970746342
432,29.7228,106.6263,-0.3600781032862768
828,43.9275,12.224722,-0.3580470429695852
712,52.029194,23.149389,-0.3574817096131794
1157,47.594913,7.568175,-0.3548782502264707
791,56.00833511,21.88694763,-0.3539710272338846
783,41.669172,13.674326,-0.3522374051800691
947,48.33472,16.729445,-0.3513433189427701
1071,47.664361,9.169289,-0.3510241383170925
546,30.9285,113.9153,-0.3506399182918994
79,35.0532,118.3429,-0.3501824383623481
961,50.79664963,4.358623958,-0.3501486880646856
1364,36.060894,-86.28629,-0.3492256062393162
1240,53.371306,-2.239218,-0.3485483859704567
874,45.60822,5.270872,-0.3484781594157823
256,45.3001,130.9762,-0.3475395518102294
282,30.1808,120.0883,-0.3466984449755998
519,30.1383,104.6295,-0.3465827163702349
321,36.6133,114.484,-0.3443322723277423
680,44.9089,8.2055,-0.3440532154096576
1081,51.90158,10.48132,-0.3436106310075482
1091,46.708333,14.891667,-0.3423577802671344
1274,41.53694,-81.45887,-0.340316426374503
628,34.5023,109.4259,-0.3385112277830314
1262,36.085506,-83.76481,-0.3380636210203523
1149,43.3094,-2.0109,-0.3370193758965584
1455,38.23887,-82.9881,-0.3364267469410844
1003,48.77586,5.162789,-0.3355746650354524
1297,48.5103,-113.99681,-0.3349243182090782
1087,50.383217,8.060998,-0.3319520741966942
277,39.5269,116.7244,-0.3313598710169043
675,48.962223,4.36,-0.3288670866402497
1181,50.30886,2.807369,-0.326849221999874
418,28.2642,117.0564,-0.3266819210525459
1306,44.70735,-89.77192,-0.3265958958970862
925,52.99875,11.73846,-0.3256358960961171
363,40.8062,111.7276,-0.3251495794416032
1099,57.810833,15.564736,-0.3248474924432096
802,49.119442,6.180833,-0.324015780526006
1055,49.73244858,13.40228081,-0.3229886118638059
1362,41.265556,-75.84639,-0.32267163972958
595,34.4285,115.6702,-0.3171795736884993
5,47.3227,123.9483,-0.3161176335517345
672,52.420319,16.877289,-0.3159833314095484
506,27.7344,109.1839,-0.3158673718971861
849,47.676111,17.649736,-0.3157788337153144
252,45.1214,124.8006,-0.3126018715140169
1007,48.9964,1.7033,-0.3113435888313359
967,53.480927,9.857223,-0.3111767155876854
534,28.2053,113.0792,-0.3090412318651598
1156,43.40444,-3.84194,-0.3084239710010886
973,49.446,7.7673,-0.3083604358314235
622,39.2474,117.7918,-0.3081297530224362
584,41.7173,125.9358,-0.3071997543345213
980,51.317905,12.297411,-0.3070164316772673
718,41.096667,-8.555833,-0.306756488597847
1224,53.74878,-0.341222,-0.306103397849628
1391,39.749027,-86.18627,-0.3060263573675736
613,30.7525,120.7846,-0.3051581422829439
984,54.09323,10.240596,-0.303625216190472
803,48.16206944,16.52561389,-0.3026724145339753
1102,50.010325,8.451527,-0.3022799410191709
23,41.2864,123.7669,-0.299050208837364
872,50.654066,10.769534,-0.2989592239054083
888,46.58389,0.345556,-0.2983187133163033
1206,45.238642,19.835704,-0.297906804650664
1147,52.115725,21.237297,-0.2962785644857366
868,47.739919,26.658519,-0.294952182554851
835,48.39167,13.67085,-0.2936683821610831
931,50.12218857,14.46757793,-0.2906278627954905
490,36.864,118.78,-0.2900886899910817
1277,39.42689,-84.20077,-0.2898682635510192
45,34.7781,114.3389,-0.2878324180344613
966,51.406846,6.965589,-0.2868737086485354
1119,45.623056,13.7875,-0.2859116675037547
1419,41.645382,-70.89751,-0.2850241036683987
1385,38.11515,-86.60325,-0.2844829241586877
472,35.176,113.2467,-0.283619413718053
313,31.7848,117.1959,-0.2831310446766673
83,34.3731,109.2186,-0.2814493730313345
741,59.4944458,25.9305687,-0.2813371224593661
395,39.1082,117.237,-0.2812344893661583
548,28.9666,118.8709,-0.2802762544227459
812,47.27129,11.4169445,-0.2801416813680023
440,29.3547,110.5594,-0.2793295587183624
899,40.540351,-3.645253,-0.2758193707772624
116,37.4451,116.2991,-0.2750075691844166
1405,43.577602,-116.178154,-0.2748305692097373
7,44.561,129.61,-0.2726733213025782
580,30.4519,114.8858,-0.2726545438661956
145,32.0564,112.1392,-0.2722417616926289
333,45.7478,126.593,-0.2718125531568423
40,32.1059,114.1099,-0.2709203569018081
475,29.3867,117.3102,-0.2706487689896955
1040,53.060045,8.916966,-0.2699170048905899
1139,50.66109467,14.04306316,-0.2698299593213383
1250,44.18089,-85.73898,-0.2693434337917149
807,47.410164,9.653713,-0.267613840858836
685,48.85731,7.314175,-0.2668181862980187
1434,43.68578,-74.98538,-0.2658521176132316
437,27.9153,113.0048,-0.2654899398268565
855,42.142889,24.765239,-0.2637219362228557
304,36.6116,114.5302,-0.2636266445974798
1216,51.54052,5.85307,-0.2632900851610935
778,45.54301186,13.71352366,-0.2619892059655278
826,45.1546,7.658,-0.2617402436810899
375,43.8772,125.3716,-0.2617216089171861
1049,50.877923,12.0749,-0.2611854347931681
391,38.8394,117.457,-0.2608786418837875
211,41.5881,120.4318,-0.2606718069176929
249,30.97,117.8483,-0.2577896444966779
686,48.610363,7.781631,-0.2565603746986125
14,31.6837,118.5092,-0.2557346922907481
386,40.217,116.2296,-0.2555665886426113
283,33.6067,118.989,-0.2531741354388527
1399,32.362606,-88.27799,-0.2527564265028456
1285,30.700895,-91.05607,-0.2524378331642553
1375,42.298492,-72.334076,-0.2522205956371572
699,49.45165634,17.45415878,-0.2493223496311063
172,42.9418,89.1904,-0.2490758844849268
84,30.6306,104.1122,-0.2460679627674259
920,49.869422,9.171544,-0.2442110072082512
36,34.493,109.4636,-0.2438517761665853
1377,43.97462,-70.12461,-0.2432263512710625
47,35.2127,113.2269,-0.242819553220973
1042,53.924712,9.532635,-0.2404868418086281
1033,45.038333,9.669167,-0.2376582246325988
774,47.40555556,15.36083333,-0.2376365988677986
1451,33.9828,-111.79871,-0.2369027215705917
841,47.557222,18.420836,-0.2360994875657563
760,47.594257,1.302667,-0.2341000452722894
1331,41.058617,-74.25555,-0.2329582224252142
696,49.91351318,14.7826252,-0.2316995196258
918,48.904228,11.948795,-0.2275603928944331
731,45.0419,7.6259,-0.2271481965882522
1355,39.80933,-80.26567,-0.2230236368402914
958,47.0495,6.97915,-0.2220198983893999
1225,41.31347521,2.013824628,-0.2208450315579654
439,29.1217,110.5319,-0.2200740108776531
1105,59.399355,18.077416,-0.2191354180270134
983,41.947654,12.533667,-0.2190377526097061
182,36.5446,104.1724,-0.2172149124340213
1214,45.297325,27.949461,-0.2166009104551513
948,46.6775,12.972,-0.2157171221063936
1111,47.47706,11.05722,-0.2156832083866908
793,47.06701111,15.49368889,-0.2154864871975135
532,27.725,111.9975,-0.2154830241817595
449,31.155,120.636,-0.2153883101696631
587,31.9996,118.7356,-0.2151416018999004
1046,40.33639,-1.10667,-0.2120750116860595
1155,43.26444,-4.06278,-0.2118158246082655
403,27.1312,114.99,-0.2112955474357918
411,31.2071,121.577,-0.2108101326259971
135,32.9692,112.548,-0.2087071794272604
799,47.09436111,15.41511111,-0.2079987851974482
93,34.9976,118.2794,-0.2071496515618706
526,27.8851,102.2685,-0.2066564198790201
796,48.1061111,15.91944444,-0.2063958768119444
271,37.0851,114.5237,-0.2059369586409517
426,37.3753,97.3731,-0.2053605385641999
566,28.0089,120.634,-0.2049345308533706
197,38.2839,109.7289,-0.2038985320028274
856,42.680558,23.296786,-0.2037854287508369
873,55.39638901,10.38917255,-0.2035174565233068
711,49.04781723,18.00782776,-0.2032673734197738
929,51.897598,14.057064,-0.2014059531027235
634,36.6428,101.748,-0.201029375065508
461,32.6524,117.0067,-0.2007045173097595
344,34.2761,117.179,-0.2004217646841427
752,45.3189,8.4024,-0.1992469762842846
732,45.9225,6.87,-0.1985700508669154
1166,41.04,21.3564,-0.1979071851597749
362,40.7866,111.5512,-0.1977908367127316
1453,32.41281,-86.2634,-0.1974449541552176
425,29.9572,121.713,-0.1929345915086727
708,43.09625,-0.040497,-0.1918972333991602
1118,50.65844442,5.627835291,-0.1912063936931119
1133,49.07655,8.40666,-0.1911672446373882
1050,46.522,6.63963,-0.190502690486015
1014,50.32276,3.39593,-0.1889099691992416
953,45.69802778,18.83463889,-0.1860535733863822
1006,51.27399,1.098061,-0.1844667125406619
755,51.259431,22.569133,-0.1838517240511642
901,48.68817,6.190431,-0.1828318991065984
1121,50.85205095,4.347777506,-0.1827380477685552
848,46.62936,14.28931,-0.1820929056081337
151,30.9743,118.7385,-0.181091822500037
125,37.5639,121.2514,-0.1810832485709438
944,47.04472222,15.15277778,-0.1808675385310942
617,39.0845,117.1589,-0.177052758002713
991,47.2474,6.015419,-0.1754530088017535
960,51.25210341,4.491362028,-0.1754454061539302
115,34.7837,117.2852,-0.1736851343172906
758,45.47833,9.23583,-0.1729911322298171
1037,49.83918762,18.26368904,-0.1727834666276992
1065,48.947611,13.420573,-0.1726434886030698
1208,44.386558,23.733658,-0.169360942014435
707,43.230297,0.062339,-0.1679493574859394
656,36.0822,111.5169,-0.165168769128044
840,54.68611145,25.2108345,-0.1638977710003001
705,45.5588,8.0564,-0.1636064612365824
499,34.77172,113.73961,-0.1623184613796255
1228,46.9631,7.46252,-0.1623180783788975
1101,42.056383,25.59345,-0.1621628333858595
1343,41.78472,-72.63167,-0.1621124287617747
1026,43.623608,1.438531,-0.16189779556708
959,47.513333,21.624444,-0.1616421401925935
248,30.8792,117.7439,-0.1607936211929749
976,45.56472,5.928333,-0.160779394611881
312,31.3019,120.591,-0.1581527454508548
302,30.558,114.2529,-0.1575809329900491
200,30.6145,116.9896,-0.1560380522836338
749,43.313,-7.6937,-0.155871098618049
1059,48.18169,11.46445,-0.154892826666352
703,50.02403641,15.76354885,-0.153689415392125
1251,35.59095,-78.4622,-0.1536088268983557
1425,40.304695,-79.50567,-0.153367093406755
1173,50.900317,5.986853,-0.1526991010307449
681,48.847917,10.096292,-0.1516727190572084
1023,47.44739,-0.550067,-0.1508316618768429
1126,49.079012,19.3025249,-0.1489048174478731
1186,44.564972,27.366081,-0.1481356015202559
272,37.0886,114.4704,-0.1458302822814864
771,43.3583,-5.8664,-0.145460965248525
349,45.7258,126.6411,-0.1446953729590901
136,34.4045,115.6458,-0.1446456181993428
387,39.6334,118.1725,-0.1408344472790617
149,33.5698,114.0055,-0.1400125361002807
884,59.20243,9.4871,-0.1388065998234557
419,30.3119,120.1197,-0.1363707164097864
21,41.3094,123.7169,-0.1362441819811465
265,47.7412,128.9102,-0.1348726917140372
181,34.5538,105.8945,-0.1348063868514471
1241,35.507225,-82.96362,-0.1344148172772413
82,43.8711,87.5525,-0.1342877206581618
269,39.6973,106.8174,-0.1339660198230717
378,43.9166,125.3325,-0.1336362814292642
952,46.951,7.44087,-0.1334416313108609
26,41.0879,121.1115,-0.133147944489893
340,32.02,120.87,-0.1315633031887128
285,40.8033,111.6572,-0.1312246145134614
487,46.098,85.6979,-0.130776483021665
891,42.516944,1.56525,-0.1287862556519191
971,49.438464,12.548869,-0.1279675132434383
921,48.773072,8.220214,-0.1272711438502201
1278,41.24045,-80.66272,-0.1272411516709907
728,49.442356,1.093789,-0.1270232834674575
1109,54.334944,-0.80855,-0.1255496576474722
700,43.610497,2.23015,-0.1246477763414311
336,31.2472,120.561,-0.1242821739886046
524,29.9833,103.0111,-0.1230398243263335
119,37.393,117.9776,-0.1218502089997568
679,48.899233,9.172792,-0.1207146053088457
480,27.5002,114.0997,-0.1200919992812618
876,44.99694,11.07083,-0.119614017945736
530,31.2827,107.5277,-0.1188931816546537
143,32.6494,110.78,-0.1184106743186308
1084,52.25534,8.05286,-0.1169195599712578
661,35.4828,112.8271,-0.1155747658227317
247,30.9412,117.8177,-0.1153559724459264
393,39.0927,117.202,-0.1149825240200694
159,30.6618,117.47,-0.1147959034810957
1125,47.565439,14.244676,-0.1131103804243627
719,47.27476,4.099476,-0.1122605360040537
1218,51.028931,7.004976,-0.1116479249056982
744,43.34639,-4.06417,-0.1107245867887158
445,27.6253,113.8493,-0.1098919450821149
777,46.13111418,14.99611517,-0.1091468763812524
1097,51.05833172,3.729298172,-0.1090668341267408
470,26.2714,117.635,-0.1074887934638815
11,46.408,124.902,-0.1071822127234643
713,53.028647,18.666103,-0.1046689863671122
655,30.5767,104.0594,-0.1044972606240603
164,35.7636,115.0312,-0.1037618394360787
1259,29.767998,-95.22058,-0.1035566641436068
319,38.9108,115.4713,-0.1034326619300069
281,37.8873,112.5139,-0.1030022857251992
1142,46.632142,27.730886,-0.1029408058286745
977,45.154075,26.818619,-0.1025911644350809
1296,43.4351,-89.67979,-0.1021624756845727
435,29.355,113.2117,-0.1014709971231031
486,45.6094,84.895,-0.1011245289349253
184,30.1256,104.6296,-0.1000600165509424
46,34.7965,114.2885,-0.0989120718747067
1062,51.321364,12.032141,-0.0966094707947619
1100,50.85671305,4.425760659,-0.0963313538857978
19,41.8822,123.9161,-0.0953206584280346
930,51.746848,14.33447,-0.0945985615310149
1273,39.70595,-79.012,-0.0935615899763536
1284,32.535294,-93.74704,-0.0934988188653381
1311,40.712776,-81.598335,-0.092264241607386
1052,57.70902,11.970241,-0.0917913910255885
611,36.5482,104.1465,-0.0911362056528722
1148,45.1619,5.7356,-0.0893227719500887
798,42.404687,12.857794,-0.0877040779709464
863,52.602056,11.850274,-0.0854716453803947
1128,45.371944,11.841944,-0.0850017519174878
1244,34.09396,-80.9623,-0.0841530460540422
306,39.9499,119.5897,-0.0839212492113843
1004,51.52229,-0.125889,-0.0838909032047536
607,29.2956,117.2461,-0.0819346187063898
1160,42.36831811,1.776783258,-0.0815204809839606
567,26.0746,119.317,-0.0797649893512957
1294,44.735977,-68.67075,-0.0777993093874251
557,32.6389,110.7258,-0.0771842427245061
714,53.134088,17.995712,-0.0770206955836222
775,46.06554495,14.51272032,-0.0759698334233868
226,39.9289,116.4174,-0.0759611110566386
469,30.8388,106.1087,-0.0742022137248053
941,47.04027778,14.330725,-0.0733101165482484
1117,51.0612777,3.77526239,-0.0731507654024966
962,45.957778,12.618611,-0.0731430695540499
1402,43.656765,-70.629135,-0.0728359021401612
1352,31.893913,-106.42583,-0.0727338778064608
805,46.05184,11.45389,-0.0726862767209062
1305,46.0519,-89.654,-0.0715653197339454
262,46.6554,131.1524,-0.0712827306721984
1162,45.96141,4.465711,-0.0703516836675203
1319,39.866833,-88.92559,-0.0700387297917016
682,47.809892,7.764528,-0.0691950996536674
879,41.53583,20.6989,-0.0687024568209426
1229,47.3815,8.56592,-0.068359781820978
633,36.5819,101.834,-0.0679967825256902
676,49.224167,4.020556,-0.067625636987642
1406,41.644066,-83.54616,-0.0668415502867344
540,28.2558,109.6414,-0.0653807951189316
1177,43.3665,-5.833,-0.065075096924376
471,29.7091,106.4522,-0.065036377177887
113,35.4216,119.523,-0.0647101575154232
293,37.7394,112.5583,-0.0645040407962765
547,44.5782,129.6115,-0.0644384587379895
1227,41.636078,25.379683,-0.0642093090983814
111,42.2554,118.8788,-0.0616863670650951
6,47.2988,123.945,-0.0615629102710783
434,29.4758,113.2621,-0.0614964925329133
850,42.637192,23.243864,-0.0613548927723149
1038,45.696736,27.211622,-0.0603047519525642
134,32.9735,112.5003,-0.0598191164970311
1035,41.554167,14.674722,-0.0598152666536829
1412,29.901035,-95.32613,-0.058677322473459
604,25.8481,114.9461,-0.0575007160368701
161,35.7511,114.2956,-0.053211623980873
553,24.8978,118.5972,-0.0524410818148435
324,40.8369,111.7516,-0.0511656259632437
764,45.869995,1.31,-0.0509078475595389
875,40.641111,-8.100556,-0.0507353028619181
724,43.32074,-3.11272,-0.0498781673305942
639,33.3942,120.156,-0.0482611604918291
1369,43.176674,-85.41661,-0.04638714794257
585,31.2864,120.628,-0.0455545154062287
965,45.59667,5.918611,-0.0451939666006733
784,55.072222,24.283894,-0.0439921565763873
420,28.1136,116.9822,-0.0437604754483678
388,38.0178,114.5331,-0.0424701550315795
1446,43.670834,-110.59947,-0.0414740323922009
163,35.303,113.883,-0.0376807159025052
1202,42.284,21.2738,-0.0370271793822054
1351,29.733727,-95.25759,-0.0357691847178128
1266,36.0388,-85.7331,-0.034170060596995
495,28.1944,113.0014,-0.0335944192479288
1450,43.34317,-87.92087,-0.0332123252405141
367,45.7733,126.689,-0.0322188704167386
536,23.4835,111.2711,-0.0314695049136037
715,43.6287,0.179069,-0.0288625718648001
1429,40.689255,-122.40219,-0.0282667783779697
701,46.13167,9.56639,-0.0281746590710299
910,49.20272446,16.61628723,-0.0280562505811763
368,45.5419,126.979,-0.0276725041895772
945,48.27329,14.31479,-0.0266492112195689
1089,48.12027778,14.878333,-0.02444484672809
582,29.5462,103.7723,-0.0224611820630677
768,50.429014,21.277367,-0.0223409138855974
1252,42.416637,-83.90218,-0.0204667599350299
951,47.4387,8.57012,-0.0203310950227388
512,25.0925,104.9022,-0.0159271489210291
515,26.8956,112.6211,-0.0132962490365474
766,45.848333,11.569167,-0.0132756936443932
243,32.9673,117.3533,-0.0118332931791179
436,28.9703,111.6975,-0.0116171453197592
776,46.651838,16.196777,-0.0112297873582226
809,45.83611,8.80417,-0.0098933643521139
264,47.4311,128.5159,-0.0077031958004072
823,45.1763,7.7116,-0.0068305353212251
1191,48.445553,0.110833,-0.0067221642146346
53,30.3544,112.2008,-0.0065307429584531
1076,47.3868,8.53981,-0.006517594244724
1096,51.838221,5.856938,-0.0062195247923581
1020,45.560556,11.539722,-0.0050633590073955
1184,51.525955,6.97688,-0.0044689273994319
702,60.37288,11.07407,-0.0032416636460977
100,36.1989,113.1031,-0.0031763391123011
364,38.9511,121.565,0.0005869703763861
742,45.871406,22.908594,0.0029824965283935
167,30.4742,114.9028,0.0035415859263134
1271,40.0877,-82.95977,0.0039890229216219
1322,40.816,-73.902,0.004240589102276
1203,40.71099,14.70244,0.0043062183229922
1291,39.9878,-79.2515,0.0058377899319197
993,47.62,6.157611,0.0059783457989088
990,42.697918,9.446417,0.0060940501667676
32,34.3672,107.1906,0.0088255927505243
882,51.60308,4.781016,0.0101244136818868
298,34.77134,113.65724,0.0107608419875792
668,26.5161,106.694,0.0112755841119384
428,30.7819,111.3275,0.0114654124517019
914,52.146264,14.638166,0.0116648239992425
997,55.862281,-3.205782,0.0126028900363369
550,30.3714,114.8989,0.0131580621503873
790,46.835,14.84361111,0.0142222688254811
1174,52.077148,4.289185,0.017914398796414
706,42.09791019,1.848237224,0.0180084235518597
581,42.0353,119.2658,0.0185107589671419
909,49.41123199,14.67638874,0.0200555206492551
1350,42.51831,-89.06347,0.0200640584279021
688,45.1828,5.7531,0.0210589306835711
1106,50.84971052,4.33410368,0.0219314093231828
1057,52.349703,13.424304,0.0221851340214721
729,46.072224,5.820833,0.0222687689500761
1328,41.05192,-73.76366,0.0232370648541956
1307,43.7775,-91.2269,0.0234980944757824
1197,44.429489,24.351389,0.0241581529433087
1411,34.623238,-82.53206,0.0244082765131669
148,33.5698,114.0261,0.0268121719864168
169,37.9251,102.6201,0.0272933304689922
648,28.3611,112.9581,0.0308982740970599
1260,32.82006,-96.860115,0.0312337476999308
779,45.93766834,13.91156335,0.0315289570669099
234,42.8845,125.1358,0.0328607327707546
943,47.05917,15.016667,0.033126005298361
1107,50.6134125,5.570222814,0.0332313296906559
44,36.0681,114.361,0.033659698977272
765,45.809998,2.06,0.0351370859341208
37,41.7166,86.1972,0.0353811911104154
238,50.2472,127.5291,0.0363267071966237
1189,46.1625,12.360833,0.0366762520382736
1021,45.89,0.9,0.0373939895431977
1247,35.0608,-83.4306,0.0397194647212791
982,50.892377,14.822846,0.0412000290691803
1226,46.586918,0.358583,0.0422458516073745
255,45.6077,122.7911,0.0430818301555749
98,40.0917,113.3444,0.0431029504360221
483,38.5167,102.1692,0.04485065970768
1031,45.226667,11.665833,0.0451512288006331
736,49.254344,6.867744,0.0459232643814023
846,47.105278,17.556667,0.0459689265337135
452,24.5058,118.0936,0.0462170028487415
726,43.3069,-5.7057,0.0474945403341747
1374,42.19438,-72.555115,0.0477390450656873
523,29.9775,102.9905,0.0479320812582476
629,39.8261,109.9486,0.0479932457780219
963,49.462229,11.0248,0.0483359247601367
194,33.0706,107.0154,0.0489485834279843
1159,49.851334,3.284,0.0490373975520133
1176,44.825,11.649722,0.0494500335351975
730,45.683333,9.466667,0.0498645423877734
221,35.4897,112.8676,0.0503555132020942
1144,42.58194,12.62361,0.0509957389618526
1075,44.319639,28.610292,0.0511029337093216
862,51.921389,4.401389,0.051106813521003
1329,32.726658,-103.12292,0.0524294069504824
54,31.4535,104.7563,0.0525126927498815
1085,46.541047,24.559642,0.0529031815200356
657,29.8279,106.3787,0.0532421972513461
631,27.8614,112.9433,0.056090115443274
4,47.3386,123.9488,0.0568846284656201
1335,42.09142,-77.20978,0.0570933957008943
206,42.0224,121.6717,0.0576047011519247
870,52.800773,10.756733,0.0578230839480671
618,28.4436,117.9756,0.0582104874001439
839,48.247222,20.616403,0.0582584638676704
955,47.4067,9.39438,0.0606954499939038
173,42.9559,89.1673,0.0616342814440152
1448,34.264915,-88.76622,0.0619630125851126
772,45.515278,10.219444,0.0620248383380922
827,45.193889,9.164722,0.0620896189941253
366,45.7667,126.635,0.0624889538065431
430,29.3578,113.1094,0.062907975152224
986,46.802376,4.417486,0.063425581474848
1072,49.634841,9.657919,0.0640373070338213
1422,44.616943,-86.109406,0.0641905177849515
1334,43.05235,-76.05921,0.0649439341651107
1146,49.514959,8.402331,0.0651902371080493
1258,41.606663,-87.30494,0.0656768465272041
928,51.5645,14.3764,0.0674746677695312
1275,41.55523,-81.57526,0.0678453251647979
845,47.561944,18.960008,0.0680985471448545
1433,40.56252,-80.503944,0.0683538304656444
359,41.7406,123.505,0.069326510065281
572,38.4418,106.2266,0.0697922939334146
58,30.8064,106.056,0.0706178078641987
377,43.9027,125.2863,0.0724516547481676
146,32.1142,112.1825,0.0740501041512392
725,49.02134,1.148319,0.0743716837113575
1282,35.500103,-82.59986,0.0745441329470221
912,50.04613113,14.33141327,0.0758328672109197
612,24.6947,108.0497,0.0766178835619497
692,47.660056,9.485675,0.0767084790477996
1150,51.799722,16.3175,0.080000351486936
382,39.9295,116.3392,0.0834828761336464
492,26.3108,117.7275,0.0864714003394601
859,43.305286,5.394716,0.0873954168866059
1199,43.650722,25.363583,0.0893719382386228
893,45.7789,4.9247,0.0895850894579201
782,42.157856,11.908954,0.0906097733994147
1217,53.24696,10.4565,0.0910298875374205
750,43.2757,-5.596,0.0926246675828906
1053,50.125332,8.746343,0.0929926251410563
1048,43.5589,-5.9275,0.0937734400588549
481,27.8403,112.9118,0.0939946721844843
576,38.4842,106.2757,0.0940057759675709
659,36.0855,111.5018,0.0947110966437103
1342,29.583048,-95.01554,0.0947998027979637
1011,43.91611,11.00694,0.0963805505333033
1028,44.39703,8.20604,0.0977908446605112
716,49.94498825,17.90953064,0.0979422002271895
263,46.5656,131.12,0.0982634619441252
887,52.039023,4.359376,0.0988949996782667
150,33.5699,114.051,0.0997825627082482
417,28.2475,117.0311,0.0997912632369476
216,41.7325,125.9446,0.100183874909174
308,30.6217,114.3646,0.1005080314220414
936,50.85780611,4.288706017,0.1005964097489775
919,48.376576,10.88837,0.1009992712879307
67,40.7094,122.2703,0.1035068400022947
559,29.7046,115.9584,0.1038450069402381
70,40.0625,124.3303,0.1045044020518753
1138,52.401352,13.059945,0.1056960870674313
923,51.054558,12.141322,0.1058422632034331
1394,33.553055,-86.815,0.1062786816765421
988,47.34414,0.653778,0.1078611291187988
510,26.9056,112.5664,0.1080157880983301
1051,46.2311,6.07417,0.1103238167887902
478,27.72,106.9178,0.1117421953893012
1196,44.938125,26.044994,0.1132851087125747
352,32.1875,119.6707,0.1142865583978299
1193,42.39197569,2.842138412,0.1151350395966416
402,29.4906,106.6349,0.1153237683906777
861,46.765425,23.550258,0.1166728781494225
361,32.4625,119.9189,0.1190302663926293
674,50.007629,18.455548,0.1194647403787213
106,37.8731,113.4894,0.1213523338388661
446,27.6434,113.8385,0.1214395549502098
99,40.0844,113.2711,0.124049058782492
1398,27.939747,-82.000084,0.1246686353354444
1212,42.36417,13.38306,0.1246802027207443
509,27.3125,105.2864,0.1248412146623373
885,51.407365,5.393328,0.1273073516930375
1188,53.59617,8.09059,0.1283612720239145
140,30.2019,114.8988,0.1292025453572403
600,26.5917,104.83,0.1297519746757
643,37.4442,118.5857,0.1304305076182546
1378,42.474644,-70.97082,0.1308492967617381
1358,40.24699,-76.846985,0.1318110546020937
1243,35.438557,-81.27675,0.1320840987241717
1127,45.5966,7.76643,0.1327287842372657
979,51.396095,12.234054,0.1331143133844823
1019,52.437165,-1.829999,0.1353190921190039
780,46.58967,11.43317,0.1354610610501786
241,32.9427,117.3605,0.1355402591465898
1082,50.16443,9.399441,0.1373464783000333
1372,46.81826,-92.08936,0.1374377170954005
1098,51.15013609,3.80873543,0.1385768557754431
1122,43.867496,18.423061,0.1410339826695958
290,37.9854,112.549,0.1416996396789711
1261,35.63348,-83.941605,0.1438406399757212
1246,33.342224,-81.788734,0.1454884021858319
342,32.1065,118.8086,0.1466126408513379
1182,51.839382,10.790143,0.1486588400776336
642,24.7733,113.5824,0.1490244678315636
198,32.6939,109.0281,0.1513590152086799
1320,40.136337,-111.6605,0.1514380027331156
544,39.7443,98.5061,0.1518855063070532
1454,39.96528,-76.69945,0.1530069742010783
287,33.9592,118.2442,0.1530448560256847
733,48.051117,7.011114,0.153437882609453
117,36.4372,115.9848,0.1538177532597764
1129,51.49633,-0.460861,0.1549415694678857
851,43.126475,25.691211,0.1566379484713606
1123,45.714444,11.368611,0.1569960881975908
678,50.836389,19.130111,0.1578527112259889
1209,50.912475,15.31219,0.1581576411782946
13,46.6215,124.9042,0.1595437710777316
1088,42.05134069,0.729555647,0.1601001976334416
513,25.0992,104.8811,0.1601339733355397
1397,33.331112,-87.00361,0.1603941235925698
458,31.381,120.999,0.1606105346338612
1151,51.939783,15.518861,0.1609619684580469
1078,41.03028,21.33667,0.1616708552269338
28,34.6886,112.494,0.1658469085586562
1289,35.379166,-82.7925,0.1660971080524454
503,26.2331,111.6236,0.1661127187895307
443,49.2261,119.7594,0.1662735003316974
1236,42.44,-2.239,0.1664448093223572
1094,55.46333313,26.00416946,0.1669903422768505
866,50.979455,11.037924,0.1688121478930822
1080,50.970024,9.80026,0.1688909300011054
1356,39.96111,-77.475555,0.1694161286261329
1272,40.084515,-82.81558,0.1708680212115363
1253,48.41252,-92.82922,0.17176709262273
331,31.5475,120.354,0.17342938434417
504,26.4364,111.5992,0.1738299622043042
1361,41.44278,-75.623055,0.1752243628966311
895,47.64892,-2.76399,0.1765956940025879
261,46.6191,131.1652,0.1766258241687103
327,31.1907,121.703,0.1769314473452093
1341,29.625557,-95.26722,0.1771431122225734
56,31.1208,104.4239,0.1808525527116492
535,28.19,112.9394,0.1810913589269074
62,30.7236,103.9728,0.1813094515978241
239,46.6365,126.9785,0.1814906654111846
1190,49.784339,22.756239,0.1833202947987201
987,49.052284,8.253538,0.1833514863012578
781,48.167961,17.106244,0.1837199476894167
1283,35.9359,-81.5306,0.1845831381567446
0,39.8784,116.3621,0.1873196139780891
73,40.1092,124.3633,0.1879137219250044
1056,43.1788,-6.5527,0.1889752617286746
34,34.3622,107.2386,0.1907041286604111
1238,40.6646,-3.7739,0.1918375576661846
1030,50.5976,-3.71651,0.1939640527209255
1005,44.7037,8.0333,0.1956183753493198
804,48.124711,17.125496,0.197482144020109
832,48.53111111,14.57472222,0.1980442256843717
1340,29.723333,-95.63583,0.1993330687374869
110,42.2728,118.9576,0.1994699378736414
295,40.762,114.8902,0.1995763489747404
539,28.3169,109.7325,0.200835050011519
347,32.0745,118.7794,0.2009160446849724
170,35.5461,106.6692,0.2015600852486814
867,51.207944,10.450997,0.2017221747443238
1310,45.2384,-86.994,0.2031448202494055
259,47.3388,130.3114,0.2032383480486916
518,29.5844,103.7627,0.2036142022463856
978,44.865555,-0.939444,0.2039365433764168
660,36.1851,120.3905,0.2045046494113739
1280,41.420883,-82.095726,0.2053936408763894
890,47.2225,-1.5375,0.2084127356932001
1407,41.965195,-87.87627,0.2093663873702751
1317,42.060284,-87.86323,0.2110411538792147
597,25.0441,101.5482,0.2114371944319129
1022,50.775482,3.12568,0.2126771394709067
693,43.30277777,-1.98444444,0.2134711833811301
91,38.4975,106.2328,0.2139822260596774
497,28.2597,112.9792,0.2142595749575819
390,39.9136,116.184,0.214717986239909
60,41.0971,122.9642,0.2154745655984868
1001,47.73344,12.891241,0.2164803016852287
616,38.0378,114.5481,0.2165622575369001
922,47.649258,26.249011,0.2173548732717153
20,41.8611,124.0436,0.217636961728799
1015,48.17278,6.452811,0.2180103301755337
1304,34.474525,-85.408844,0.2206516188179186
1255,38.013332,-87.577225,0.2227119733210447
80,40.6532,109.8756,0.2227129419261704
1061,50.048397,10.232076,0.2227993731962577
245,32.633,116.8281,0.2234445616202859
640,29.6815,115.9872,0.2242522287850292
1302,37.1655,-78.3069,0.2245909876587237
171,35.5307,106.7021,0.2285751899205483
761,47.751475,23.605325,0.2288097616337958
384,40.135,116.6636,0.2292186961487912
1308,42.5956,-87.88576,0.2294277542948882
215,40.761,107.4212,0.2294669605520677
235,41.9419,126.4077,0.2300618345983531
278,39.5111,116.6708,0.2308916194039307
1083,40.314518,-3.716868,0.2313424528949406
522,36.1758,117.1089,0.2313999307466203
74,41.1489,122.0303,0.2316976098309156
205,41.998,121.6094,0.2321823093972695
1403,29.939613,-89.92388,0.2338534138596245
22,43.8622,126.54,0.2344385651024197
939,46.23451421,15.262476,0.2345128806125887
315,31.8571,117.25,0.2384172006379039
1175,46.329586,-0.458889,0.2391317320246979
1032,45.60222,9.27611,0.2394430313179953
257,45.3039,130.9429,0.2403441223102196
1233,47.30737,5.065881,0.2414121293754868
577,30.6558,104.0219,0.2417218341548567
258,47.3416,130.2537,0.24187506102778
50,34.7752,111.1922,0.2432080863997239
854,42.666508,23.400164,0.2435789911623104
311,36.6868,117.0624,0.2465406416377715
467,29.334,120.04,0.2473762816151443
202,41.2991,123.149,0.247466807360217
1221,43.4015,-5.8028,0.2475403532543938
1017,53.187222,-6.121667,0.2483346466796542
1432,36.60843,-83.73694,0.2487204307889055
325,33.5981,119.036,0.2495160482850072
376,43.8463,125.2841,0.2505008635363611
369,45.8167,126.561,0.2511479170091846
1120,50.94535924,3.15240159,0.2514597803976781
592,34.1781,117.1694,0.2515782998704622
957,47.0674,8.46333,0.2523487862076187
1237,41.9356664,2.238568301,0.253515684630855
516,27.5342,109.9781,0.2539178491355904
144,32.5714,110.8839,0.2541771945793563
236,32.8977,117.3145,0.2552310441310871
833,47.71611111,13.63222222,0.255245427580165
880,45.0028,7.8375,0.2562374268534786
431,29.8253,106.4213,0.2575287880667108
999,44.98375,26.015214,0.2575664121225891
1249,36.306965,-79.09197,0.2601892260284509
746,42.14326062,2.510206967,0.26042376977973
1215,53.694628,19.968892,0.2607291413599769
1333,40.06483,-74.44405,0.2640379027570891
451,26.4365,106.6555,0.2641373414027534
350,31.7069,119.9468,0.2655315168522421
903,50.37658691,13.32762241,0.266279939385971
667,26.6027,106.7109,0.2678108040683457
1444,45.25928,-122.58815,0.2689334427186483
531,29.5822,105.0406,0.2691767360219743
456,29.7178,118.327,0.2693218882920782
365,43.7783,125.245,0.2696421515291397
717,43.404011,21.947746,0.2699685475002199
218,33.6406,114.6369,0.2701438609254158
15,43.8245,126.5052,0.2703026681976276
830,48.733256,19.115268,0.2703498116268987
1445,35.988277,-77.5843,0.2719782240658719
745,40.41666666,-0.24916666,0.2762658088508872
995,53.56414,9.967882,0.2762782731421866
209,42.3022,123.8139,0.2769650280768655
179,44.3075,86.0697,0.2772007493132716
1395,33.545277,-86.549164,0.2781212614688668
769,41.47676936,2.088977264,0.2787766845237351
130,32.1195,114.0775,0.2795678288835667
1326,42.68075,-73.75733,0.2798475940085458
785,60.608299,15.6294,0.2810442646025061
1315,42.139996,-87.799225,0.2813079503332502
886,53.246535,6.608937,0.2821258161397809
834,48.257474,13.03923,0.2821268375819611
1073,48.507703,9.051178,0.2824793547195026
1116,51.34879529,4.339709947,0.2831744194052341
787,49.50504,5.97694,0.283976918272102
824,44.5,11.286111,0.2842925158337898
230,35.0303,110.9686,0.285616098935215
1367,41.3014,-72.90287,0.2859359777535366
204,38.8411,105.6985,0.2860670814079206
898,47.737415,7.309075,0.2874176964891106
1134,45.736694,21.250808,0.2874572603034909
1338,38.48123,-77.3704,0.2879745015919758
1363,35.96497,-84.22317,0.2890335504016993
586,35.7668,115.0,0.2891399220424137
810,47.4885583,12.066633,0.2897530489511129
934,47.5292,9.9267,0.2904312710251441
829,46.143173,-0.396042,0.2914373433464721
1390,38.65643,-90.19835,0.2918114682872509
1,41.1442,123.0485,0.2919738630512171
489,36.881,118.746,0.2922363877276033
1440,47.5525,-122.06472,0.2932210390096089
671,45.499167,12.262222,0.2933191197166968
35,34.3617,108.7233,0.2933554009688447
1104,51.75816,10.61248,0.2942473051406434
1270,41.515053,-81.24991,0.2953182748769197
902,45.038831,24.298631,0.2988152966423761
816,49.211447,18.771215,0.2994694871187032
49,33.737,113.2919,0.3026055282488142
48,33.742,113.3257,0.3030298341184927
160,35.9019,114.17,0.3033877863470426
1108,40.3419,-3.8337,0.3037526720544684
972,46.934128,26.38925,0.3047246091618308
1069,52.398406,13.368103,0.3075288234812025
229,35.0147,110.9956,0.3082139532147765
935,50.88369465,4.382977505,0.3082166218672271
662,35.4887,112.8508,0.3083480112684266
330,31.6219,120.275,0.3085046725292637
29,36.6028,109.4761,0.3088077086482401
649,28.793,104.6055,0.3093155136592583
788,47.541944,19.146122,0.311141511753913
485,31.0201,103.6202,0.311966937746192
92,38.5036,106.1358,0.3124147253969105
217,39.3278,112.4072,0.3140173081035638
3,47.3636,123.9305,0.3158785483356103
314,31.8707,117.2588,0.316014321036181
673,49.419528,8.6767,0.3162442313776009
1068,47.145014,23.877389,0.3165041323019261
156,31.7643,116.4738,0.31682654162215
767,44.013056,12.42,0.3170855322357084
201,30.5119,117.0331,0.3178500287717299
1060,46.564369,26.910667,0.3179747014461407
946,48.930932,21.913705,0.3190139426641132
1396,34.015434,-84.60742,0.3208319759068554
924,49.544078,8.465281,0.3215251688283025
1103,47.4029,8.6134,0.3229217408830147
710,49.23290634,17.66717529,0.3232115836709909
1074,43.5512,-5.9197,0.3258328024922247
1400,30.439722,-84.34639,0.3263127754365319
299,34.80246,113.67526,0.3264503740109996
429,36.0022,106.2792,0.3264723115788036
410,27.9831,116.3544,0.3267062870096595
818,45.772167,3.0875,0.3300700105450528
225,37.6945,112.7532,0.3312984485370308
950,50.46519216,3.939714326,0.3330459513817589
1092,48.19223,14.51954,0.3332490628725171
214,46.0656,122.0392,0.3347907361023675
1079,41.91614,0.191101,0.3363808635315392
494,25.7759,113.0348,0.3368005174544705
1354,40.814182,-79.56475,0.3373166986722997
998,48.173194,11.648036,0.3376849941285266
1387,33.317142,-86.82575,0.3380594527056632
1439,39.310833,-76.47444,0.3391136321572957
441,29.5102,106.5777,0.3393295866477449
1210,47.068717,21.927233,0.339876911635664
326,45.7319,126.685,0.3398977882003011
153,32.8929,115.8277,0.3398982325740835
555,31.7231,118.5228,0.3402287154154544
927,54.88361,-1.406878,0.341278087618057
734,43.310833,-0.391111,0.3415215709589896
301,34.7525,113.64164,0.342530079238339
1330,40.92458,-75.06782,0.3426039172424328
479,27.7019,106.9242,0.3440267424893912
1254,34.002747,-89.79919,0.3461357354781268
1034,43.66028,11.90167,0.3469026273414702
690,44.3818,7.5382,0.3469696814429567
626,34.3497,107.2058,0.3487090822364194
811,43.39873,6.075611,0.3491642045521608
762,45.158745,1.537222,0.3494507465904015
147,30.9891,112.1969,0.3494940401021901
1257,41.182465,-81.33048,0.3497222213239033
896,43.1804,-2.2682,0.3506754961644543
537,23.7233,114.6892,0.3511105102509984
1066,45.263142,27.969506,0.3514902536192941
335,34.2778,117.2933,0.3544572814334336
1110,53.40337,-1.752006,0.354608965300523
1045,41.932892,12.506947,0.3552864909046055
1430,38.85287,-77.63462,0.3553301490726989
831,45.148333,9.940278,0.3554133572576924
328,31.1654,121.412,0.3565696842641838
1431,40.73614,-73.82153,0.3566257300738228
303,36.5713,114.4918,0.3570062583505099
748,43.2941,-5.6796,0.3571829218232197
76,40.7514,120.8392,0.3572486073763793
847,41.97833,21.47,0.357298269024085
723,46.19583,6.240556,0.3586417320004946
123,34.5578,117.7276,0.3604217287714623
683,45.6725,12.238611,0.3633607612927507
400,27.0999,114.9658,0.3663866382106854
1382,38.06503,-84.49761,0.3665210584224407
843,43.223044,27.587239,0.3674170110980714
52,30.3197,112.2494,0.3698815396755581
177,39.4467,76.0072,0.3702544518975373
1295,41.6175,-87.199165,0.3730840220601602
568,38.8959,115.5213,0.373107958402279
1357,42.14175,-80.03861,0.3740255425285414
1410,29.68639,-95.29472,0.374458515673327
738,45.431539,28.054742,0.3751912542582318
1263,36.019184,-83.87381,0.3753402921033853
27,40.8434,121.0533,0.3760684733014189
1348,34.454514,-94.143524,0.3780222099420808
409,27.7844,114.3956,0.3794007378441804
940,48.248993,16.357079,0.3802395842912395
275,38.2991,116.8842,0.3809021330350017
155,31.737,116.5079,0.3816782928646189
792,45.760833,11.736667,0.3831924753909895
1205,39.48963,16.3868,0.3836139890986209
1063,48.326013,10.903051,0.3856345994270764
102,36.0783,111.5531,0.3857462427168384
1314,30.085262,-93.76134,0.3887718744937852
424,33.774,113.182,0.3896960284782464
351,32.4639,119.888,0.3900822160943353
574,38.497,106.1015,0.3906178845650699
9,44.6075,129.6364,0.3913154633055608
737,49.233464,6.987601,0.3921816796249814
1332,35.9138,-81.191,0.3928278667543985
1441,31.188932,-85.423096,0.3928855475789476
1370,42.51334,-83.005974,0.393001010528864
233,37.5136,111.1297,0.393863303508437
721,45.916943,6.135556,0.3940735291569491
129,36.2017,117.0885,0.3950869211383721
727,47.651725,23.570508,0.3956270073158137
666,26.5424,106.674,0.3995047375322087
488,43.9174,81.2996,0.403368049757108
373,43.79,125.4605,0.4034837805140586
126,37.5433,121.3719,0.4035048557859108
842,47.091111,17.901122,0.4046051580547069
1290,35.587143,-83.07416,0.4062135693804794
1136,42.45639,14.23472,0.4068437164504009
1313,38.86067,-90.10585,0.4076589979769434
1379,32.50996,-92.046196,0.4094605593298603
614,32.1873,119.4424,0.4099464184881103
1401,30.681719,-91.36625,0.4106767964789168
573,30.4663,106.6271,0.412500159364685
240,46.6528,126.964,0.4126408532233639
1267,35.85611,-78.574165,0.4136235586571401
65,40.6288,109.8642,0.413950525871338
786,46.80138889,13.49388889,0.4162835762227594
450,37.197,122.038,0.4185242994089705
195,33.1138,107.0089,0.4187544270380716
996,49.32273,11.02792,0.418836314434239
1137,44.82112,20.459113,0.4217544680176497
1245,33.81468,-80.781136,0.4217572592506104
422,32.0023,118.7752,0.4232298123730934
1323,43.14618,-77.54817,0.4238299636915062
881,51.468662,5.47235,0.4244785413810916
529,31.2132,107.4988,0.4245295094402747
309,36.0658,120.4134,0.4251210576390271
654,28.4586,119.93,0.4253108652777165
199,30.2756,118.1371,0.4278733680589834
398,29.7166,106.6205,0.4289567429302803
1135,52.22174,-2.736665,0.429037250302631
570,27.9939,120.6748,0.4297559065309174
1421,39.46048,-76.633545,0.4304889799008166
1286,36.02661,-80.341965,0.4305310862065283
1368,34.530716,-86.96754,0.4306481561914075
1281,35.76541,-82.264946,0.4311982943947375
1064,56.2904,8.4274,0.4317591867090313
168,37.9956,106.1856,0.4342314538663287
624,35.878,120.005,0.4357832586493231
635,23.691,113.0426,0.4368356765471078
747,46.671307,5.556806,0.4373027032071787
1384,42.334984,-89.03777,0.4375396041932526
203,43.9311,116.0781,0.438655368614384
127,36.7023,119.1437,0.4395172171781425
17,41.0821,123.022,0.4401121054186218
383,39.9611,116.2878,0.4418235277404828
1130,51.47707,0.317969,0.4423807341686591
237,50.2341,127.5144,0.444615456874891
496,26.5939,104.89,0.4468749996740377
187,32.4287,105.8628,0.4481745101456658
1389,39.40745,-94.26537,0.4492067743868814
1409,43.54792,-96.70077,0.4506576384794643
300,34.81334,113.56746,0.4507242184337361
399,29.4572,106.3754,0.4509324441086014
892,44.926111,10.370833,0.451931978844326
244,46.8032,130.3648,0.4522897014207425
621,27.583,110.0394,0.4529418287283296
254,45.1722,124.7965,0.4536194495670871
189,31.1986,107.5082,0.4539137746614204
95,36.1856,113.0844,0.456827443570457
334,31.2284,121.533,0.4606940277335211
1002,53.37287,-3.022722,0.4618280449957989
610,30.8955,120.0875,0.4619055500246761
801,45.463333,10.480833,0.462708416859254
817,47.8055556,13.043333,0.4633761688131264
371,43.8447,125.3863,0.4656928725891668
381,39.8863,116.4072,0.465741331486194
1000,48.021657,12.538174,0.4691572511974725
1200,43.89555,25.956575,0.4694035099298265
1112,44.92467,10.5172,0.4703082685517115
569,26.8906,100.2203,0.4705200532585156
270,37.7124,112.469,0.4718517086242824
763,46.17,1.87,0.4720463067588282
735,45.475327,4.515003,0.4720726124148451
1298,64.84569,-147.72742,0.4725167494083092
196,38.2911,109.7456,0.4730078244068947
1204,41.886019,12.541618,0.4734058639993944
1413,41.094967,-85.101814,0.4735278512895945
268,30.6764,104.1419,0.4746740048768733
1299,63.7232,-148.9676,0.475543651034179
554,22.5545,114.1063,0.4759936134893051
575,30.4576,106.6303,0.4771946610691449
593,33.3663,120.1544,0.4779950579636726
423,32.0754,118.7997,0.4788911986153242
280,40.9763,117.9392,0.480342525927399
1346,39.4125,-107.23056,0.4814052327175284
1303,33.588547,-84.06961,0.482374810057933
1178,40.39472222,-3.73194444,0.4831049656779331
288,30.2692,120.1903,0.4836528294676215
620,27.7314,112.0194,0.483876368925865
1222,49.23074,7.003174,0.4844555368471268
353,41.7867,123.4678,0.4852374432410877
442,36.7729,119.1936,0.4856503402875213
501,26.2081,111.6217,0.4859698865241074
406,30.1819,120.2697,0.4865851301172373
358,41.6989,123.4231,0.4875858534453356
1337,38.20087,-77.37742,0.4902958917136696
94,35.0888,118.3956,0.4907702594647204
128,36.1937,117.1437,0.4909566385948253
1008,45.42009,4.395422,0.4917001569515176
773,48.40861,15.619166,0.4922769321645741
337,31.3097,120.669,0.4923117834392329
1171,43.5166,-5.6707,0.4943282693140866
343,32.1028,118.9125,0.4984343351779324
1168,43.79306,11.09778,0.498728189603335
16,43.8358,126.5844,0.5011727472587755
75,40.7136,120.9092,0.5031439744910721
355,41.8467,123.4264,0.5033389128784372
291,37.8195,112.57,0.504842758817989
208,41.2495,123.1683,0.504970273104575
1414,40.046665,-76.28333,0.5050866265507185
108,37.8703,113.5614,0.5055074391789067
41,35.0697,109.0697,0.505745021535803
564,29.8566,114.2936,0.5076859509712726
1279,39.9428,-81.3373,0.5101416455659085
30,36.6106,109.5056,0.5107211738214724
1012,46.137222,9.385,0.5119173209979639
57,31.1317,104.3826,0.513757530462394
1327,40.8679,-73.87809,0.513984817231741
385,40.3275,116.6275,0.5141178616259484
477,29.2617,117.1547,0.5152158133799847
911,50.11108017,14.50309563,0.5168273649087876
33,34.3739,107.1186,0.5183983585827048
1423,35.43477,-83.44213,0.5191575516448059
753,42.33611,-3.63611,0.5208547994414386
632,22.5311,113.0219,0.5214595172838803
938,56.672901,12.8576,0.5230738324953
318,31.8403,117.1318,0.5252650122624246
1415,30.419806,-91.182014,0.5253575868619851
242,32.8911,117.4185,0.5259563305729343
317,36.6734,117.1265,0.5276778450955485
1041,51.462734,13.526796,0.5295907549646292
1438,35.206112,-111.65278,0.5296327672843535
316,31.7964,117.3027,0.5299750276580041
114,37.4674,116.3032,0.5303400588804029
651,23.1522,112.5544,0.5346022953731272
1435,41.49212,-81.67845,0.5356717744207599
1318,42.04915,-88.273026,0.536006053550366
1449,27.946688,-82.731766,0.5375140823335183
1365,41.61524,-71.72,0.5415001701897199
219,35.5051,112.85,0.5423353439854866
1248,41.4271,-80.1451,0.542597041253487
1124,45.690278,9.643889,0.5443094603114499
822,41.99917,21.44084,0.5458210801412688
636,23.4714,116.7519,0.5482602002286288
644,37.4658,118.5019,0.5482798251198204
836,44.79361,10.33167,0.5486651209952047
185,31.6908,113.3833,0.5487200974374749
545,36.0621,114.4839,0.5517727537214167
665,31.751,119.579,0.5525072730389964
565,26.1028,119.2984,0.5556790625795813
913,50.08148193,14.4426918,0.5574016111718026
404,24.8886,102.8204,0.5579102498307449
341,34.5885,119.176,0.5588725154784377
104,36.0714,111.5028,0.5590058227429462
740,45.474156,28.034406,0.5595684453572677
289,30.4183,120.3019,0.5612611780191953
1207,38.748611,-9.148889,0.562311876639758
1424,42.27807,-85.54189,0.5631175473080131
877,46.256617,26.792892,0.5644591048876073
460,31.882,120.55,0.5707386212968759
482,31.5031,120.242,0.5718704300372047
213,43.1713,124.4002,0.5719094165639875
653,29.6277,106.6556,0.5730267359061552
1231,46.34072,2.593945,0.5770084105962745
294,30.7478,120.726,0.5783352839621922
1242,35.2318,-77.5669,0.5800668775452233
813,47.04735,16.07905,0.5822764201538645
396,39.6506,118.1705,0.5866475952586448
222,39.3522,112.4397,0.5868580698644889
837,44.73473,9.36693,0.5875978207895886
1223,47.0677,8.30068,0.5889173811059466
1349,43.1818,-87.901,0.5889631058774777
1456,31.954287,-84.08101,0.5904207366561163
97,35.2375,115.4747,0.5906663587665779
345,34.2384,117.1918,0.5910614047479565
627,22.5978,114.297,0.5917549594204978
457,36.253,120.014,0.5918728945622201
1141,49.672507,9.001981,0.5926186809431886
757,43.15333,-4.25306,0.5931307670201642
1179,46.555842,26.926942,0.5934817513714669
864,42.90056,13.33667,0.5938881319646517
346,32.0309,118.8109,0.5952365846986276
704,45.569,8.1876,0.5963495466294001
180,36.1911,113.1569,0.5979873304310955
103,37.4236,122.1214,0.6005792054771916
360,40.7612,111.717,0.6013151843039164
1324,40.283092,-74.742615,0.6013538124600619
525,37.5072,122.1067,0.6038785131521566
1095,47.86194444,15.32194444,0.6040868359868791
1180,56.15976,10.19364,0.6053090128766256
356,41.8411,123.5903,0.6067591564310513
1287,36.109005,-79.802315,0.6074503503412604
266,48.471,129.5029,0.6094540750583645
78,36.229,117.6795,0.6113062954614802
12,46.586,125.153,0.6178603156390261
162,35.7306,114.2878,0.6192526242003985
192,33.8715,109.9154,0.6195002099226445
1043,45.411864,28.005967,0.6200543018372354
907,49.40159607,15.6102457,0.6238571800337707
1169,45.84299,13.54308,0.6267862556472833
1187,43.285,13.42861,0.6278490788229576
18,41.8491,123.7977,0.6281110989694859
142,32.395,111.0419,0.6292366516312432
538,28.2675,109.6958,0.6294876236220528
1359,40.46542,-79.960754,0.6310141918715034
1276,38.81194,-76.74417,0.6336110440299987
563,29.6038,115.9114,0.6389012451350936
889,50.74823,2.25978,0.6400399276393944
1373,38.45934,-82.64041,0.6403082942477294
176,41.1551,80.2613,0.6414088104104733
267,46.8028,130.2751,0.6456313179874558
220,35.4936,112.8318,0.6457628029132005
77,40.7677,120.8695,0.6479318469339513
1418,45.49664,-122.602875,0.6488862502086888
1339,38.8577,-77.05922,0.6491221083126048
120,36.8103,118.0414,0.6501526031189853
932,43.322554,21.919025,0.6537815811625627
1386,41.81305,-88.07283,0.6547699023987837
1383,39.117218,-94.635605,0.6548898174551964
514,28.6842,115.9314,0.6552712260986121
858,42.732292,23.310972,0.6563660952537381
556,29.5698,115.9773,0.6566813603405132
416,28.2264,117.0222,0.6566960806142935
1336,40.82799,-73.05754,0.6581831838027418
1256,39.48599,-87.40131,0.6587941823706176
1268,40.026035,-82.433,0.6591557819724648
348,32.0551,118.7538,0.6591712436869759
1164,43.675114,4.62921,0.6595853965160736
141,30.2092,115.0307,0.6619076360588618
677,43.2561,-5.7759,0.6643242750701362
370,43.8325,125.1761,0.665024886539865
372,38.8661,121.5213,0.6666145475522126
224,39.3197,112.4258,0.6692163540883037
305,39.9041,119.5251,0.6716557243632383
38,36.6868,117.532,0.6733806230642562
1292,35.320107,-97.4841,0.6742282810233065
1376,42.099697,-71.6194,0.6744230086313194
1115,59.316007,18.057807,0.6745160615909399
1185,51.536893,7.457409,0.6745896105709005
964,49.300731,8.700103,0.675114078539164
212,41.5646,120.4521,0.6756206053156194
178,44.2967,86.0497,0.6759853224937912
1093,49.107502,6.122775,0.6783614313101368
157,31.7905,116.4996,0.6830811555600899
251,46.7975,130.3258,0.6857661392473455
770,45.4512,7.878,0.6882223356945741
1426,30.848612,-85.60389,0.6888413904668169
1172,46.162556,-1.153603,0.6945281675449089
1143,52.411563,-1.560228,0.6946663754825544
24,41.2664,123.7992,0.6948188802859954
819,45.6642,8.1598,0.6949131710169877
1264,35.10264,-85.16219,0.6949961775826398
583,41.7347,123.2444,0.703345110378151
1316,29.632057,-98.56493,0.7035138637170152
1154,41.66638888,-4.715,0.7038302913220312
942,45.55879167,18.69876944,0.704491782803622
647,36.8406,118.0253,0.7073051960951128
1347,37.71325,-119.7062,0.710021084473193
493,31.9037,102.224,0.7124971372838692
588,35.5934,104.6194,0.7131467159210373
1392,38.71085,-90.47606,0.7147932962015452
323,33.575,119.007,0.7155970771299403
543,29.315,110.4417,0.717367535835214
1025,40.67354965,22.89343834,0.7187211130248731
1239,45.248889,10.299444,0.7197657416746307
1416,39.28102,-78.08157,0.7211162263386859
552,28.6542,121.419,0.722666816011951
1009,55.79216,-3.2429,0.7232288033216919
210,42.2217,123.7153,0.7282914840612749
63,41.1196,123.044,0.7297351492947349
1194,49.18742,6.910867,0.7298406546665566
132,33.6347,114.6758,0.730157030456006
905,45.873889,10.1775,0.7308053995457263
112,37.4309,118.6614,0.7340706679977822
590,37.9844,106.2025,0.7350385981032426
1163,45.5476,9.16698,0.7368851451387108
90,36.1031,103.631,0.7374042273228044
658,29.4875,106.4782,0.7385145110768876
260,47.3382,130.1097,0.7423017812225008
188,30.5232,105.5582,0.7436018708842308
1192,42.40538,1.13,0.7453262829063848
320,38.8632,115.493,0.7466841904467817
231,38.4519,112.7383,0.747114542875961
152,32.2786,118.3244,0.7486044615959191
374,43.8805,125.3297,0.7507806306432419
101,36.2125,113.0886,0.7550351962758579
637,36.913,121.531,0.7559522554229545
578,39.1067,117.1941,0.7575137936293689
223,39.3617,112.4575,0.7615671981321123
338,31.3708,120.641,0.7622866129571878
66,39.8129,110.0023,0.7629072532392291
1288,30.229652,-90.96563,0.763854709986682
594,34.6972,119.3581,0.7649052643141865
759,45.84083,9.34889,0.7652431651185861
464,31.354,119.818,0.7654408938422378
397,26.3003,106.805,0.7664067216156485
459,31.656,120.734,0.7715460856097592
454,29.6963,118.2903,0.7748095030291436
484,35.546,112.8453,0.7759194847922172
800,45.655,10.20083,0.7772495000391062
1114,51.45258,0.070766,0.7778597423356991
528,26.5892,104.8,0.7801579261496475
520,30.1506,104.6356,0.781036262912007
310,36.663,117.0495,0.7817323338664212
107,37.8486,113.5819,0.7838592262666076
1360,40.107224,-74.882225,0.7844533797057839
1113,54.97825,-1.610528,0.7861346919631189
664,34.6692,112.3628,0.7863847876054078
596,33.965,118.283,0.7867331919850991
1388,37.70097,-94.03474,0.7867610723444641
69,40.6655,122.167,0.7874504429755836
25,41.3472,123.8142,0.7875610684871165
71,40.1503,124.4256,0.7876169764382288
641,24.7791,113.6735,0.7884812706178808
137,32.9771,113.9976,0.790704081300421
599,32.3153,118.3093,0.7917217710525052
1436,28.332226,-82.30564,0.7954630449644456
246,33.9477,116.7856,0.8000108964613653
498,34.7178,113.7329,0.8023674723829909
339,32.0005,120.86,0.8045435359898504
227,37.7067,112.7249,0.8057511286978185
1158,51.748103,18.04931,0.8142302522138426
96,35.2464,115.4208,0.8191255629814241
10,44.5462,129.6386,0.8209847966131083
1447,40.74529,-73.41919,0.8231463157827701
687,45.183611,11.311389,0.8233416417826798
645,36.7019,119.12,0.8244765348671032
1201,41.15604,15.09675,0.8260909848746211
61,41.0931,123.011,0.8272864060280699
122,36.8194,118.3092,0.8286946307349724
286,33.9528,118.293,0.8296382649460639
118,37.3803,118.0062,0.8302532534151712
625,33.4022,120.118,0.8303981870464764
322,36.6114,116.9862,0.83151568213536
1293,35.614132,-97.47508,0.8328542936275687
1371,27.189215,-81.34035,0.8349724509387689
121,36.4847,117.8525,0.83523883773437
1321,40.72099,-74.192894,0.8452022428928745
638,23.0822,114.4053,0.8492578147196408
1058,46.064275,23.563517,0.8550561231657217
571,25.0492,101.538,0.8568941938609927
474,30.2111,120.2072,0.8605638915430515
68,40.6511,122.215,0.8689167920943892
561,29.6547,116.0172,0.8784291123616603
602,44.0114,87.2997,0.8812112875272701
274,38.3254,116.8584,0.8875095591791768
357,32.1328,119.4303,0.8885294848163652
1230,49.28222,4.051111,0.8994631654853751
297,36.3083,120.3999,0.8997205157755358
646,36.6331,117.9592,0.9039482684217915
447,31.388,120.953,0.9053387294212676
1167,44.92008,2.441082,0.922503675081348
652,37.374,120.399,0.923773090158893
39,35.8735,120.0405,0.9316753675999684
1153,41.63528,-0.89361,0.9334978427679448
407,31.4741,104.7778,0.9373447667364126
560,34.343,106.0055,0.9378289946697363
1219,47.60472222,15.67305556,0.9574386464629396
207,41.1953,123.2,0.9578925541446116
517,27.5578,109.9972,0.9674434655652464
