,lat,lon,EVI2_Onset_Greenness_Maximum_1_aot40_r
1218,51.028931,7.004976,-0.9956948216107366
1235,40.3597,-3.5429,-0.984843089836306
1456,31.954287,-84.08101,-0.9839599826599924
1217,53.24696,10.4565,-0.9791130656823308
592,34.1781,117.1694,-0.9652049650877694
1146,49.514959,8.402331,-0.9515009007753696
137,32.9771,113.9976,-0.951182750039626
1123,45.714444,11.368611,-0.9485674328528584
46,34.7965,114.2885,-0.9478648264708328
1092,48.19223,14.51954,-0.939074065150632
21,41.3094,123.7169,-0.932246403645498
550,30.3714,114.8989,-0.927604890949224
1232,49.15167,-0.352778,-0.9206079403968644
1044,53.064262,14.285139,-0.9200921765902554
1184,51.525955,6.97688,-0.9194624982739236
1124,45.690278,9.643889,-0.8973248917409612
644,37.4658,118.5019,-0.8969701958197596
463,31.909,120.237,-0.8930029311675313
254,45.1722,124.7965,-0.8923673127189693
636,23.4714,116.7519,-0.8899925596824827
1009,55.79216,-3.2429,-0.8896726195306126
1049,50.877923,12.0749,-0.8864509975109206
576,38.4842,106.2757,-0.8862059694834674
879,41.53583,20.6989,-0.8848051737072631
1417,41.705227,-76.512726,-0.8814879070827837
1164,43.675114,4.62921,-0.8766910952289304
528,26.5892,104.8,-0.8739514213167526
442,36.7729,119.1936,-0.8702979987358965
167,30.4742,114.9028,-0.8702453453546546
362,40.7866,111.5512,-0.8689508962308602
766,45.848333,11.569167,-0.8675791977488698
466,31.4,119.46,-0.8673611126985001
658,29.4875,106.4782,-0.8670195879099291
313,31.7848,117.1959,-0.8665633658572292
433,32.0931,118.6414,-0.8650981715926358
1201,41.15604,15.09675,-0.8647769887858964
1121,50.85205095,4.347777506,-0.8643913379072085
387,39.6334,118.1725,-0.8629857505299813
670,28.687,115.8518,-0.862968331044825
432,29.7228,106.6263,-0.8589064852487434
305,39.9041,119.5251,-0.8571834074800084
920,49.869422,9.171544,-0.8513172055399292
716,49.94498825,17.90953064,-0.8494140953217979
1053,50.125332,8.746343,-0.8473097602136174
1448,34.264915,-88.76622,-0.8408413718193517
946,48.930932,21.913705,-0.8307399109308647
183,31.7275,113.3583,-0.8261725034815515
1048,43.5589,-5.9275,-0.8248378954071512
1191,48.445553,0.110833,-0.8234615918981215
864,42.90056,13.33667,-0.8185689187350725
519,30.1383,104.6295,-0.8137291725742789
1051,46.2311,6.07417,-0.8135118477065965
649,28.793,104.6055,-0.8123906167460113
1447,40.74529,-73.41919,-0.8103649722951164
949,50.81487387,3.322494319,-0.808973686255404
223,39.3617,112.4575,-0.8053478586787621
121,36.4847,117.8525,-0.8050968653828646
1230,49.28222,4.051111,-0.8036243517041212
388,38.0178,114.5331,-0.8029282877799923
1105,59.399355,18.077416,-0.7980216674628385
5,47.3227,123.9483,-0.7970705921659752
647,36.8406,118.0253,-0.793803343726651
436,28.9703,111.6975,-0.791022442532065
605,27.2442,111.5283,-0.7865170866538889
221,35.4897,112.8676,-0.7864760565710753
1012,46.137222,9.385,-0.7833007741924783
1386,41.81305,-88.07283,-0.780835341630448
1203,40.71099,14.70244,-0.7790058118517823
60,41.0971,122.9642,-0.774288153869684
422,32.0023,118.7752,-0.7732683343192973
344,34.2761,117.179,-0.7719761027794477
861,46.765425,23.550258,-0.7711709057994276
1388,37.70097,-94.03474,-0.7709581544034253
536,23.4835,111.2711,-0.7699560208789245
888,46.58389,0.345556,-0.7693832937096226
1062,51.321364,12.032141,-0.768607689999183
381,39.8863,116.4072,-0.7632094983752528
332,45.6842,126.6206,-0.762971987842131
431,29.8253,106.4213,-0.7617865609948129
885,51.407365,5.393328,-0.7611846021816172
228,37.6982,112.6991,-0.7609752774570548
1143,52.411563,-1.560228,-0.7607187491675016
1390,38.65643,-90.19835,-0.758530340032286
1034,43.66028,11.90167,-0.7580268300237879
0,39.8784,116.3621,-0.7564386894059355
530,31.2827,107.5277,-0.7559526960692569
582,29.5462,103.7723,-0.7542736272414511
909,49.41123199,14.67638874,-0.7535970280972286
554,22.5545,114.1063,-0.7531535636561857
1041,51.462734,13.526796,-0.7522844374460502
615,37.6828,112.7195,-0.7521997579936693
1198,51.067439,19.448694,-0.7517970103930278
951,47.4387,8.57012,-0.7517326075895348
24,41.2664,123.7992,-0.7504734427883577
296,40.8336,114.8883,-0.7482748269115485
1346,39.4125,-107.23056,-0.7479560444629738
598,26.4214,111.6156,-0.7474883872623153
1163,45.5476,9.16698,-0.7474789857435948
1001,47.73344,12.891241,-0.7454446707345687
606,27.3033,111.5239,-0.7404213188332056
31,34.3017,107.0708,-0.740210184343238
940,48.248993,16.357079,-0.7385832816222339
932,43.322554,21.919025,-0.7378129311523355
668,26.5161,106.694,-0.7371859827074886
13,46.6215,124.9042,-0.7359730986354902
1195,50.0075,20.259167,-0.7358229499069744
259,47.3388,130.3114,-0.7347755704562536
1057,52.349703,13.424304,-0.7340513149343562
424,33.774,113.182,-0.7340016042843965
575,30.4576,106.6303,-0.7339884209549539
1221,43.4015,-5.8028,-0.733770758929134
809,45.83611,8.80417,-0.7330910862416556
950,50.46519216,3.939714326,-0.7330539179412393
1114,51.45258,0.070766,-0.7293823926777936
302,30.558,114.2529,-0.7266893559821602
273,37.7541,115.6838,-0.7238005547517626
825,48.04944444,14.44277778,-0.7232741144037
1061,50.048397,10.232076,-0.7220629440865638
1130,51.47707,0.317969,-0.7193542531026641
82,43.8711,87.5525,-0.7186822900277688
501,26.2081,111.6217,-0.7186004232424155
948,46.6775,12.972,-0.7179913925772984
698,49.77012634,13.36822128,-0.7179285506204373
889,50.74823,2.25978,-0.7131141367093823
1450,43.34317,-87.92087,-0.7130776227507354
721,45.916943,6.135556,-0.7117740523519204
970,51.698954,7.122684,-0.7113467428201568
210,42.2217,123.7153,-0.70715712665667
671,45.499167,12.262222,-0.7039629981040729
1135,52.22174,-2.736665,-0.7009119203244433
717,43.404011,21.947746,-0.6989250734307995
1411,34.623238,-82.53206,-0.6985338985646368
1189,46.1625,12.360833,-0.6983770756850878
351,32.4639,119.888,-0.6958528712009477
1357,42.14175,-80.03861,-0.6941021314496861
1226,46.586918,0.358583,-0.6920236975651293
778,45.54301186,13.71352366,-0.6889953968009854
989,53.63074,10.110595,-0.6875815842487433
465,31.737,119.579,-0.6874992606317203
521,30.5944,114.3014,-0.6847662841160898
790,46.835,14.84361111,-0.6842365818315624
634,36.6428,101.748,-0.6840839523964904
1423,35.43477,-83.44213,-0.682836511891585
165,35.7609,115.0574,-0.6826369426998802
537,23.7233,114.6892,-0.6814503965553643
543,29.315,110.4417,-0.6808281470865091
1266,36.0388,-85.7331,-0.6786330945112126
1080,50.970024,9.80026,-0.6785587440886964
567,26.0746,119.317,-0.6777106626884789
222,39.3522,112.4397,-0.6757571622379877
1152,50.349608,18.236575,-0.6715117645661572
719,47.27476,4.099476,-0.6710075207799514
1106,50.84971052,4.33410368,-0.6707671912578534
960,51.25210341,4.491362028,-0.6687335273955886
745,40.41666666,-0.24916666,-0.6681918910722582
607,29.2956,117.2461,-0.6674029818683705
702,60.37288,11.07407,-0.6667801297078223
443,49.2261,119.7594,-0.665938067719015
740,45.474156,28.034406,-0.6654993243876904
151,30.9743,118.7385,-0.6654897787216076
890,47.2225,-1.5375,-0.6635897111007055
401,28.793,104.563,-0.6627699030753036
1088,42.05134069,0.729555647,-0.661430669739713
268,30.6764,104.1419,-0.659094267978513
1245,33.81468,-80.781136,-0.6577296829060701
632,22.5311,113.0219,-0.6546164688334561
150,33.5699,114.051,-0.6539161236434764
1369,43.176674,-85.41661,-0.6489595768845428
525,37.5072,122.1067,-0.6471067675493133
379,30.6319,114.135,-0.6444123309777283
793,47.06701111,15.49368889,-0.6438010083925488
1150,51.799722,16.3175,-0.6436927673217332
862,51.921389,4.401389,-0.6428545339727749
1030,50.5976,-3.71651,-0.6400697667766245
155,31.737,116.5079,-0.6396380004671743
1393,33.578335,-86.77389,-0.6363194636640724
232,37.5211,111.1406,-0.635978584070789
1431,40.73614,-73.82153,-0.6354659430408308
208,41.2495,123.1683,-0.6338736324151737
57,31.1317,104.3826,-0.6314179282956364
261,46.6191,131.1652,-0.6312655213149243
1280,41.420883,-82.095726,-0.6311944782406292
400,27.0999,114.9658,-0.6308012091202689
753,42.33611,-3.63611,-0.6302395608895958
986,46.802376,4.417486,-0.6292366135544563
256,45.3001,130.9762,-0.6287256848024824
1047,51.862042,6.874469,-0.6273031369238177
1334,43.05235,-76.05921,-0.6245239110665216
1122,43.867496,18.423061,-0.623602023059905
1147,52.115725,21.237297,-0.6235910492733061
1180,56.15976,10.19364,-0.6227008009402549
1096,51.838221,5.856938,-0.6222726893292067
574,38.497,106.1015,-0.6220111926180526
968,50.889871,6.985074,-0.6218977301076734
270,37.7124,112.469,-0.621122787130039
1350,42.51831,-89.06347,-0.6201871058203018
20,41.8611,124.0436,-0.619707882556348
1157,47.594913,7.568175,-0.6192586476882761
1013,49.276386,2.482167,-0.619072134421628
1319,39.866833,-88.92559,-0.6183684673360049
868,47.739919,26.658519,-0.6180683794673656
375,43.8772,125.3716,-0.6173836666185663
1174,52.077148,4.289185,-0.6170395984482345
929,51.897598,14.057064,-0.6164141360270271
883,50.736389,15.739722,-0.616237860074114
851,43.126475,25.691211,-0.6104988431322319
399,29.4572,106.3754,-0.6087348029834243
25,41.3472,123.8142,-0.6083315661867
931,50.12218857,14.46757793,-0.6075641506267405
89,34.1978,108.985,-0.6051315047459984
1067,51.651166,12.302866,-0.6036508755762136
53,30.3544,112.2008,-0.6026114056319283
484,35.546,112.8453,-0.6011392085811965
925,52.99875,11.73846,-0.6005862136357533
871,54.436985,12.721938,-0.5996306150748218
548,28.9666,118.8709,-0.5988106061075942
780,46.58967,11.43317,-0.5970209338653281
1286,36.02661,-80.341965,-0.5920455529938544
584,41.7173,125.9358,-0.5907095728689877
195,33.1138,107.0089,-0.589674266609129
396,39.6506,118.1705,-0.5896536173389213
145,32.0564,112.1392,-0.5891893457659823
397,26.3003,106.805,-0.5891716873632559
905,45.873889,10.1775,-0.589137340903537
1273,39.70595,-79.012,-0.5887237478986068
982,50.892377,14.822846,-0.5881382202821824
842,47.091111,17.901122,-0.5870627942810571
1176,44.825,11.649722,-0.5854767797948343
691,48.001511,7.832122,-0.584581101929203
402,29.4906,106.6349,-0.5821738253189437
869,47.913256,7.908035,-0.5821276561446167
235,41.9419,126.4077,-0.5820290984689418
1127,45.5966,7.76643,-0.5810128128105574
653,29.6277,106.6556,-0.5800038847002823
290,37.9854,112.549,-0.5790761784356
586,35.7668,115.0,-0.5775950256271656
991,47.2474,6.015419,-0.5769985277243472
772,45.515278,10.219444,-0.5766517938034668
700,43.610497,2.23015,-0.5765383771108288
500,30.2798,109.4707,-0.5762002070424991
417,28.2475,117.0311,-0.5724761290915112
146,32.1142,112.1825,-0.5724297817315503
391,38.8394,117.457,-0.5705929405199481
1079,41.91614,0.191101,-0.5696263778094511
1452,40.27813,-105.54564,-0.5692059120523345
1446,43.670834,-110.59947,-0.5691847520138087
28,34.6886,112.494,-0.5688300660880493
230,35.0303,110.9686,-0.5677709333338582
911,50.11108017,14.50309563,-0.5653217296938055
865,50.978292,10.317236,-0.5652668346298104
1407,41.965195,-87.87627,-0.564790950464358
336,31.2472,120.561,-0.5645091390553695
796,48.1061111,15.91944444,-0.5631004151647249
685,48.85731,7.314175,-0.5617603779526049
1293,35.614132,-97.47508,-0.5617304018563982
504,26.4364,111.5992,-0.5599907835708015
838,45.1391,7.0501,-0.5586091178340017
163,35.303,113.883,-0.5577238148370538
1331,41.058617,-74.25555,-0.5563278128731588
650,28.7728,104.6201,-0.5560823366945403
1442,32.52127,-84.94463,-0.556081231441549
1179,46.555842,26.926942,-0.5558932786116647
777,46.13111418,14.99611517,-0.5550530886574281
475,29.3867,117.3102,-0.5543560834459643
394,39.1661,117.1444,-0.5538412073718846
734,43.310833,-0.391111,-0.5497014056211037
697,49.66958237,12.6778841,-0.5493947717087299
664,34.6692,112.3628,-0.5481555977947505
708,43.09625,-0.040497,-0.5473917929039273
241,32.9427,117.3605,-0.5468391803635202
100,36.1989,113.1031,-0.5466457918917775
551,33.015,114.0114,-0.5431993535283446
298,34.77134,113.65724,-0.5430796204534049
1205,39.48963,16.3868,-0.5382178685409493
1274,41.53694,-81.45887,-0.5380238873913972
1183,51.303394,6.819887,-0.5373815572223282
468,47.8517,88.1264,-0.537335854700773
1042,53.924712,9.532635,-0.5366195743773707
472,35.176,113.2467,-0.5365109681250109
1310,45.2384,-86.994,-0.5355305649916186
1003,48.77586,5.162789,-0.5332987961236285
622,39.2474,117.7918,-0.5326865134822545
68,40.6511,122.215,-0.5306420364915305
1037,49.83918762,18.26368904,-0.5288841468387984
1209,50.912475,15.31219,-0.5282151709422466
1104,51.75816,10.61248,-0.527033784914647
200,30.6145,116.9896,-0.5242514361691545
558,29.7535,116.0721,-0.5230251335427155
1063,48.326013,10.903051,-0.5225013686441867
820,48.753179,21.245046,-0.518355717726834
1216,51.54052,5.85307,-0.5181452330643719
482,31.5031,120.242,-0.517039193769669
557,32.6389,110.7258,-0.515965841283892
73,40.1092,124.3633,-0.5156395538921383
412,25.8333,114.9322,-0.5137989062857448
923,51.054558,12.141322,-0.5118788009438733
1433,40.56252,-80.503944,-0.5110437204843361
1415,30.419806,-91.182014,-0.5082997898177227
759,45.84083,9.34889,-0.5082764863006913
687,45.183611,11.311389,-0.5072244512419414
1100,50.85671305,4.425760659,-0.5065514675152449
404,24.8886,102.8204,-0.505494681429947
788,47.541944,19.146122,-0.5052368765072173
1424,42.27807,-85.54189,-0.5048794462707261
969,51.453459,6.86505,-0.5039053193251798
952,46.951,7.44087,-0.5035906125330712
310,36.663,117.0495,-0.5018413721506313
823,45.1763,7.7116,-0.501653502356995
226,39.9289,116.4174,-0.5016502060675422
902,45.038831,24.298631,-0.5016007616519202
1182,51.839382,10.790143,-0.5006106718114797
50,34.7752,111.1922,-0.500132013468912
538,28.2675,109.6958,-0.4994873339869553
162,35.7306,114.2878,-0.497896956242917
720,47.3456,5.002377,-0.496371813283331
1254,34.002747,-89.79919,-0.4945990151902484
1064,56.2904,8.4274,-0.4938514970741933
323,33.575,119.007,-0.4938258130600007
1069,52.398406,13.368103,-0.4932928893221164
878,43.293137,5.574184,-0.4920687434546294
1283,35.9359,-81.5306,-0.4914475808174011
1002,53.37287,-3.022722,-0.4911778423656894
499,34.77172,113.73961,-0.490521784760756
301,34.7525,113.64164,-0.4902369397149022
320,38.8632,115.493,-0.4890052924545012
303,36.5713,114.4918,-0.48776809734722
295,40.762,114.8902,-0.4870137710570043
612,24.6947,108.0497,-0.4865689177332072
43,36.1017,114.3551,-0.4859651736057573
935,50.88369465,4.382977505,-0.4834592349753425
306,39.9499,119.5897,-0.4799652705400555
973,49.446,7.7673,-0.4791513770425153
850,42.637192,23.243864,-0.4770741529170512
171,35.5307,106.7021,-0.4767320359777945
1308,42.5956,-87.88576,-0.4764630745078962
1173,50.900317,5.986853,-0.4763201589818647
924,49.544078,8.465281,-0.4758507659673011
897,60.22393,25.10244,-0.4746602113428118
588,35.5934,104.6194,-0.4743024854879423
673,49.419528,8.6767,-0.4732716844287162
824,44.5,11.286111,-0.4720598518127489
787,49.50504,5.97694,-0.471945273049541
311,36.6868,117.0624,-0.4717822346487756
1404,39.99139,-75.08083,-0.4697508963134189
676,49.224167,4.020556,-0.4678713170284064
892,44.926111,10.370833,-0.4676555428643756
841,47.557222,18.420836,-0.465817789627775
569,26.8906,100.2203,-0.4656577013362958
1154,41.66638888,-4.715,-0.4640948769916755
120,36.8103,118.0414,-0.4632913681240521
81,43.831,87.6432,-0.4631136526282911
624,35.878,120.005,-0.4626603719849981
1277,39.42689,-84.20077,-0.4625312335201423
26,41.0879,121.1115,-0.4609638819501202
800,45.655,10.20083,-0.4608365257497976
1305,46.0519,-89.654,-0.4605768684486834
996,49.32273,11.02792,-0.4602366901734865
810,47.4885583,12.066633,-0.4597984968947728
783,41.669172,13.674326,-0.4578047997903554
448,31.172,120.658,-0.4577812681778316
1418,45.49664,-122.602875,-0.4577145535685032
667,26.6027,106.7109,-0.4576789881791918
1395,33.545277,-86.549164,-0.4575689179673111
373,43.79,125.4605,-0.456801534583858
678,50.836389,19.130111,-0.4564172715643162
340,32.02,120.87,-0.4535490940518447
683,45.6725,12.238611,-0.4514622559093574
495,28.1944,113.0014,-0.4511502839486175
1015,48.17278,6.452811,-0.4460378127370055
917,47.72514,10.306561,-0.4448421996817673
212,41.5646,120.4521,-0.444210638932717
977,45.154075,26.818619,-0.4427747331672704
559,29.7046,115.9584,-0.4412649210202909
510,26.9056,112.5664,-0.4406132771345565
930,51.746848,14.33447,-0.438707209816964
22,43.8622,126.54,-0.4382245652828266
819,45.6642,8.1598,-0.4368776576718811
877,46.256617,26.792892,-0.4354221986454827
1129,51.49633,-0.460861,-0.4320275178759879
30,36.6106,109.5056,-0.4315198718991377
1132,49.165508,9.224786,-0.4305639179409649
27,40.8434,121.0533,-0.4305503466776652
1213,50.676856,17.950278,-0.4304683643688935
159,30.6618,117.47,-0.4297482105891699
1281,35.76541,-82.264946,-0.4293579249993378
216,41.7325,125.9446,-0.4274880338117238
1199,43.650722,25.363583,-0.4262156898258804
1196,44.938125,26.044994,-0.4256325941802555
95,36.1856,113.0844,-0.4256112551989582
1043,45.411864,28.005967,-0.4253249014157527
659,36.0855,111.5018,-0.4247190132449966
438,27.8336,113.251,-0.4234009734903146
1140,50.68352509,14.04119492,-0.4227482507684885
934,47.5292,9.9267,-0.4220831594907647
768,50.429014,21.277367,-0.4183287796187638
1148,45.1619,5.7356,-0.4155881349210035
392,39.0343,117.707,-0.4136218366750476
348,32.0551,118.7538,-0.4119909374105669
512,25.0925,104.9022,-0.4113184267158182
939,46.23451421,15.262476,-0.4076561014348211
643,37.4442,118.5857,-0.4072281302698157
455,36.885,120.515,-0.4065864274743767
674,50.007629,18.455548,-0.4052834584826279
1134,45.736694,21.250808,-0.4049224181323164
308,30.6217,114.3646,-0.4044235027979222
367,45.7733,126.689,-0.4040894198706353
722,49.40619,1.15515,-0.403924662716679
775,46.06554495,14.51272032,-0.4032722473837982
666,26.5424,106.674,-0.4000063370915471
967,53.480927,9.857223,-0.3996341153354041
730,45.683333,9.466667,-0.399174272711411
527,27.8914,102.237,-0.3988977179698625
1367,41.3014,-72.90287,-0.3985980346861907
1327,40.8679,-73.87809,-0.3973908296929628
293,37.7394,112.5583,-0.3918536671167969
947,48.33472,16.729445,-0.3917435526298584
354,41.7653,123.4114,-0.3916357477284813
206,42.0224,121.6717,-0.390054989124711
77,40.7677,120.8695,-0.38955439863855
389,38.0058,114.4586,-0.3892815271773064
458,31.381,120.999,-0.388582069330203
619,30.9413,117.7807,-0.3882569593280182
217,39.3278,112.4072,-0.3867318077914302
493,31.9037,102.224,-0.3861058205546738
914,52.146264,14.638166,-0.3846670768606946
596,33.965,118.283,-0.3845317460139407
1375,42.298492,-72.334076,-0.3829448867975725
1315,42.139996,-87.799225,-0.382828880265146
1239,45.248889,10.299444,-0.3825592470291455
164,35.7636,115.0312,-0.3804782229331185
863,52.602056,11.850274,-0.3794049939445877
1214,45.297325,27.949461,-0.3791328502956331
770,45.4512,7.878,-0.3788635814813598
1006,51.27399,1.098061,-0.3786452134503527
1156,43.40444,-3.84194,-0.3778714474472545
689,43.25055555,-2.155,-0.377723678094482
1081,51.90158,10.48132,-0.3758603065289517
1089,48.12027778,14.878333,-0.3691395313651989
11,46.408,124.902,-0.3677207808464993
1072,49.634841,9.657919,-0.3673488257143696
604,25.8481,114.9461,-0.3652709751096605
109,42.2816,118.9233,-0.363292767153956
1348,34.454514,-94.143524,-0.361402137211965
942,45.55879167,18.69876944,-0.3603688406134855
1017,53.187222,-6.121667,-0.3599994658527604
1039,50.766815,7.973542,-0.3591492366128726
774,47.40555556,15.36083333,-0.3590065895666912
1119,45.623056,13.7875,-0.356248768103655
1185,51.536893,7.457409,-0.3545523210582279
754,49.744886,21.454617,-0.3542995785986958
75,40.7136,120.9092,-0.3541987388737125
828,43.9275,12.224722,-0.3530670054433767
1313,38.86067,-90.10585,-0.3519835033251448
599,32.3153,118.3093,-0.3513959431496397
426,37.3753,97.3731,-0.3513603458377246
1434,43.68578,-74.98538,-0.3512955309011957
240,46.6528,126.964,-0.349587154040575
760,47.594257,1.302667,-0.34914175082995
1416,39.28102,-78.08157,-0.3485274898350117
762,45.158745,1.537222,-0.3480520485480012
1206,45.238642,19.835704,-0.3473747054143994
516,27.5342,109.9781,-0.3472661043178777
1022,50.775482,3.12568,-0.3471308972526687
471,29.7091,106.4522,-0.3466535873983565
1278,41.24045,-80.66272,-0.3451556296360679
309,36.0658,120.4134,-0.3446774484117171
807,47.410164,9.653713,-0.3439057808892669
1011,43.91611,11.00694,-0.3421982375952385
731,45.0419,7.6259,-0.3420851278413928
763,46.17,1.87,-0.3416653892673706
166,31.0386,112.2213,-0.3403017634086465
781,48.167961,17.106244,-0.3381191549933431
1340,29.723333,-95.63583,-0.3363734095344345
1265,35.233475,-85.18158,-0.3362307543319196
346,32.0309,118.8109,-0.3356120081160807
799,47.09436111,15.41511111,-0.3352389997652746
1109,54.334944,-0.80855,-0.3351270282256655
199,30.2756,118.1371,-0.3335706763416796
315,31.8571,117.25,-0.3333769960657164
246,33.9477,116.7856,-0.3331246857987873
998,48.173194,11.648036,-0.3317131668846754
1332,35.9138,-81.191,-0.3312338763863828
524,29.9833,103.0111,-0.3300277223164303
390,39.9136,116.184,-0.3272869454771465
887,52.039023,4.359376,-0.3272461339595766
1257,41.182465,-81.33048,-0.3271753567998269
956,44.9513,7.6362,-0.3252009081346648
669,29.4251,113.1493,-0.3251937605346968
1440,47.5525,-122.06472,-0.3234954850030248
317,36.6734,117.1265,-0.3224392029672164
844,64.244226,19.767238,-0.3215304300206726
319,38.9108,115.4713,-0.3209052080061108
648,28.3611,112.9581,-0.3206360184108731
899,40.540351,-3.645253,-0.3199546569714356
411,31.2071,121.577,-0.3198095434814305
804,48.124711,17.125496,-0.318848631266397
321,36.6133,114.484,-0.3170477165163737
1373,38.45934,-82.64041,-0.3163257967722945
587,31.9996,118.7356,-0.315722681661712
266,48.471,129.5029,-0.3151009921493664
846,47.105278,17.556667,-0.3141184889359903
1020,45.560556,11.539722,-0.311247121011201
1262,36.085506,-83.76481,-0.3107956398496616
403,27.1312,114.99,-0.3100683443996475
773,48.40861,15.619166,-0.3074424983474726
123,34.5578,117.7276,-0.3064356049396469
983,41.947654,12.533667,-0.3053796741042767
655,30.5767,104.0594,-0.3053659701638614
112,37.4309,118.6614,-0.3037942998477315
826,45.1546,7.658,-0.3011847905345188
767,44.013056,12.42,-0.3010500779726255
661,35.4828,112.8271,-0.3009109150543744
1190,49.784339,22.756239,-0.2993864659890617
7,44.561,129.61,-0.2992324821489994
1359,40.46542,-79.960754,-0.2976036591847237
840,54.68611145,25.2108345,-0.2972329705491864
213,43.1713,124.4002,-0.2962851609007702
898,47.737415,7.309075,-0.2950819862575695
816,49.211447,18.771215,-0.2943031124538984
409,27.7844,114.3956,-0.2916154328605183
684,50.010575,19.949189,-0.2909609646876763
990,42.697918,9.446417,-0.2848679674559872
9,44.6075,129.6364,-0.2848618119346525
1397,33.331112,-87.00361,-0.2843605888061848
299,34.80246,113.67526,-0.282756586104971
1339,38.8577,-77.05922,-0.2819156274513892
497,28.2597,112.9792,-0.2810480765486528
1210,47.068717,21.927233,-0.2804960971798703
1445,35.988277,-77.5843,-0.2786705214041957
518,29.5844,103.7627,-0.2773371245478001
903,50.37658691,13.32762241,-0.2772501765639381
957,47.0674,8.46333,-0.2755465851346652
706,42.09791019,1.848237224,-0.275398765832639
1321,40.72099,-74.192894,-0.2747768793028619
207,41.1953,123.2,-0.2745665847590133
314,31.8707,117.2588,-0.2739878268256182
1116,51.34879529,4.339709947,-0.27387670690902
529,31.2132,107.4988,-0.2726954617537346
999,44.98375,26.015214,-0.272614819629585
450,37.197,122.038,-0.2724202291259718
86,34.2173,108.9356,-0.2719573357661556
665,31.751,119.579,-0.2719001874242069
1301,34.785217,-84.62643,-0.2705377561201759
193,30.0475,101.9603,-0.2686155337043267
138,30.2313,115.0601,-0.2683074234800843
1258,41.606663,-87.30494,-0.2662961676422276
1224,53.74878,-0.341222,-0.2660238977040497
872,50.654066,10.769534,-0.2617958419762938
573,30.4663,106.6271,-0.2614348614250424
105,37.8572,113.5758,-0.261205628623045
690,44.3818,7.5382,-0.2601414906910315
1429,40.689255,-122.40219,-0.2599924331114918
756,43.16832,-2.63794,-0.2599555756789058
579,30.0003,120.5483,-0.2590980232390726
1248,41.4271,-80.1451,-0.2589819883114836
565,26.1028,119.2984,-0.2579460062547463
881,51.468662,5.47235,-0.2572567095743392
194,33.0706,107.0154,-0.2564636366941529
1128,45.371944,11.841944,-0.2556783861814897
227,37.7067,112.7249,-0.2551967366176893
1249,36.306965,-79.09197,-0.2544863866034418
494,25.7759,113.0348,-0.254463797103319
144,32.5714,110.8839,-0.2535473017111477
327,31.1907,121.703,-0.25321257731807
640,29.6815,115.9872,-0.2528228292339443
1311,40.712776,-81.598335,-0.2515363623920695
1085,46.541047,24.559642,-0.2510985586862305
279,41.0026,117.9268,-0.2508474652742373
371,43.8447,125.3863,-0.250415388058844
188,30.5232,105.5582,-0.2491963168044241
1437,29.823318,-94.98379,-0.2484985731114976
350,31.7069,119.9468,-0.2459443376919508
175,42.8328,93.4961,-0.245508745373045
1222,49.23074,7.003174,-0.2452712296736922
480,27.5002,114.0997,-0.2416905276165972
613,30.7525,120.7846,-0.2406367627697755
1066,45.263142,27.969506,-0.2359414801497933
789,45.0249,7.6491,-0.2354542205163481
1117,51.0612777,3.77526239,-0.2351620188101519
1353,40.56333,-78.919975,-0.2346142834807101
843,43.223044,27.587239,-0.2325837601171321
117,36.4372,115.9848,-0.2313488423783323
408,27.0968,115.0093,-0.230985344650532
975,49.628771,8.364779,-0.2308653996844292
1344,41.84046,-72.01037,-0.2282897412076765
498,34.7178,113.7329,-0.2267931024470647
1376,42.099697,-71.6194,-0.226600407355142
19,41.8822,123.9161,-0.2250027550670598
182,36.5446,104.1724,-0.224966904715004
1241,35.507225,-82.96362,-0.223515865076626
72,40.1461,124.3933,-0.2211157028214659
355,41.8467,123.4264,-0.221060604629835
979,51.396095,12.234054,-0.2207546048191032
84,30.6306,104.1122,-0.2207251947772622
555,31.7231,118.5228,-0.2198526906277681
1090,50.221941,8.446079,-0.2195648171405701
129,36.2017,117.0885,-0.2177548670811649
1347,37.71325,-119.7062,-0.2174694516571541
1010,53.56292,-1.510436,-0.2156085906635306
533,30.5366,105.5861,-0.2137403635311369
675,48.962223,4.36,-0.2124726530019268
12,46.586,125.153,-0.2116548441715281
126,37.5433,121.3719,-0.2080664392842474
682,47.809892,7.764528,-0.2077732752914955
814,45.79728,3.113833,-0.2075496247554799
757,43.15333,-4.25306,-0.2062894818898782
978,44.865555,-0.939444,-0.2060118022767029
696,49.91351318,14.7826252,-0.2053652473000941
1268,40.026035,-82.433,-0.2033055394155349
1425,40.304695,-79.50567,-0.2032860294026217
805,46.05184,11.45389,-0.2021985578897057
1227,41.636078,25.379683,-0.2015829277718385
1171,43.5166,-5.6707,-0.2014931929870136
1040,53.060045,8.916966,-0.2013926395528686
405,28.7562,104.639,-0.2009533200823201
6,47.2988,123.945,-0.2009398507212204
1370,42.51334,-83.005974,-0.2001739996228564
1364,36.060894,-86.28629,-0.2000568943983351
1120,50.94535924,3.15240159,-0.1999051909364979
420,28.1136,116.9822,-0.1987139652716847
1149,43.3094,-2.0109,-0.1971129546997608
595,34.4285,115.6702,-0.1967812535931854
1399,32.362606,-88.27799,-0.194682327175159
1166,41.04,21.3564,-0.1945626620377273
382,39.9295,116.3392,-0.1945583131571453
904,50.78944397,14.08679867,-0.1923790724930067
641,24.7791,113.6735,-0.1923116466690498
712,52.029194,23.149389,-0.1910635647806366
1422,44.616943,-86.109406,-0.1905965053139187
744,43.34639,-4.06417,-0.1905708998196069
1307,43.7775,-91.2269,-0.1893701457031555
104,36.0714,111.5028,-0.1887762086220445
1432,36.60843,-83.73694,-0.1884324833619097
88,34.3474,108.935,-0.188159268404437
180,36.1911,113.1569,-0.1878483908530967
566,28.0089,120.634,-0.187248746461255
813,47.04735,16.07905,-0.1855576969307893
383,39.9611,116.2878,-0.182064274211457
847,41.97833,21.47,-0.1797230792559967
695,49.50260925,18.53856087,-0.1788368641292038
1160,42.36831811,1.776783258,-0.1779829325895438
746,42.14326062,2.510206967,-0.1770757507828983
66,39.8129,110.0023,-0.1767936086915183
1243,35.438557,-81.27675,-0.1765854358206569
1231,46.34072,2.593945,-0.175951850743766
1238,40.6646,-3.7739,-0.1758694560894678
1101,42.056383,25.59345,-0.1757427808364361
1188,53.59617,8.09059,-0.1740573943769352
1110,53.40337,-1.752006,-0.1740385801800716
473,26.6272,118.1756,-0.1722378339178898
1384,42.334984,-89.03777,-0.1714744457971924
954,67.878588,21.062962,-0.1706328911977301
785,60.608299,15.6294,-0.1703501458951501
839,48.247222,20.616403,-0.1699889921377826
1284,32.535294,-93.74704,-0.1693992506920355
1329,32.726658,-103.12292,-0.1681656872103286
242,32.8911,117.4185,-0.1671048326375987
1362,41.265556,-75.84639,-0.1669712048773373
1317,42.060284,-87.86323,-0.1645538313833087
1054,40.62984,-3.17159,-0.1641541103321946
1027,49.90167,2.304597,-0.1628527451306186
489,36.881,118.746,-0.1627699494639576
866,50.979455,11.037924,-0.1610099690864028
131,33.6128,114.6613,-0.1608534213862295
353,41.7867,123.4678,-0.1600577511150173
1291,39.9878,-79.2515,-0.1595011939978469
368,45.5419,126.979,-0.1592074363750432
1351,29.733727,-95.25759,-0.1579625700018903
325,33.5981,119.036,-0.1571014917651847
1328,41.05192,-73.76366,-0.1566726055511466
540,28.2558,109.6414,-0.1563760612458692
945,48.27329,14.31479,-0.1553913650307781
338,31.3708,120.641,-0.1553433183367098
1355,39.80933,-80.26567,-0.1549357113282375
1381,38.548138,-82.73116,-0.1545187761730813
971,49.438464,12.548869,-0.153318761503912
52,30.3197,112.2494,-0.1522752688892346
1087,50.383217,8.060998,-0.1507930307997938
36,34.493,109.4636,-0.150434471104571
205,41.998,121.6094,-0.1485450239181118
750,43.2757,-5.596,-0.1466431664816794
416,28.2264,117.0222,-0.1458662327622296
1029,42.53417,12.52194,-0.1457075761564094
572,38.4418,106.2266,-0.1450923838912626
943,47.05917,15.016667,-0.1425340049240566
428,30.7819,111.3275,-0.1420466328193295
1304,34.474525,-85.408844,-0.141397752197622
253,47.3086,130.2684,-0.1412842798447905
237,50.2341,127.5144,-0.1397633383477844
1019,52.437165,-1.829999,-0.1381928403300336
258,47.3416,130.2537,-0.1379441617951865
727,47.651725,23.570508,-0.1372936137429365
561,29.6547,116.0172,-0.1372767304513637
393,39.0927,117.202,-0.1370941412498737
729,46.072224,5.820833,-0.1364079817526594
14,31.6837,118.5092,-0.1343172140034902
41,35.0697,109.0697,-0.1341363733974888
1252,42.416637,-83.90218,-0.1339094042824709
265,47.7412,128.9102,-0.1338323218902516
125,37.5639,121.2514,-0.1335973408494814
1068,47.145014,23.877389,-0.1330887300843114
1177,43.3665,-5.833,-0.1327361799816812
792,45.760833,11.736667,-0.1320583712330648
10,44.5462,129.6386,-0.1314013616182186
581,42.0353,119.2658,-0.1307895813418031
1261,35.63348,-83.941605,-0.1307283339889637
1005,44.7037,8.0333,-0.1305651233955657
705,45.5588,8.0564,-0.129695079147127
541,27.7044,111.9892,-0.1284563722138209
1413,41.094967,-85.101814,-0.1284104810752132
378,43.9166,125.3325,-0.1275890887707308
377,43.9027,125.2863,-0.1265199806953414
549,28.9398,118.8692,-0.1257465829225757
817,47.8055556,13.043333,-0.1255579181357193
854,42.666508,23.400164,-0.1254890139362705
349,45.7258,126.6411,-0.124022369611713
532,27.725,111.9975,-0.1233028740221384
921,48.773072,8.220214,-0.1230074943121692
1341,29.625557,-95.26722,-0.1216843522958203
1021,45.89,0.9,-0.1215187235455673
153,32.8929,115.8277,-0.1201445351698257
99,40.0844,113.2711,-0.1194252062873313
1323,43.14618,-77.54817,-0.1189758661241268
61,41.0931,123.011,-0.1178033247135207
179,44.3075,86.0697,-0.117702284696484
913,50.08148193,14.4426918,-0.1171489910639961
1316,29.632057,-98.56493,-0.116628416741987
291,37.8195,112.57,-0.1160822866699669
281,37.8873,112.5139,-0.1159291657758006
345,34.2384,117.1918,-0.115883829224383
1342,29.583048,-95.01554,-0.1156118912177213
784,55.072222,24.283894,-0.1148180578330255
1137,44.82112,20.459113,-0.1146519873613772
1077,43.21291,-3.1344,-0.113596003142879
758,45.47833,9.23583,-0.1132613168055129
591,36.61763,114.5129,-0.1114532841708719
1296,43.4351,-89.67979,-0.1111145072251144
190,31.2124,107.4644,-0.1107454512835652
752,45.3189,8.4024,-0.110196921694536
1338,38.48123,-77.3704,-0.1099460247015534
1379,32.50996,-92.046196,-0.1098722897912274
1282,35.500103,-82.59986,-0.1091818713548813
398,29.7166,106.6205,-0.1087490213281319
440,29.3547,110.5594,-0.1083468417768858
1275,41.55523,-81.57526,-0.1076145373928821
972,46.934128,26.38925,-0.1070573415919796
1435,41.49212,-81.67845,-0.1069300657902767
623,33.5828,114.0138,-0.1068213583364442
1303,33.588547,-84.06961,-0.1059410364112312
628,34.5023,109.4259,-0.1056773577203171
1136,42.45639,14.23472,-0.1035282800686419
1414,40.046665,-76.28333,-0.1029494994704742
812,47.27129,11.4169445,-0.102005528339161
1141,49.672507,9.001981,-0.1009266665136996
479,27.7019,106.9242,-0.1005663349643299
1007,48.9964,1.7033,-0.0991138909452819
1256,39.48599,-87.40131,-0.0988742773278951
1155,43.26444,-4.06278,-0.0986179928583373
294,30.7478,120.726,-0.0980217523633264
1,41.1442,123.0485,-0.0977062558174808
1394,33.553055,-86.815,-0.0975826836231002
1451,33.9828,-111.79871,-0.0974881806796191
285,40.8033,111.6572,-0.0964769911521519
1363,35.96497,-84.22317,-0.0957466141161559
225,37.6945,112.7532,-0.0945662308353499
1263,36.019184,-83.87381,-0.0941166084199462
660,36.1851,120.3905,-0.0904167335060153
1380,44.310555,-84.89187,-0.0896027678711231
779,45.93766834,13.91156335,-0.0884499579510659
797,46.7675,15.956111,-0.0881034407292957
741,59.4944458,25.9305687,-0.087602138039625
590,37.9844,106.2025,-0.0856387912934564
834,48.257474,13.03923,-0.0853502308127163
395,39.1082,117.237,-0.0838888745662206
107,37.8486,113.5819,-0.0834283191270214
2,43.8306,126.555,-0.0826488697179083
1070,48.889039,8.665536,-0.0814565078491193
76,40.7514,120.8392,-0.0803645297330886
1250,44.18089,-85.73898,-0.0799019579392245
672,52.420319,16.877289,-0.0794305047184059
627,22.5978,114.297,-0.0786357180732882
71,40.1503,124.4256,-0.0784729989315693
1247,35.0608,-83.4306,-0.0784378708083771
709,52.407578,20.955928,-0.0780321708424887
895,47.64892,-2.76399,-0.0771452872663969
358,41.6989,123.4231,-0.0765824983201802
1454,39.96528,-76.69945,-0.0765391011880185
870,52.800773,10.756733,-0.0748347360379293
243,32.9673,117.3533,-0.0729099931936278
18,41.8491,123.7977,-0.0708576870205501
1144,42.58194,12.62361,-0.0700051750658247
578,39.1067,117.1941,-0.0689325183407963
1368,34.530716,-86.96754,-0.0679058392238037
1322,40.816,-73.902,-0.0661425348325992
701,46.13167,9.56639,-0.0655978598340214
245,32.633,116.8281,-0.0655245990897465
451,26.4365,106.6555,-0.0644086407853996
806,47.128863,10.034324,-0.0635772450422849
959,47.513333,21.624444,-0.0626684962168999
1389,39.40745,-94.26537,-0.0618675968595032
995,53.56414,9.967882,-0.0609064752460065
679,48.899233,9.172792,-0.0602770799586184
749,43.313,-7.6937,-0.0597630926143175
852,42.432356,25.637389,-0.0595502997933082
962,45.957778,12.618611,-0.0586718843757025
1297,48.5103,-113.99681,-0.0565891538771693
677,43.2561,-5.7759,-0.0547567556578436
880,45.0028,7.8375,-0.0536792146530814
1026,43.623608,1.438531,-0.0534425735993042
1059,48.18169,11.46445,-0.0514506063471992
464,31.354,119.818,-0.0490508055559723
681,48.847917,10.096292,-0.048339537324748
937,57.8634,11.9216,-0.0476951147342698
808,48.782852,20.987197,-0.04545438162864
1113,54.97825,-1.610528,-0.0454214321332134
1139,50.66109467,14.04306316,-0.0446054812710667
127,36.7023,119.1437,-0.0442574843097327
119,37.393,117.9776,-0.0392763888963303
33,34.3739,107.1186,-0.0374381887033687
361,32.4625,119.9189,-0.0367183520602608
111,42.2554,118.8788,-0.0366112590542725
147,30.9891,112.1969,-0.0355251339988249
832,48.53111111,14.57472222,-0.0353493967853681
1097,51.05833172,3.729298172,-0.0332626594290648
802,49.119442,6.180833,-0.0312354076983894
307,30.6189,114.282,-0.0301931763534205
312,31.3019,120.591,-0.0301689528457144
560,34.343,106.0055,-0.0300185363649051
341,34.5885,119.176,-0.0299626604306053
891,42.516944,1.56525,-0.029171655147512
1050,46.522,6.63963,-0.0274397368709739
430,29.3578,113.1094,-0.0274126404189564
48,33.742,113.3257,-0.0271431253027067
1032,45.60222,9.27611,-0.0263364833770034
1439,39.310833,-76.47444,-0.0258213808841285
794,65.04338,25.4979,-0.0249418109287438
1426,30.848612,-85.60389,-0.0245606323117341
283,33.6067,118.989,-0.0245401149942166
185,31.6908,113.3833,-0.0226015996000532
93,34.9976,118.2794,-0.0224124430576497
1324,40.283092,-74.742615,-0.0217142518704406
363,40.8062,111.7276,-0.0210332246115097
704,45.569,8.1876,-0.0195867815066078
204,38.8411,105.6985,-0.0195533965447559
522,36.1758,117.1089,-0.019354455840364
718,41.096667,-8.555833,-0.0180799614831654
1071,47.664361,9.169289,-0.0171820555062723
380,38.8639,115.5086,-0.0170179029080731
944,47.04472222,15.15277778,-0.0161190387768332
1377,43.97462,-70.12461,-0.0150509953531531
886,53.246535,6.608937,-0.0146901477304354
461,32.6524,117.0067,-0.0138986321290278
997,55.862281,-3.205782,-0.013822001274827
374,43.8805,125.3297,-0.0117871455889962
1031,45.226667,11.665833,-0.011775396933011
157,31.7905,116.4996,-0.0116468083407809
1352,31.893913,-106.42583,-0.0107650978071898
492,26.3108,117.7275,-0.0094871666093715
370,43.8325,125.1761,-0.0054563677408558
269,39.6973,106.8174,-0.0051614186491579
803,48.16206944,16.52561389,-0.0038319962519101
1251,35.59095,-78.4622,-0.0027255127022583
1335,42.09142,-77.20978,-0.0020116023232868
1302,37.1655,-78.3069,-0.0020009753575992
938,56.672901,12.8576,-0.0011759895790455
936,50.85780611,4.288706017,-0.0003847874482076
856,42.680558,23.296786,0.0011957178631816
1427,39.52508,-119.80772,0.001408407160373
918,48.904228,11.948795,0.0031476571542964
130,32.1195,114.0775,0.0035664118925307
966,51.406846,6.965589,0.0037489769820959
737,49.233464,6.987601,0.0049455985761775
544,39.7443,98.5061,0.0067604950900644
1396,34.015434,-84.60742,0.0071156442830836
927,54.88361,-1.406878,0.0076184385718922
1153,41.63528,-0.89361,0.0087213650833521
1098,51.15013609,3.80873543,0.0092718729192815
985,49.351124,8.423,0.0094508455241993
322,36.6114,116.9862,0.0125165715863425
1300,33.43395,-84.16181,0.0132754877986604
663,31.6449,118.5024,0.014259694693758
958,47.0495,6.97915,0.014368043949126
446,27.6434,113.8385,0.0144035273975022
821,45.1758,7.5602,0.0174004310328563
274,38.3254,116.8584,0.019917461115398
874,45.60822,5.270872,0.020102096788423
562,22.2281,113.299,0.0203202201093776
470,26.2714,117.635,0.0210898516970584
211,41.5881,120.4318,0.0230311990874625
1279,39.9428,-81.3373,0.0246327495417036
980,51.317905,12.297411,0.0272927074729957
1325,44.08747,-75.97316,0.0276124466042242
1330,40.92458,-75.06782,0.0278911113748228
37,41.7166,86.1972,0.0285170358362071
686,48.610363,7.781631,0.029359600166792
102,36.0783,111.5531,0.0294873425505848
1292,35.320107,-97.4841,0.0305820181200603
1112,44.92467,10.5172,0.0308451405748972
1038,45.696736,27.211622,0.0359639566236797
662,35.4887,112.8508,0.0361237408623309
1259,29.767998,-95.22058,0.0398981267818802
1409,43.54792,-96.70077,0.0436575192851782
994,49.872303,8.664619,0.0443580669977011
656,36.0822,111.5169,0.0444591365628527
135,32.9692,112.548,0.0461735993433439
1333,40.06483,-74.44405,0.0464099299965798
1181,50.30886,2.807369,0.0464710111587905
1255,38.013332,-87.577225,0.0468676811335882
42,34.6258,112.4267,0.0468963239124705
646,36.6331,117.9592,0.0469801244274357
356,41.8411,123.5903,0.0474120987922803
101,36.2125,113.0886,0.0492384430080582
1312,32.364567,-88.73149,0.0492770122716344
1197,44.429489,24.351389,0.0499158637635043
1115,59.316007,18.057807,0.0502717663549546
1349,43.1818,-87.901,0.0534404774760602
857,47.430833,19.184175,0.0535202223357933
725,49.02134,1.148319,0.053705739336067
964,49.300731,8.700103,0.0556828619962496
992,47.538193,6.868361,0.0559708782289849
642,24.7733,113.5824,0.0563620131335199
421,27.8246,114.9231,0.0563703272428454
423,32.0754,118.7997,0.0564102457429366
791,56.00833511,21.88694763,0.0569568625011108
553,24.8978,118.5972,0.0571874869232556
142,32.395,111.0419,0.0576840752365164
1083,40.314518,-3.716868,0.0581647452379136
764,45.869995,1.31,0.0583158580638203
122,36.8194,118.3092,0.0601426826929266
251,46.7975,130.3258,0.0630576567656482
531,29.5822,105.0406,0.0638687190922247
520,30.1506,104.6356,0.0641602742768446
113,35.4216,119.523,0.0648798081731507
639,33.3942,120.156,0.0659640893117614
369,45.8167,126.561,0.0665503132592632
365,43.7783,125.245,0.067381154190273
94,35.0888,118.3956,0.0718729747791127
629,39.8261,109.9486,0.0722910073748345
1285,30.700895,-91.05607,0.0736451162060357
876,44.99694,11.07083,0.0741435382128732
515,26.8956,112.6211,0.0741743558170617
523,29.9775,102.9905,0.0741799207379656
1082,50.16443,9.399441,0.0757662806889519
894,50.159406,19.477464,0.0764948586508374
941,47.04027778,14.330725,0.0773940474028437
507,27.2272,111.4328,0.0781969496392459
487,46.098,85.6979,0.0796646913582573
747,46.671307,5.556806,0.0801815491967974
106,37.8731,113.4894,0.0807328754870238
329,31.3008,121.467,0.080921126011964
1289,35.379166,-82.7925,0.0815715894191152
337,31.3097,120.669,0.0815818864517187
811,43.39873,6.075611,0.0816376748353607
96,35.2464,115.4208,0.0837952469612515
59,30.8023,106.0789,0.0860203375573697
1420,35.158688,-78.728035,0.0862736520631819
1443,39.399837,-119.73961,0.0863529087136043
148,33.5698,114.0261,0.0887116549023999
271,37.0851,114.5237,0.089212248377252
1400,30.439722,-84.34639,0.0895521934615402
490,36.864,118.78,0.0904059520199482
63,41.1196,123.044,0.0908633763565525
1234,50.44914,2.9,0.092486382742339
234,42.8845,125.1358,0.0936963306946525
694,54.124819,22.038056,0.0940844689043218
1287,36.109005,-79.802315,0.0947945645635094
858,42.732292,23.310972,0.0955045611802631
733,48.051117,7.011114,0.097394703495743
85,34.2629,108.993,0.0984961301327095
1326,42.68075,-73.75733,0.0993347407030983
1025,40.67354965,22.89343834,0.099640817444779
335,34.2778,117.2933,0.1006355050726917
1444,45.25928,-122.58815,0.1008892249641153
1159,49.851334,3.284,0.1031450857118871
916,48.397079,10.008293,0.1036995953258845
526,27.8851,102.2685,0.1038567787846483
822,41.99917,21.44084,0.1042786630094414
481,27.8403,112.9118,0.1052319371151221
1138,52.401352,13.059945,0.1063969041724386
680,44.9089,8.2055,0.1071336537510307
786,46.80138889,13.49388889,0.1075025164441135
214,46.0656,122.0392,0.1081311434547925
739,49.357861,6.73354,0.108581029304557
1014,50.32276,3.39593,0.1086368719219753
1078,41.03028,21.33667,0.1088188747162047
224,39.3197,112.4258,0.1100434432187863
1337,38.20087,-77.37742,0.1111704347650519
136,34.4045,115.6458,0.112008926337985
209,42.3022,123.8139,0.112969253700695
1102,50.010325,8.451527,0.1134906739188809
732,45.9225,6.87,0.1136844769450342
583,41.7347,123.2444,0.1138943131688287
1046,40.33639,-1.10667,0.1177149911101329
1212,42.36417,13.38306,0.1180512774481739
1270,41.515053,-81.24991,0.1193458577656116
845,47.561944,18.960008,0.1195916344922964
1055,49.73244858,13.40228081,0.1204758807816356
184,30.1256,104.6296,0.1205630564521321
1175,46.329586,-0.458889,0.1209354155341438
836,44.79361,10.33167,0.1211151442955473
452,24.5058,118.0936,0.121860602151251
912,50.04613113,14.33141327,0.1226677498718439
1161,50.876983,18.416878,0.1233122887076982
1272,40.084515,-82.81558,0.1237458312656881
735,45.475327,4.515003,0.1241324462299112
141,30.2092,115.0307,0.1243851013233911
771,43.3583,-5.8664,0.1280136679357652
83,34.3731,109.2186,0.1281256295277253
186,30.2981,109.4978,0.1282518148238153
1372,46.81826,-92.08936,0.1327307461319192
608,27.5444,109.9453,0.1327423897188206
1086,50.13577,8.92157,0.1331127214598417
386,40.217,116.2296,0.1351427312419147
220,35.4936,112.8318,0.1352286666869876
1244,34.09396,-80.9623,0.1355752817437984
513,25.0992,104.8811,0.1364833459443218
154,32.8605,115.8554,0.1371160621606285
514,28.6842,115.9314,0.1422090128576071
1118,50.65844442,5.627835291,0.1434251862081431
933,46.401944,13.011111,0.1452528736057644
178,44.2967,86.0497,0.1468430947446552
181,34.5538,105.8945,0.1475604380557824
1023,47.44739,-0.550067,0.1480315522359541
372,38.8661,121.5213,0.1480818597026203
963,49.462229,11.0248,0.1482978585578592
139,30.2006,115.0817,0.1493226074282324
900,66.3217,29.40157,0.1495495867794126
64,40.6821,109.8538,0.1542980354091553
1045,41.932892,12.506947,0.1543199329025425
1074,43.5512,-5.9197,0.1547343008433426
187,32.4287,105.8628,0.1554064449902603
1391,39.749027,-86.18627,0.1557293350901132
334,31.2284,121.533,0.1568074792626261
459,31.656,120.734,0.1569709421135025
1318,42.04915,-88.273026,0.158166486386075
1207,38.748611,-9.148889,0.1582685067695957
503,26.2331,111.6236,0.1608500949848058
1095,47.86194444,15.32194444,0.1631623719964518
742,45.871406,22.908594,0.1658093104588419
98,40.0917,113.3444,0.1699659445423565
1401,30.681719,-91.36625,0.1699956218287998
875,40.641111,-8.100556,0.1718543465266744
247,30.9412,117.8177,0.1719603618872683
1036,51.360755,9.271233,0.1724890261641209
1419,41.645382,-70.89751,0.1732922851328663
115,34.7837,117.2852,0.175516947887438
51,30.7856,106.1064,0.1781145457455418
1084,52.25534,8.05286,0.178126008664432
654,28.4586,119.93,0.1782934706759594
726,43.3069,-5.7057,0.1802915959020686
849,47.676111,17.649736,0.1820139905632515
1288,30.229652,-90.96563,0.1823145840088025
1387,33.317142,-86.82575,0.1864294411340393
1165,43.0819,-1.9127,0.1888691783362744
236,32.8977,117.3145,0.1890714993911209
460,31.882,120.55,0.1901663292793798
149,33.5698,114.0055,0.1927432576570985
703,50.02403641,15.76354885,0.1932344658817471
961,50.79664963,4.358623958,0.1932516536052386
1000,48.021657,12.538174,0.1936417544796271
160,35.9019,114.17,0.1939082295448518
976,45.56472,5.928333,0.1962937265333553
45,34.7781,114.3389,0.1968434554901841
1108,40.3419,-3.8337,0.1993274844326853
801,45.463333,10.480833,0.1993543490685395
798,42.404687,12.857794,0.2014615986360609
360,40.7612,111.717,0.2015429387182548
1253,48.41252,-92.82922,0.2036262826579044
782,42.157856,11.908954,0.2051753379444938
1343,41.78472,-72.63167,0.208308609301746
29,36.6028,109.4761,0.2086113432936357
114,37.4674,116.3032,0.2107208948436532
511,26.8919,112.6006,0.2124914870411192
965,45.59667,5.918611,0.2130284757860625
255,45.6077,122.7911,0.214515309534798
1365,41.61524,-71.72,0.2174591895761367
1438,35.206112,-111.65278,0.2181964688851295
15,43.8245,126.5052,0.2184732002485785
765,45.809998,2.06,0.2208299884324096
435,29.355,113.2117,0.2209253420372686
140,30.2019,114.8988,0.2211020347147038
384,40.135,116.6636,0.2214248457031577
161,35.7511,114.2956,0.2216376422778308
304,36.6116,114.5302,0.2221615235673712
984,54.09323,10.240596,0.2248980584748893
287,33.9592,118.2442,0.2270426677731007
1016,42.42212,12.109196,0.2281687496629397
502,28.1322,113.0178,0.2283416055757963
172,42.9418,89.1904,0.2288186450334612
1294,44.735977,-68.67075,0.2295124067356818
736,49.254344,6.867744,0.2301851855800096
434,29.4758,113.2621,0.2320274989075446
1269,44.351696,-68.22698,0.2326441511619262
926,52.644169,13.483079,0.232948048895181
55,31.4668,104.6697,0.2337968099495338
44,36.0681,114.361,0.2341854315650105
1356,39.96111,-77.475555,0.2378972782690717
1168,43.79306,11.09778,0.239558236980285
827,45.193889,9.164722,0.2398895143451465
1056,43.1788,-6.5527,0.2400371651891711
449,31.155,120.636,0.2403569700925406
215,40.761,107.4212,0.2408100421261301
118,37.3803,118.0062,0.241420825508162
87,34.2322,108.8922,0.2419668187772297
103,37.4236,122.1214,0.2421888728619023
275,38.2991,116.8842,0.2423161486025827
547,44.5782,129.6115,0.2424630006052957
621,27.583,110.0394,0.2426269540466264
4,47.3386,123.9488,0.244649961689389
453,26.567,101.7227,0.2460269074151427
252,45.1214,124.8006,0.2465116710908779
339,32.0005,120.86,0.2472662397520502
795,48.2702,16.2972,0.2474482617555466
1436,28.332226,-82.30564,0.2476483630325266
1260,32.82006,-96.860115,0.2536467239039603
1453,32.41281,-86.2634,0.254372845372676
1276,38.81194,-76.74417,0.2561993788812995
174,42.8172,93.5128,0.2566675424151263
1383,39.117218,-94.635605,0.2583245365675808
1366,42.86183,-71.878624,0.2588783598052311
1267,35.85611,-78.574165,0.2594574332749206
1410,29.68639,-95.29472,0.259885612735428
80,40.6532,109.8756,0.2606824436685221
79,35.0532,118.3429,0.2607416103289717
1295,41.6175,-87.199165,0.2617344605325877
1320,40.136337,-111.6605,0.2636235559821493
191,31.8896,102.2502,0.2636820361316401
3,47.3636,123.9305,0.2648216699446449
776,46.651838,16.196777,0.2665850062676733
132,33.6347,114.6758,0.2679546622060297
908,49.73508453,16.03419685,0.2680615494655576
1421,39.46048,-76.633545,0.2683739615726168
855,42.142889,24.765239,0.2701791112525279
594,34.6972,119.3581,0.2703027511105047
56,31.1208,104.4239,0.271744426636059
751,49.259552,2.474397,0.2740298991946585
1246,33.342224,-81.788734,0.2744119456683411
859,43.305286,5.394716,0.27446024571764
437,27.9153,113.0048,0.2757085973471997
853,41.694342,24.738078,0.278685345214722
506,27.7344,109.1839,0.2795457790124238
418,28.2642,117.0564,0.2795783973687118
600,26.5917,104.83,0.2799974875028466
610,30.8955,120.0875,0.2804020628034233
156,31.7643,116.4738,0.2832998055634863
462,31.955,119.18,0.2844016802811679
280,40.9763,117.9392,0.2861435243306828
546,30.9285,113.9153,0.2875679003908776
860,43.28334,5.511384,0.2906631640641066
831,45.148333,9.940278,0.2926220860212454
603,32.4535,105.8945,0.2927796843871533
1028,44.39703,8.20604,0.2929459150590476
488,43.9174,81.2996,0.2964232735774451
74,41.1489,122.0303,0.2974686841373341
425,29.9572,121.713,0.2984457620738667
196,38.2911,109.7456,0.2993681286317559
176,41.1551,80.2613,0.2994106353115624
260,47.3382,130.1097,0.3005027591838132
534,28.2053,113.0792,0.3019666520976094
231,38.4519,112.7383,0.3040884335401406
201,30.5119,117.0331,0.304977464057518
38,36.6868,117.532,0.3070371864837474
1374,42.19438,-72.555115,0.3079921308995448
1099,57.810833,15.564736,0.3105690140025529
173,42.9559,89.1673,0.3110906284763188
848,46.62936,14.28931,0.3135024171456335
278,39.5111,116.6708,0.3167647566182911
835,48.39167,13.67085,0.3174975278175029
1242,35.2318,-77.5669,0.3179677535993633
1382,38.06503,-84.49761,0.3203517773544959
556,29.5698,115.9773,0.3205678597930462
34,34.3622,107.2386,0.3214840938278396
97,35.2375,115.4747,0.322319128571042
748,43.2941,-5.6796,0.3229630316869368
457,36.253,120.014,0.3249601884023491
953,45.69802778,18.83463889,0.3261481536437751
1073,48.507703,9.051178,0.3265067185671916
264,47.4311,128.5159,0.3268948969805043
539,28.3169,109.7325,0.3276117015489905
1449,27.946688,-82.731766,0.3279719868920311
326,45.7319,126.685,0.3288458954819261
907,49.40159607,15.6102457,0.3296185934475247
486,45.6094,84.895,0.3335816452057244
928,51.5645,14.3764,0.334603026954767
65,40.6288,109.8642,0.3355462506996717
1111,47.47706,11.05722,0.3375848534223759
570,27.9939,120.6748,0.3376199055355759
1358,40.24699,-76.846985,0.3378239613156176
1223,47.0677,8.30068,0.3395807203216966
152,32.2786,118.3244,0.3453126444823994
723,46.19583,6.240556,0.3461886319540592
580,30.4519,114.8858,0.3484103894882807
1441,31.188932,-85.423096,0.3517777636698324
257,45.3039,130.9429,0.3522247141073681
1306,44.70735,-89.77192,0.3522398539152309
901,48.68817,6.190431,0.3588749352346554
1360,40.107224,-74.882225,0.359711716821103
738,45.431539,28.054742,0.3606925302145991
919,48.376576,10.88837,0.361242230822792
692,47.660056,9.485675,0.3695846755024244
1392,38.71085,-90.47606,0.371613206525319
1193,42.39197569,2.842138412,0.3720066283505401
169,37.9251,102.6201,0.374679962988625
1125,47.565439,14.244676,0.3763685300987539
177,39.4467,76.0072,0.3772649323347892
250,50.2524,127.4833,0.3775303799404991
699,49.45165634,17.45415878,0.3780093253958725
467,29.334,120.04,0.3791209664997502
284,33.5039,119.135,0.3797674242238796
331,31.5475,120.354,0.38237164397687
884,59.20243,9.4871,0.382449668734171
17,41.0821,123.022,0.3827328230472648
239,46.6365,126.9785,0.3833983083531936
873,55.39638901,10.38917255,0.3839599288330413
1208,44.386558,23.733658,0.3865232392863909
1314,30.085262,-93.76134,0.3887478110129767
1004,51.52229,-0.125889,0.3909188872144703
1361,41.44278,-75.623055,0.3912263141735705
289,30.4183,120.3019,0.3921831816368921
906,46.08253,10.95804,0.392341531556834
571,25.0492,101.538,0.3950594385150082
476,46.7432,82.9994,0.3955669184877711
414,26.585,101.7169,0.3956454681118643
69,40.6655,122.167,0.3980810968642671
1237,41.9356664,2.238568301,0.4025642129116829
366,45.7667,126.635,0.4042257776425041
1406,41.644066,-83.54616,0.4045821543599686
197,38.2839,109.7289,0.4048604005027084
688,45.1828,5.7531,0.4049580621773293
189,31.1986,107.5082,0.4078494873203118
376,43.8463,125.2841,0.4085830821650996
444,25.2697,110.2819,0.4096431932270444
552,28.6542,121.419,0.4109200526285546
743,58.370556,26.734722,0.4109842633528687
62,30.7236,103.9728,0.4129425816226368
456,29.7178,118.327,0.4176427091008855
1131,46.112775,24.22805,0.4204908325251235
263,46.5656,131.12,0.4214402239235346
1455,38.23887,-82.9881,0.4224845031008583
343,32.1028,118.9125,0.4226701838526817
128,36.1937,117.1437,0.4237132432063643
1405,43.577602,-116.178154,0.424611504305851
896,43.1804,-2.2682,0.4253223990098225
203,43.9311,116.0781,0.4263131486936388
1186,44.564972,27.366081,0.4275583569664752
272,37.0886,114.4704,0.4287578331780416
143,32.6494,110.78,0.4287895383539367
1298,64.84569,-147.72742,0.4292348502710245
1145,50.42864609,14.91385937,0.4293487998638221
441,29.5102,106.5777,0.4301580576806361
1187,43.285,13.42861,0.4326510120239576
133,32.9917,112.5192,0.4328603477593093
1403,29.939613,-89.92388,0.4333109671052576
915,44.4122,8.1695,0.4342335532012813
49,33.737,113.2919,0.4398209938253888
413,28.7199,104.5742,0.4407169785904715
16,43.8358,126.5844,0.4411252568668115
620,27.7314,112.0194,0.4428679191138421
577,30.6558,104.0219,0.4469412564883643
364,38.9511,121.565,0.4471134549098198
277,39.5269,116.7244,0.4474402668928361
1354,40.814182,-79.56475,0.4479941485859555
922,47.649258,26.249011,0.4486984779602651
262,46.6554,131.1524,0.4487700601635535
761,47.751475,23.605325,0.449441693605892
1024,47.054443,-0.886111,0.4494893771924709
342,32.1065,118.8086,0.4513101641218857
1371,27.189215,-81.34035,0.4520027965517551
568,38.8959,115.5213,0.4530864754659859
818,45.772167,3.0875,0.4548658304958045
837,44.73473,9.36693,0.4594461601851791
618,28.4436,117.9756,0.4594624456648036
39,35.8735,120.0405,0.4603028945140331
645,36.7019,119.12,0.4622465254441598
1299,63.7232,-148.9676,0.4675893164116098
288,30.2692,120.1903,0.4680158789362096
728,49.442356,1.093789,0.4696282121582388
714,53.134088,17.995712,0.4711536033555378
238,50.2472,127.5291,0.4719281392347886
993,47.62,6.157611,0.4730765804919531
1220,43.25811,-2.97344,0.4789541571891405
1271,40.0877,-82.95977,0.4821290104108264
192,33.8715,109.9154,0.4822863919526947
40,32.1059,114.1099,0.4825475780008663
617,39.0845,117.1589,0.486103991021892
219,35.5051,112.85,0.4863539601518481
710,49.23290634,17.66717529,0.4908446438881199
1194,49.18742,6.910867,0.491694685161652
328,31.1654,121.412,0.4933167120540381
318,31.8403,117.1318,0.4946249579099391
1008,45.42009,4.395422,0.4963010465254095
324,40.8369,111.7516,0.4965569524287372
505,27.5721,109.5981,0.4969254312233679
202,41.2991,123.149,0.4976876430268199
124,35.4209,119.471,0.4981797992308883
1290,35.587143,-83.07416,0.5012617239902455
1309,45.56498,-88.80859,0.5056835790692998
769,41.47676936,2.088977264,0.5160152672544558
829,46.143173,-0.396042,0.5183321737620438
1052,57.70902,11.970241,0.5185089880631774
218,33.6406,114.6369,0.5213735277581832
496,26.5939,104.89,0.5221858661468636
8,44.5963,129.5904,0.5240730343521796
974,49.841221,7.866222,0.530411982196514
1107,50.6134125,5.570222814,0.5308168545022359
693,43.30277777,-1.98444444,0.5326240906132077
1126,49.079012,19.3025249,0.5326286614079644
1236,42.44,-2.239,0.5362658881755009
297,36.3083,120.3999,0.5366360187149996
602,44.0114,87.2997,0.5380639610860244
535,28.19,112.9394,0.5412344380152866
1264,35.10264,-85.16219,0.5417797364459888
609,23.7256,109.2203,0.5421357558427485
32,34.3672,107.1906,0.5455793602184454
158,33.8518,115.7789,0.5501896783774094
282,30.1808,120.0883,0.5516671034470247
614,32.1873,119.4424,0.5533255507679554
830,48.733256,19.115268,0.55346172843094
58,30.8064,106.056,0.554101460818325
1172,46.162556,-1.153603,0.5555639391042458
988,47.34414,0.653778,0.5580083315945378
170,35.5461,106.6692,0.5580302433653639
407,31.4741,104.7778,0.5608082386627947
352,32.1875,119.6707,0.5635233166411923
300,34.81334,113.56746,0.5636639086862391
910,49.20272446,16.61628723,0.5643408404494991
454,29.6963,118.2903,0.5724348852253314
198,32.6939,109.0281,0.5730933844182019
1215,53.694628,19.968892,0.5750161263181498
626,34.3497,107.2058,0.5787426314637557
1398,27.939747,-82.000084,0.5787653907565077
439,29.1217,110.5319,0.5793190559719777
1336,40.82799,-73.05754,0.5822168852426564
545,36.0621,114.4839,0.5838928271062193
707,43.230297,0.062339,0.5848731801927155
267,46.8028,130.2751,0.5868747358212201
415,28.9634,105.4324,0.5872740742714313
882,51.60308,4.781016,0.588935346847391
1385,38.11515,-86.60325,0.5920556737501139
1192,42.40538,1.13,0.5961948111897984
833,47.71611111,13.63222222,0.5966834315821553
1378,42.474644,-70.97082,0.6032904973668365
1428,30.260279,-81.45361,0.6033158846792094
108,37.8703,113.5614,0.605163224792373
292,37.8692,112.5369,0.6063365608651855
477,29.2617,117.1547,0.6068144948502078
637,36.913,121.531,0.6103719880345863
1060,46.564369,26.910667,0.611716994852187
385,40.3275,116.6275,0.6127396774109688
233,37.5136,111.1297,0.6127485353906018
248,30.8792,117.7439,0.6143890228388545
508,28.1308,112.8908,0.6162376932634585
651,23.1522,112.5544,0.6179782781703662
330,31.6219,120.275,0.6201464087648344
1204,41.886019,12.541618,0.6216801830853272
23,41.2864,123.7669,0.622035026807143
1430,38.85287,-77.63462,0.6243118585653784
1412,29.901035,-95.32613,0.6258734514331116
116,37.4451,116.2991,0.6303411135257877
347,32.0745,118.7794,0.6356059794191492
286,33.9528,118.293,0.6387909000397405
485,31.0201,103.6202,0.6398869376409722
1345,41.97639,-72.388054,0.64280272483118
713,53.028647,18.666103,0.6440223575710442
1170,43.5915,3.88681,0.6453652249869651
601,27.0803,114.9754,0.6549096536298068
755,51.259431,22.569133,0.6571396820901496
483,38.5167,102.1692,0.6581774583801641
616,38.0378,114.5481,0.6644950144141558
78,36.229,117.6795,0.6646960928566571
625,33.4022,120.118,0.6665314105248848
1133,49.07655,8.40666,0.6706008862033586
478,27.72,106.9178,0.6712994193161277
1408,40.3663,-80.6158,0.6730846989947523
110,42.2728,118.9576,0.6857624202561038
981,50.731478,13.75145,0.6909759892985948
229,35.0147,110.9956,0.6922122486996507
359,41.7406,123.505,0.6924977607278404
1202,42.284,21.2738,0.6977725404508164
1169,45.84299,13.54308,0.7017301540338914
67,40.7094,122.2703,0.7018756956949813
333,45.7478,126.593,0.7026783744413152
35,34.3617,108.7233,0.7037767903114279
168,37.9956,106.1856,0.704434045510056
491,43.941,81.3364,0.7068147081218674
427,30.6465,111.3549,0.7079775973922625
1151,51.939783,15.518861,0.708447075224845
429,36.0022,106.2792,0.712065150449509
1058,46.064275,23.563517,0.7138460400429032
70,40.0625,124.3303,0.7208951441051469
134,32.9735,112.5003,0.7222824504239209
724,43.32074,-3.11272,0.7241066661445543
406,30.1819,120.2697,0.7261786515215861
244,46.8032,130.3648,0.7264512020748406
893,45.7789,4.9247,0.7308051909069069
1091,46.708333,14.891667,0.7327800444715158
1142,46.632142,27.730886,0.7330484480517993
815,49.028057,2.750278,0.7346804374269263
1075,44.319639,28.610292,0.7346866477408128
1065,48.947611,13.420573,0.740379942313331
635,23.691,113.0426,0.7484586220878412
657,29.8279,106.3787,0.7487891462706551
1018,45.000278,9.009444,0.7496148494507434
1240,53.371306,-2.239218,0.7548642423151416
1033,45.038333,9.669167,0.7577659611835791
597,25.0441,101.5482,0.759300105571917
631,27.8614,112.9433,0.7649857455594433
90,36.1031,103.631,0.7664645373917319
469,30.8388,106.1087,0.769015418231838
447,31.388,120.953,0.7703549929084734
1103,47.4029,8.6134,0.7707967376340784
474,30.2111,120.2072,0.7724868130282976
987,49.052284,8.253538,0.7795329473738223
276,30.8669,120.0751,0.7820127107491797
715,43.6287,0.179069,0.7833445744529861
1219,47.60472222,15.67305556,0.7840876118991333
563,29.6038,115.9114,0.7849982078760535
867,51.207944,10.450997,0.786299042303409
517,27.5578,109.9972,0.7897008623758788
593,33.3663,120.1544,0.7914059586027713
638,23.0822,114.4053,0.7936975486403832
1233,47.30737,5.065881,0.7949663060358548
1162,45.96141,4.465711,0.7959201285468469
652,37.374,120.399,0.7990215449552033
630,27.9119,112.9074,0.8021679669405973
1167,44.92008,2.441082,0.8022570375767482
1093,49.107502,6.122775,0.8125264340880822
1225,41.31347521,2.013824628,0.8133099386841884
1228,46.9631,7.46252,0.8141519821862109
633,36.5819,101.834,0.8144343145971017
509,27.3125,105.2864,0.8181666552883166
589,41.0385,113.1076,0.8219253089179455
564,29.8566,114.2936,0.8246320516398689
316,31.7964,117.3027,0.837554623886163
585,31.2864,120.628,0.8384020167160944
410,27.9831,116.3544,0.8449254707416504
249,30.97,117.8483,0.8570015897050522
1178,40.39472222,-3.73194444,0.864179498064344
1229,47.3815,8.56592,0.8690729969216766
92,38.5036,106.1358,0.8754360686459697
47,35.2127,113.2269,0.8756560634316669
711,49.04781723,18.00782776,0.8823787485479526
542,27.7569,111.9561,0.8869612020704533
91,38.4975,106.2328,0.889307239842303
1158,51.748103,18.04931,0.8933519207025974
54,31.4535,104.7563,0.8936848686889411
955,47.4067,9.39438,0.9076822668438534
357,32.1328,119.4303,0.9184421348087096
1035,41.554167,14.674722,0.9190966496276574
1402,43.656765,-70.629135,0.9223390828824036
445,27.6253,113.8493,0.9226054303079632
1094,55.46333313,26.00416946,0.928324095596308
419,30.3119,120.1197,0.9440359229219188
1211,42.736572,11.87643,0.95094046637635
1076,47.3868,8.53981,0.963308874547533
611,36.5482,104.1465,0.9855087061697194
1200,43.89555,25.956575,0.9866175388725
